zone,prop_type,listing_type,furnishing,bhk,area,bathrooms,age,amenities_count,floor,total_floors,has_metro,price
Wakad,commercial,rent,semi-furnished,0,1147,1,18,4,0,1,1,77200
Hinjewadi,apartment,rent,unfurnished,3,1313,3,30,2,7,7,1,53600
Baner,apartment,rent,semi-furnished,5,2134,5,6,4,4,6,1,272100
Baner,apartment,rent,semi-furnished,3,1240,3,17,2,1,3,1,87700
Baner,villa,sale,fully-furnished,2,3288,2,30,4,1,4,1,26502500
Magarpatta,villa,rent,semi-furnished,2,2209,2,24,3,2,12,0,498900
Kondhwa,villa,rent,semi-furnished,4,2682,4,0,5,7,9,0,332200
Aundh,villa,sale,semi-furnished,2,2146,2,13,6,14,26,1,22745100
Viman Nagar,apartment,sale,fully-furnished,2,1322,2,4,8,2,7,1,15296900
Baner,commercial,rent,semi-furnished,0,5312,1,9,6,0,1,1,790600
Pisoli,house,sale,fully-furnished,2,873,2,24,2,1,3,0,3630200
Kharadi,apartment,sale,unfurnished,2,970,2,31,5,1,2,1,6626500
Chinchwad,commercial,sale,semi-furnished,0,1980,1,16,2,0,1,0,12731600
Koregaon Park,apartment,rent,semi-furnished,2,1353,2,22,3,10,15,0,83700
Baner,house,sale,fully-furnished,2,1092,2,8,6,4,5,1,12843700
Undri,apartment,sale,semi-furnished,3,1180,3,8,2,1,5,0,8189100
Undri,studio,rent,unfurnished,1,687,1,6,3,8,15,0,16500
Kharadi,apartment,rent,fully-furnished,3,1283,3,8,5,2,16,1,74000
Undri,apartment,rent,fully-furnished,4,1737,4,29,5,5,10,0,93200
Pimple Saudagar,commercial,sale,unfurnished,0,3089,1,15,4,0,1,0,29229300
Undri,studio,rent,unfurnished,1,363,1,13,1,2,11,0,10300
Pisoli,studio,rent,semi-furnished,1,473,1,4,8,3,9,0,10000
Koregaon Park,studio,sale,fully-furnished,1,487,1,20,8,3,11,0,6624300
Hinjewadi,apartment,rent,semi-furnished,2,1127,2,25,3,6,13,1,32200
Viman Nagar,apartment,rent,fully-furnished,3,1137,3,28,9,1,6,1,81600
Undri,plot,sale,semi-furnished,0,4112,1,0,2,0,1,0,15672100
Koregaon Park,plot,sale,semi-furnished,0,2529,1,30,6,0,1,0,16688100
Magarpatta,apartment,rent,unfurnished,1,605,1,27,7,11,14,0,14600
Baner,studio,sale,unfurnished,1,738,1,22,8,2,9,1,5386100
Pimple Saudagar,apartment,sale,fully-furnished,3,1171,3,25,6,5,9,0,9961400
Bavdhan,studio,sale,fully-furnished,1,537,1,21,6,0,4,0,3944000
Hinjewadi,apartment,sale,semi-furnished,5,2055,5,3,4,6,8,1,23152200
Koregaon Park,commercial,rent,unfurnished,0,338,1,18,9,0,1,0,92100
Aundh,apartment,sale,semi-furnished,1,806,1,23,5,0,13,1,7083900
Pimple Saudagar,villa,rent,semi-furnished,5,2459,5,7,3,1,17,0,280300
Balewadi,apartment,rent,semi-furnished,4,1603,4,28,3,0,5,0,119000
Magarpatta,villa,rent,unfurnished,2,3530,2,31,5,6,8,0,730500
Wanowrie,apartment,rent,semi-furnished,3,1432,3,16,2,3,7,0,69600
Pimpri,commercial,rent,semi-furnished,0,2828,1,2,5,0,1,0,345200
Baner,commercial,rent,unfurnished,0,5602,1,25,5,0,1,1,361400
Pimple Saudagar,plot,sale,unfurnished,0,1229,1,9,3,0,1,0,5940800
Undri,apartment,sale,semi-furnished,4,1627,4,5,0,14,15,0,11080100
Wagholi,villa,sale,semi-furnished,2,3834,2,9,1,3,8,0,24968100
Viman Nagar,apartment,rent,fully-furnished,3,1290,3,16,7,4,10,1,97400
Pimpri,apartment,rent,unfurnished,4,1660,4,4,3,8,14,0,72100
Kharadi,studio,rent,semi-furnished,1,620,1,15,8,9,11,1,27000
Pimpri,plot,sale,semi-furnished,0,1820,1,27,0,0,1,0,7596200
Baner,apartment,sale,unfurnished,2,1310,2,15,2,1,13,1,11395100
Kalyani Nagar,plot,rent,unfurnished,0,2409,1,21,7,0,1,0,83000
Wakad,commercial,rent,fully-furnished,0,2944,1,2,5,0,1,1,245900
Magarpatta,house,rent,semi-furnished,3,1194,3,20,7,2,4,0,70800
Balewadi,apartment,rent,fully-furnished,1,280,1,2,4,5,15,0,15100
Chinchwad,apartment,rent,semi-furnished,2,1251,2,13,2,5,5,0,35300
Kothrud,commercial,rent,semi-furnished,0,3440,1,18,4,0,1,1,433000
Kharadi,house,sale,semi-furnished,4,1617,4,27,6,1,2,1,14895400
Aundh,apartment,sale,unfurnished,2,801,2,23,5,10,14,1,5852900
Aundh,apartment,sale,unfurnished,2,853,2,20,3,11,18,1,8052300
Baner,apartment,sale,semi-furnished,1,782,1,14,7,3,3,1,7775700
Kalyani Nagar,apartment,rent,fully-furnished,2,901,2,21,4,13,13,0,50500
Pimple Saudagar,house,sale,unfurnished,3,1315,3,14,4,0,4,0,7091400
Shivajinagar,apartment,rent,fully-furnished,1,409,1,12,7,2,18,1,29300
Aundh,apartment,rent,fully-furnished,3,1576,3,9,8,1,5,1,98500
Kothrud,apartment,sale,semi-furnished,4,1582,4,29,0,6,7,1,12280500
Koregaon Park,house,sale,unfurnished,3,1453,3,14,7,7,7,0,21163900
Bavdhan,house,rent,semi-furnished,2,922,2,25,3,0,6,0,21400
Shivajinagar,villa,rent,fully-furnished,1,3334,1,12,7,1,6,1,929500
Pimple Saudagar,villa,sale,unfurnished,3,4472,3,2,1,11,12,0,39417200
Chinchwad,apartment,rent,fully-furnished,2,1015,2,21,2,11,12,0,34800
Viman Nagar,apartment,rent,semi-furnished,2,1156,2,24,6,7,7,1,77900
Wakad,apartment,sale,fully-furnished,2,1058,2,22,4,2,6,1,8450700
Magarpatta,apartment,sale,fully-furnished,3,1617,3,26,4,0,7,0,13174400
Bavdhan,house,sale,unfurnished,3,1605,3,21,2,4,16,0,8817500
Kharadi,apartment,rent,unfurnished,3,1617,3,26,6,1,4,1,74000
Hinjewadi,apartment,sale,unfurnished,3,1261,3,7,2,4,18,1,10218900
Bavdhan,apartment,rent,semi-furnished,2,1033,2,21,3,3,6,0,31700
Viman Nagar,commercial,rent,semi-furnished,0,3649,1,20,9,0,1,1,317500
Baner,house,rent,unfurnished,2,719,2,26,0,2,2,1,28800
Viman Nagar,apartment,sale,semi-furnished,4,1814,4,21,3,0,6,1,17048000
Camp,commercial,sale,semi-furnished,0,740,1,28,3,0,1,0,4549600
Hinjewadi,apartment,sale,fully-furnished,2,1406,2,28,1,17,22,1,8486600
Hinjewadi,studio,sale,semi-furnished,1,443,1,18,0,6,8,1,2856000
Pimpri,apartment,sale,semi-furnished,2,1168,2,0,5,2,2,0,9125100
Aundh,apartment,sale,fully-furnished,2,780,2,1,6,15,16,1,11233800
Wakad,studio,sale,unfurnished,1,333,1,1,8,10,11,1,3547600
Balewadi,apartment,rent,unfurnished,3,1534,3,1,0,5,8,0,72800
Kondhwa,apartment,rent,fully-furnished,2,988,2,16,0,8,11,0,21100
Balewadi,apartment,rent,fully-furnished,2,902,2,10,3,9,10,0,53600
Kothrud,apartment,rent,semi-furnished,3,1356,3,11,6,9,9,1,112100
Wagholi,apartment,sale,semi-furnished,1,783,1,18,1,4,10,0,3255100
Undri,apartment,rent,fully-furnished,3,1287,3,23,4,0,10,0,56700
Balewadi,villa,sale,fully-furnished,4,2463,4,8,9,8,10,0,35122000
Bavdhan,villa,sale,unfurnished,1,3490,1,16,1,1,3,0,23697200
Pimpri,house,rent,fully-furnished,3,1317,3,17,3,1,2,0,57900
Koregaon Park,studio,sale,semi-furnished,1,304,1,14,6,1,4,0,4271900
Wakad,house,rent,unfurnished,2,1394,2,13,5,0,2,1,50400
Kalyani Nagar,studio,sale,fully-furnished,1,481,1,16,6,12,20,0,6740900
Kothrud,plot,rent,unfurnished,0,707,1,9,4,0,1,1,24700
Pimpri,apartment,sale,unfurnished,1,685,1,15,1,6,7,0,3719300
Kharadi,house,sale,semi-furnished,2,1081,2,4,6,0,9,1,10001000
Wakad,apartment,rent,fully-furnished,2,1049,2,30,5,1,9,1,54000
Camp,commercial,sale,fully-furnished,0,3985,1,20,4,0,1,0,37085000
Koregaon Park,commercial,rent,fully-furnished,0,3871,1,22,9,0,1,0,496700
Pashan,apartment,rent,unfurnished,2,1424,2,13,6,7,9,0,55700
Balewadi,apartment,rent,fully-furnished,4,1717,4,4,7,3,5,0,178500
Wakad,apartment,rent,semi-furnished,1,815,1,4,2,2,10,1,27000
Hadapsar,apartment,rent,semi-furnished,2,1043,2,7,3,0,6,0,26800
Hinjewadi,apartment,rent,unfurnished,3,1345,3,12,2,4,9,1,61200
Shivajinagar,apartment,rent,fully-furnished,2,1034,2,16,7,7,8,1,53400
Hadapsar,apartment,sale,unfurnished,2,936,2,14,5,1,10,0,5029100
Pimpri,apartment,rent,semi-furnished,2,894,2,26,6,6,11,0,25000
Kalyani Nagar,house,sale,fully-furnished,2,1122,2,2,6,2,3,0,17652800
Hadapsar,apartment,rent,fully-furnished,2,1077,2,4,3,0,3,0,45100
Pimple Saudagar,apartment,sale,fully-furnished,3,1373,3,23,2,10,14,0,9984800
Chinchwad,apartment,rent,fully-furnished,3,1392,3,2,4,3,6,0,68000
Chinchwad,apartment,sale,unfurnished,3,1053,3,8,4,5,9,0,5432000
Kothrud,apartment,rent,semi-furnished,2,918,2,30,0,8,14,1,47400
Undri,house,sale,semi-furnished,1,689,1,21,0,1,6,0,2378400
Hinjewadi,apartment,sale,semi-furnished,1,657,1,1,1,9,14,1,5663600
Camp,apartment,rent,semi-furnished,1,1016,1,7,5,3,10,0,34400
Hinjewadi,house,sale,fully-furnished,3,1274,3,2,5,11,18,1,14195700
Baner,apartment,rent,unfurnished,5,1744,5,22,3,3,7,1,189800
Magarpatta,studio,sale,fully-furnished,1,503,1,9,5,1,3,0,4653900
Koregaon Park,apartment,sale,fully-furnished,3,1223,3,3,10,11,14,0,27463500
Koregaon Park,plot,rent,semi-furnished,0,3791,1,31,10,0,1,0,262200
Kondhwa,studio,rent,unfurnished,1,372,1,17,0,2,16,0,13000
Kondhwa,apartment,rent,semi-furnished,2,530,2,5,3,0,2,0,19700
Pimple Saudagar,apartment,sale,semi-furnished,2,1067,2,1,2,3,18,0,9625100
Chinchwad,apartment,sale,unfurnished,2,622,2,29,3,7,9,0,2253600
Kothrud,studio,sale,unfurnished,1,467,1,16,9,6,7,1,5215400
Undri,apartment,sale,unfurnished,1,820,1,28,3,0,3,0,3020600
Pimpri,apartment,sale,unfurnished,2,1164,2,30,3,6,10,0,3935100
Aundh,apartment,sale,semi-furnished,3,1420,3,17,2,12,12,1,12723300
Pimple Saudagar,plot,sale,semi-furnished,0,4287,1,25,2,0,1,0,17364800
Baner,house,rent,fully-furnished,1,801,1,13,5,1,18,1,19100
Chinchwad,apartment,rent,semi-furnished,4,1681,4,8,5,5,11,0,85700
Hinjewadi,studio,rent,fully-furnished,1,470,1,10,5,2,2,1,18900
Koregaon Park,apartment,sale,semi-furnished,3,1131,3,16,2,1,2,0,16576500
Kalyani Nagar,villa,rent,semi-furnished,2,3487,2,15,6,3,10,0,596200
Kothrud,house,rent,semi-furnished,4,1574,4,10,5,0,3,1,133500
Hinjewadi,apartment,sale,unfurnished,2,1174,2,2,1,5,5,1,9490500
Bavdhan,apartment,sale,unfurnished,2,825,2,12,4,0,7,0,4524100
Magarpatta,apartment,rent,semi-furnished,3,1205,3,9,5,11,11,0,89100
Baner,apartment,rent,semi-furnished,3,1260,3,25,6,2,5,1,74200
Undri,studio,rent,fully-furnished,1,475,1,4,0,1,12,0,12500
Pimple Saudagar,villa,sale,semi-furnished,2,3191,2,8,0,1,17,0,19651400
Balewadi,villa,rent,semi-furnished,2,3529,2,3,3,6,12,0,904500
Wanowrie,apartment,rent,semi-furnished,2,741,2,6,0,1,10,0,21300
Aundh,apartment,rent,unfurnished,3,1112,3,25,6,11,16,1,58400
Aundh,villa,rent,semi-furnished,1,3190,1,12,5,15,16,1,785200
Wakad,apartment,rent,unfurnished,2,996,2,29,5,7,7,1,26600
Koregaon Park,house,rent,unfurnished,3,1267,3,7,6,7,7,0,104600
Kharadi,apartment,sale,unfurnished,2,791,2,1,1,10,10,1,7162200
Hadapsar,apartment,rent,fully-furnished,2,1065,2,27,5,0,8,0,38800
Viman Nagar,house,sale,fully-furnished,4,1722,4,19,8,2,7,1,25668400
Camp,studio,sale,fully-furnished,1,608,1,24,5,2,2,0,5827500
Kharadi,villa,rent,unfurnished,2,2054,2,20,4,3,9,1,243300
Viman Nagar,commercial,sale,fully-furnished,0,2736,1,12,8,0,1,1,34131700
Koregaon Park,apartment,rent,semi-furnished,2,760,2,24,7,8,10,0,50400
Pimple Saudagar,apartment,sale,fully-furnished,2,1098,2,0,1,0,10,0,9336700
Baner,apartment,sale,semi-furnished,4,1777,4,30,6,2,3,1,17138200
Magarpatta,apartment,sale,semi-furnished,5,1827,5,20,4,6,7,0,19753900
Kothrud,apartment,rent,semi-furnished,2,750,2,10,3,6,15,1,35000
Viman Nagar,apartment,rent,unfurnished,3,1389,3,28,9,12,17,1,91300
Viman Nagar,apartment,rent,fully-furnished,3,1274,3,17,6,1,20,1,97600
Wakad,apartment,sale,fully-furnished,2,994,2,7,5,7,8,1,10926100
Boat Club Road,apartment,sale,semi-furnished,2,806,2,4,3,15,15,0,13252500
Wakad,apartment,sale,fully-furnished,3,1154,3,8,3,1,12,1,14301000
Hinjewadi,apartment,sale,unfurnished,2,1007,2,31,4,0,5,1,5521300
Wagholi,apartment,sale,semi-furnished,2,1104,2,29,3,2,11,0,4724200
Pisoli,studio,sale,fully-furnished,1,483,1,12,3,6,11,0,3456600
Aundh,apartment,sale,fully-furnished,4,1691,4,26,3,6,9,1,18637100
Undri,house,sale,semi-furnished,2,1101,2,28,0,8,10,0,4175400
Wanowrie,apartment,sale,unfurnished,2,962,2,9,1,0,3,0,6101600
Shivajinagar,studio,sale,semi-furnished,1,527,1,21,9,11,11,1,5960200
Shivajinagar,apartment,rent,semi-furnished,2,918,2,23,5,4,4,1,49500
Aundh,house,sale,unfurnished,3,1235,3,16,2,5,7,1,13379800
Bavdhan,apartment,sale,semi-furnished,1,1142,1,18,2,0,13,0,5957100
Aundh,apartment,rent,fully-furnished,5,2029,5,18,4,0,4,1,275100
Pimple Saudagar,apartment,sale,semi-furnished,3,1125,3,3,6,2,3,0,10744300
Wakad,house,sale,semi-furnished,3,1222,3,17,2,5,12,1,8852900
Balewadi,apartment,sale,fully-furnished,2,1185,2,28,4,0,2,0,5934900
Pimple Saudagar,apartment,sale,unfurnished,3,793,3,24,2,0,7,0,4062700
Wanowrie,studio,rent,unfurnished,1,489,1,27,2,5,5,0,12200
Baner,apartment,rent,semi-furnished,3,1306,3,23,3,10,10,1,77100
Viman Nagar,villa,sale,semi-furnished,4,2846,4,6,8,7,15,1,40931400
Balewadi,house,rent,unfurnished,3,1362,3,18,2,11,11,0,64900
Hinjewadi,apartment,sale,unfurnished,2,1036,2,16,5,6,15,1,5171900
Bavdhan,villa,sale,semi-furnished,2,3105,2,1,4,6,9,0,39151900
Magarpatta,apartment,sale,fully-furnished,2,883,2,19,3,14,17,0,7860800
Baner,plot,rent,fully-furnished,0,1650,1,8,8,0,1,1,89400
Magarpatta,villa,sale,semi-furnished,2,3685,2,6,4,1,15,0,42411900
Kalyani Nagar,apartment,sale,unfurnished,1,918,1,4,5,14,15,0,11284500
Baner,plot,sale,semi-furnished,0,3054,1,1,6,0,1,1,23042900
Wagholi,apartment,rent,unfurnished,2,828,2,3,3,0,5,0,24300
Wakad,commercial,rent,semi-furnished,0,1204,1,5,5,0,1,1,89900
Kalyani Nagar,apartment,rent,unfurnished,2,1087,2,5,6,2,4,0,66700
Wagholi,studio,sale,unfurnished,1,513,1,29,3,7,12,0,1733900
Kalyani Nagar,studio,sale,fully-furnished,1,421,1,10,8,16,16,0,7903300
Undri,apartment,rent,semi-furnished,2,787,2,7,5,0,12,0,19100
Undri,apartment,rent,semi-furnished,2,819,2,2,1,3,7,0,28000
Pimpri,plot,rent,fully-furnished,0,3525,1,17,4,0,1,0,95400
Koregaon Park,apartment,sale,semi-furnished,2,828,2,18,6,7,7,0,10431100
Koregaon Park,commercial,sale,semi-furnished,0,5843,1,2,8,0,1,0,119860800
Koregaon Park,commercial,rent,semi-furnished,0,5019,1,27,5,0,1,0,1202300
Baner,apartment,sale,unfurnished,1,383,1,13,6,2,2,1,3674900
Shivajinagar,villa,sale,fully-furnished,4,1961,4,23,4,13,13,1,24207700
Pimple Saudagar,apartment,rent,semi-furnished,3,1164,3,11,1,0,11,0,58700
Kalyani Nagar,commercial,sale,semi-furnished,0,722,1,21,9,0,1,0,8163800
Kothrud,plot,sale,semi-furnished,0,3377,1,19,6,0,1,1,26870800
Aundh,apartment,sale,fully-furnished,5,1768,5,26,3,6,10,1,23780500
Wakad,plot,sale,unfurnished,0,3257,1,26,4,0,1,1,11712800
Chinchwad,apartment,sale,unfurnished,3,1149,3,12,1,0,15,0,5802500
Baner,apartment,sale,semi-furnished,3,1396,3,10,10,0,7,1,17598300
Viman Nagar,apartment,sale,fully-furnished,2,928,2,0,5,7,17,1,11882800
Wagholi,studio,rent,semi-furnished,1,451,1,12,3,3,8,0,14300
Wakad,apartment,sale,unfurnished,2,976,2,25,5,1,15,1,5174800
Aundh,studio,sale,semi-furnished,1,520,1,27,6,4,12,1,3455600
Wagholi,apartment,sale,unfurnished,1,384,1,0,1,4,9,0,1704000
Viman Nagar,villa,sale,fully-furnished,3,3129,3,17,8,0,6,1,43080100
Hinjewadi,house,sale,fully-furnished,3,982,3,15,1,7,9,1,8645500
Wakad,apartment,sale,unfurnished,4,1446,4,28,4,2,2,1,11170700
Hinjewadi,apartment,sale,semi-furnished,3,1016,3,19,5,3,17,1,9441600
Camp,commercial,sale,fully-furnished,0,3308,1,12,4,0,1,0,39200300
Koregaon Park,apartment,sale,unfurnished,3,985,3,4,6,3,7,0,15490700
Hinjewadi,plot,rent,fully-furnished,0,4929,1,12,0,0,1,1,155400
Koregaon Park,commercial,rent,fully-furnished,0,2997,1,12,10,0,1,0,576400
Undri,apartment,sale,unfurnished,2,969,2,11,2,3,13,0,4289000
Hinjewadi,villa,sale,semi-furnished,3,1200,3,16,2,5,5,1,13239000
Magarpatta,studio,sale,semi-furnished,1,496,1,3,3,12,18,0,5521600
Pimple Saudagar,apartment,rent,semi-furnished,1,624,1,25,6,11,11,0,16800
Wanowrie,apartment,sale,semi-furnished,2,673,2,26,6,1,2,0,5310400
Bavdhan,plot,sale,semi-furnished,0,3249,1,14,4,0,1,0,16813200
Baner,apartment,rent,semi-furnished,4,1595,4,12,7,5,14,1,162700
Pashan,studio,rent,unfurnished,1,402,1,1,2,14,16,0,12900
Chinchwad,apartment,rent,unfurnished,1,667,1,4,2,4,6,0,13000
Hadapsar,house,rent,semi-furnished,1,967,1,13,1,1,2,0,8500
Hinjewadi,villa,rent,semi-furnished,3,3073,3,16,4,15,17,1,519500
Kharadi,apartment,rent,semi-furnished,2,949,2,22,7,5,9,1,46200
Hinjewadi,apartment,sale,semi-furnished,5,1632,5,24,5,6,6,1,16691300
Kharadi,apartment,rent,semi-furnished,1,491,1,27,6,6,6,1,11600
Magarpatta,villa,sale,fully-furnished,2,1516,2,17,4,8,12,0,19195300
Shivajinagar,apartment,sale,semi-furnished,1,861,1,22,4,5,5,1,10108200
Baner,house,sale,unfurnished,2,1131,2,11,4,2,14,1,9589100
Pimple Saudagar,plot,sale,fully-furnished,0,992,1,25,3,0,1,0,4146500
Pimpri,house,rent,unfurnished,2,969,2,23,3,4,4,0,29300
Pimple Saudagar,studio,rent,unfurnished,1,300,1,31,2,1,2,0,7000
Aundh,house,sale,fully-furnished,2,610,2,1,7,10,13,1,7325900
Shivajinagar,studio,rent,fully-furnished,1,490,1,7,6,5,16,1,37200
Aundh,apartment,rent,unfurnished,4,1461,4,24,2,4,12,1,117700
Balewadi,house,sale,semi-furnished,2,960,2,14,0,3,13,0,6830100
Koregaon Park,apartment,rent,semi-furnished,3,1499,3,14,5,3,7,0,119200
Viman Nagar,apartment,rent,fully-furnished,2,1176,2,25,5,11,13,1,50000
Koregaon Park,apartment,rent,fully-furnished,4,1740,4,7,8,7,7,0,240100
Kalyani Nagar,apartment,sale,semi-furnished,3,1184,3,25,6,10,20,0,13402100
Pimpri,apartment,sale,unfurnished,2,1060,2,9,1,4,4,0,5172700
Hadapsar,studio,sale,semi-furnished,1,418,1,19,0,14,16,0,1922700
Kalyani Nagar,studio,rent,fully-furnished,1,342,1,23,6,0,2,0,30500
Pimpri,commercial,rent,fully-furnished,0,4624,1,13,0,0,1,0,471500
Koregaon Park,apartment,sale,unfurnished,1,770,1,27,7,3,6,0,7103700
Pimpri,commercial,rent,fully-furnished,0,3524,1,10,4,0,1,0,243700
Camp,apartment,sale,unfurnished,3,1161,3,16,7,1,10,0,11071000
Chinchwad,apartment,rent,fully-furnished,2,956,2,16,0,5,11,0,21800
Undri,villa,rent,fully-furnished,2,3756,2,20,3,1,6,0,343800
Kharadi,house,sale,unfurnished,2,1629,2,6,2,0,3,1,9555800
Koregaon Park,apartment,sale,unfurnished,3,978,3,0,10,4,6,0,15267600
Chinchwad,apartment,rent,fully-furnished,2,804,2,3,4,2,2,0,37900
Wakad,apartment,rent,unfurnished,2,1255,2,22,3,3,8,1,14200
Baner,apartment,sale,semi-furnished,1,441,1,25,7,2,10,1,3627700
Kalyani Nagar,house,sale,fully-furnished,3,1500,3,1,6,7,10,0,29750900
Hinjewadi,commercial,sale,semi-furnished,0,3309,1,28,4,0,1,1,9946500
Koregaon Park,commercial,sale,semi-furnished,0,1997,1,2,5,0,1,0,23649900
Shivajinagar,studio,sale,fully-furnished,1,585,1,4,7,13,14,1,9550200
Viman Nagar,apartment,rent,semi-furnished,2,1045,2,7,10,6,7,1,60500
Wanowrie,apartment,sale,semi-furnished,2,941,2,16,7,0,2,0,6742200
Viman Nagar,villa,rent,semi-furnished,2,2765,2,1,7,10,15,1,842500
Hadapsar,apartment,sale,fully-furnished,2,933,2,19,2,14,15,0,6484800
Pimple Saudagar,villa,sale,semi-furnished,2,3355,2,16,2,3,9,0,28973700
Magarpatta,apartment,rent,semi-furnished,3,989,3,15,3,2,8,0,59700
Pimpri,apartment,rent,fully-furnished,3,1041,3,21,5,6,15,0,55500
Hinjewadi,commercial,rent,fully-furnished,0,3860,1,19,2,0,1,1,366300
Magarpatta,apartment,sale,semi-furnished,3,1529,3,13,3,0,2,0,13317800
Hinjewadi,apartment,rent,semi-furnished,1,787,1,12,2,6,13,1,24300
Baner,apartment,rent,unfurnished,2,908,2,24,1,9,9,1,34200
Baner,commercial,sale,semi-furnished,0,4492,1,25,2,0,1,1,41720500
Kharadi,apartment,rent,semi-furnished,3,1454,3,5,9,6,10,1,91200
Camp,commercial,sale,semi-furnished,0,4250,1,18,7,0,1,0,60373600
Balewadi,apartment,rent,unfurnished,3,1457,3,8,8,1,2,0,81000
Undri,commercial,sale,unfurnished,0,5682,1,21,4,0,1,0,38149000
Wakad,apartment,rent,semi-furnished,4,1746,4,9,5,9,15,1,130400
Shivajinagar,apartment,rent,semi-furnished,3,1441,3,20,6,3,9,1,115500
Pimple Saudagar,studio,sale,semi-furnished,1,656,1,9,5,0,5,0,5177500
Hadapsar,apartment,rent,unfurnished,2,955,2,17,4,10,13,0,32300
Kothrud,apartment,sale,fully-furnished,2,671,2,23,4,0,12,1,4866100
Balewadi,commercial,sale,fully-furnished,0,2708,1,28,7,0,1,0,42224400
Balewadi,apartment,rent,semi-furnished,3,1695,3,10,3,7,15,0,94400
Pimple Saudagar,studio,rent,unfurnished,1,445,1,10,4,1,3,0,16900
Kharadi,apartment,sale,fully-furnished,1,601,1,17,7,4,13,1,5041600
Viman Nagar,apartment,sale,semi-furnished,4,1722,4,2,8,9,9,1,30336200
Magarpatta,apartment,sale,fully-furnished,3,1408,3,31,4,0,12,0,12266900
Kharadi,commercial,rent,unfurnished,0,2508,1,18,4,0,1,1,286900
Kharadi,house,rent,semi-furnished,2,961,2,8,4,12,12,1,31900
Bavdhan,apartment,sale,semi-furnished,3,1327,3,11,5,0,3,0,10371400
Hinjewadi,apartment,rent,fully-furnished,2,1201,2,1,6,13,22,1,55900
Camp,apartment,sale,semi-furnished,3,1356,3,8,5,2,2,0,13141700
Pashan,apartment,rent,unfurnished,2,1402,2,28,7,0,4,0,47200
Kharadi,commercial,sale,fully-furnished,0,3195,1,12,6,0,1,1,32811800
Baner,apartment,sale,unfurnished,3,1301,3,14,3,8,8,1,12789200
Shivajinagar,studio,rent,semi-furnished,1,473,1,11,7,13,15,1,24900
Kharadi,house,sale,semi-furnished,1,1006,1,17,2,7,9,1,7161700
Pisoli,apartment,sale,fully-furnished,1,580,1,1,3,3,11,0,3598900
Chinchwad,villa,sale,unfurnished,2,2362,2,29,2,2,2,0,9723800
Aundh,studio,sale,unfurnished,1,479,1,27,9,6,6,1,3921000
Koregaon Park,villa,sale,semi-furnished,2,3736,2,19,4,11,12,0,48425100
Shivajinagar,apartment,sale,fully-furnished,3,1345,3,2,7,9,17,1,21126400
Kothrud,studio,sale,semi-furnished,1,401,1,7,6,0,3,1,4090600
Baner,apartment,rent,semi-furnished,2,1040,2,11,4,1,2,1,29000
Kondhwa,apartment,rent,unfurnished,4,1364,4,12,5,3,9,0,83700
Hadapsar,apartment,rent,fully-furnished,2,1133,2,0,4,6,7,0,36000
Balewadi,apartment,rent,fully-furnished,3,1377,3,24,5,7,13,0,87900
Aundh,apartment,rent,fully-furnished,3,1418,3,2,7,0,9,1,100800
Pimpri,plot,rent,semi-furnished,0,660,1,27,0,0,1,0,22500
Koregaon Park,house,rent,fully-furnished,1,759,1,2,9,9,9,0,47900
Wakad,apartment,rent,fully-furnished,3,1352,3,15,2,13,13,1,82200
Wakad,studio,rent,semi-furnished,1,469,1,21,0,8,13,1,21700
Kharadi,commercial,rent,semi-furnished,0,5215,1,23,8,0,1,1,475800
Pashan,studio,sale,unfurnished,1,623,1,14,8,1,3,0,5903400
Camp,apartment,rent,semi-furnished,3,1384,3,29,5,9,11,0,97400
Wakad,apartment,rent,unfurnished,4,1935,4,7,8,7,18,1,147900
Baner,plot,rent,unfurnished,0,3638,1,10,5,0,1,1,111400
Pisoli,apartment,rent,unfurnished,3,1355,3,22,4,4,12,0,43200
Kalyani Nagar,apartment,sale,fully-furnished,3,1272,3,17,5,2,4,0,16980300
Pimple Saudagar,apartment,sale,unfurnished,2,988,2,23,3,7,7,0,5304700
Hinjewadi,apartment,sale,unfurnished,2,917,2,4,3,13,14,1,8637700
Viman Nagar,villa,sale,unfurnished,3,2733,3,16,3,9,11,1,30101700
Hadapsar,apartment,sale,semi-furnished,3,1639,3,7,4,4,4,0,13132200
Chinchwad,plot,sale,unfurnished,0,2753,1,15,4,0,1,0,14108700
Pashan,studio,sale,fully-furnished,1,537,1,26,3,4,7,0,4024000
Pisoli,house,sale,fully-furnished,2,952,2,27,5,2,2,0,5429900
Viman Nagar,villa,sale,unfurnished,2,3109,2,21,6,7,16,1,42023500
Wakad,house,sale,fully-furnished,4,1842,4,28,3,0,7,1,16017700
Koregaon Park,apartment,sale,semi-furnished,3,1430,3,9,9,12,12,0,27254400
Baner,apartment,rent,unfurnished,2,1025,2,26,6,6,11,1,42400
Koregaon Park,house,rent,semi-furnished,3,1649,3,12,7,5,7,0,164200
Pimple Saudagar,studio,rent,unfurnished,1,378,1,14,4,4,10,0,16900
Koregaon Park,apartment,rent,semi-furnished,3,1030,3,14,6,7,17,0,94300
Balewadi,apartment,sale,fully-furnished,2,903,2,16,5,4,11,0,7058400
Magarpatta,commercial,sale,unfurnished,0,360,1,31,3,0,1,0,2211000
Balewadi,apartment,sale,semi-furnished,2,1021,2,26,4,5,17,0,7637300
Hinjewadi,studio,rent,semi-furnished,1,567,1,3,2,6,14,1,24800
Pimple Saudagar,house,sale,unfurnished,2,1003,2,11,3,3,7,0,5558600
Baner,apartment,sale,semi-furnished,2,884,2,30,1,1,2,1,6298900
Kalyani Nagar,plot,rent,unfurnished,0,1379,1,23,8,0,1,0,77200
Koregaon Park,apartment,sale,semi-furnished,2,1167,2,19,6,0,5,0,14469900
Pimple Saudagar,studio,rent,semi-furnished,1,522,1,20,3,5,11,0,24700
Pashan,commercial,sale,fully-furnished,0,3885,1,23,5,0,1,0,24217900
Wagholi,apartment,rent,semi-furnished,4,1667,4,22,5,1,6,0,97200
Hinjewadi,apartment,rent,fully-furnished,1,486,1,23,7,4,10,1,14000
Kalyani Nagar,villa,rent,unfurnished,3,2133,3,25,7,12,13,0,647800
Baner,apartment,rent,unfurnished,3,1206,3,30,4,6,10,1,68100
Baner,commercial,rent,unfurnished,0,4210,1,9,5,0,1,1,447800
Kharadi,apartment,sale,fully-furnished,2,726,2,5,0,3,3,1,7450100
Hadapsar,house,sale,semi-furnished,2,1034,2,24,3,9,13,0,5311100
Wakad,apartment,rent,fully-furnished,3,1248,3,31,5,10,10,1,65000
Koregaon Park,studio,rent,unfurnished,1,540,1,11,7,0,12,0,39300
Wagholi,commercial,sale,fully-furnished,0,3307,1,31,1,0,1,0,17924100
Wakad,apartment,sale,fully-furnished,1,474,1,12,4,7,7,1,4574800
Kharadi,house,rent,unfurnished,4,1866,4,2,7,1,8,1,125300
Aundh,apartment,rent,fully-furnished,2,1027,2,25,7,6,8,1,53900
Kharadi,apartment,sale,semi-furnished,2,974,2,23,5,8,9,1,7608800
Baner,plot,rent,semi-furnished,0,1182,1,21,3,0,1,1,59000
Chinchwad,apartment,rent,semi-furnished,3,1389,3,14,0,6,9,0,32000
Wakad,apartment,sale,semi-furnished,3,1158,3,8,4,2,7,1,10523400
Koregaon Park,house,rent,unfurnished,2,893,2,10,6,2,9,0,51900
Koregaon Park,villa,sale,fully-furnished,2,2867,2,12,5,9,9,0,56178800
Balewadi,studio,sale,fully-furnished,1,584,1,7,0,0,9,0,4678200
Baner,apartment,sale,unfurnished,1,430,1,22,6,12,13,1,2955300
Pisoli,house,rent,semi-furnished,3,1047,3,20,3,3,13,0,41900
Magarpatta,house,sale,semi-furnished,2,1069,2,29,4,12,17,0,6484600
Baner,commercial,sale,semi-furnished,0,2043,1,8,4,0,1,1,13727700
Baner,studio,rent,semi-furnished,1,462,1,19,7,5,12,1,35300
Aundh,apartment,sale,fully-furnished,2,1108,2,24,7,20,21,1,11384100
Wanowrie,apartment,sale,semi-furnished,3,1710,3,6,3,0,10,0,13527200
Viman Nagar,apartment,rent,semi-furnished,2,844,2,31,0,1,5,1,35100
Kondhwa,villa,sale,unfurnished,2,3278,2,0,2,9,16,0,28726400
Balewadi,studio,sale,unfurnished,1,434,1,15,5,1,8,0,2264200
Wakad,apartment,sale,semi-furnished,3,1298,3,1,7,1,17,1,10593900
Aundh,commercial,sale,fully-furnished,0,3567,1,28,4,0,1,1,32372100
Magarpatta,house,sale,fully-furnished,4,1643,4,12,4,3,11,0,15080400
Kothrud,apartment,rent,semi-furnished,3,1461,3,15,3,7,13,1,73900
Viman Nagar,apartment,sale,semi-furnished,4,1656,4,16,6,3,6,1,20911300
Aundh,apartment,sale,fully-furnished,1,795,1,13,1,7,10,1,7302400
Wagholi,house,rent,semi-furnished,3,1590,3,4,0,2,3,0,46200
Kharadi,apartment,sale,fully-furnished,5,1786,5,15,4,6,7,1,24954800
Hinjewadi,apartment,rent,semi-furnished,3,1552,3,4,1,12,18,1,79700
Balewadi,house,sale,fully-furnished,1,812,1,24,7,4,7,0,5277100
Kondhwa,apartment,sale,semi-furnished,2,823,2,12,0,2,5,0,4682700
Hadapsar,commercial,sale,unfurnished,0,526,1,9,6,0,1,0,3455500
Balewadi,apartment,rent,fully-furnished,3,1596,3,23,6,2,6,0,119600
Wagholi,apartment,sale,unfurnished,3,1125,3,21,5,6,13,0,5409000
Pimple Saudagar,apartment,rent,unfurnished,2,1077,2,25,3,0,9,0,40200
Kharadi,apartment,rent,fully-furnished,2,792,2,14,1,5,11,1,35900
Wakad,studio,sale,semi-furnished,1,517,1,17,6,0,7,1,3648900
Kothrud,villa,sale,semi-furnished,2,2017,2,16,4,3,17,1,24338600
Magarpatta,villa,rent,semi-furnished,2,2929,2,26,7,8,14,0,817300
Wakad,apartment,sale,unfurnished,2,863,2,15,5,8,8,1,5120800
Hadapsar,apartment,sale,semi-furnished,3,1182,3,6,4,1,4,0,9290000
Chinchwad,apartment,rent,unfurnished,2,1474,2,4,4,10,11,0,30100
Hinjewadi,plot,sale,unfurnished,0,3094,1,20,6,0,1,1,11862700
Wakad,apartment,rent,fully-furnished,2,947,2,26,2,1,8,1,31000
Balewadi,apartment,sale,unfurnished,4,1181,4,20,1,6,12,0,8976900
Kothrud,apartment,rent,semi-furnished,2,1026,2,9,3,10,13,1,40100
Aundh,apartment,sale,unfurnished,2,914,2,5,2,12,15,1,8080200
Kharadi,apartment,rent,unfurnished,2,1305,2,15,8,4,6,1,39700
Koregaon Park,apartment,sale,unfurnished,3,1235,3,10,7,0,4,0,19314200
Kalyani Nagar,apartment,sale,unfurnished,2,870,2,10,4,8,15,0,10229500
Viman Nagar,apartment,rent,unfurnished,1,897,1,26,9,7,7,1,41000
Koregaon Park,apartment,sale,unfurnished,4,1895,4,15,8,4,9,0,24121500
Boat Club Road,apartment,rent,semi-furnished,3,1456,3,14,6,10,20,0,114700
Undri,apartment,rent,fully-furnished,3,1725,3,10,2,6,7,0,75200
Balewadi,house,sale,semi-furnished,1,745,1,7,6,2,2,0,8036200
Magarpatta,apartment,rent,fully-furnished,5,1618,5,20,8,10,16,0,205100
Pashan,villa,rent,semi-furnished,2,2025,2,26,6,2,3,0,418500
Hadapsar,apartment,sale,unfurnished,3,1523,3,24,1,12,13,0,8004800
Kharadi,apartment,sale,semi-furnished,3,977,3,17,5,12,14,1,8599200
Shivajinagar,apartment,rent,fully-furnished,2,839,2,17,6,4,5,1,68400
Balewadi,studio,sale,semi-furnished,1,522,1,15,3,15,16,0,4636500
Hinjewadi,apartment,sale,unfurnished,2,909,2,24,5,5,20,1,6086400
Kothrud,apartment,sale,unfurnished,2,874,2,19,3,3,16,1,5003000
Aundh,studio,rent,fully-furnished,1,489,1,19,6,3,10,1,29400
Chinchwad,studio,sale,fully-furnished,1,472,1,2,3,4,8,0,2878800
Baner,house,rent,semi-furnished,2,1100,2,13,5,14,14,1,47900
Pashan,commercial,sale,unfurnished,0,4112,1,12,8,0,1,0,24858300
Bavdhan,apartment,sale,unfurnished,2,776,2,27,6,0,5,0,3648300
Wakad,house,rent,fully-furnished,2,977,2,18,5,5,10,1,46500
Viman Nagar,apartment,sale,fully-furnished,4,1760,4,26,6,5,6,1,23700900
Pashan,commercial,rent,semi-furnished,0,3128,1,23,3,0,1,0,176900
Hinjewadi,apartment,sale,unfurnished,2,1044,2,6,1,3,13,1,7679300
Hinjewadi,house,rent,fully-furnished,3,1351,3,2,1,7,9,1,76000
Undri,commercial,sale,unfurnished,0,1368,1,26,3,0,1,0,8134300
Baner,studio,sale,semi-furnished,1,627,1,31,4,4,6,1,3373100
Wagholi,apartment,sale,unfurnished,3,1115,3,14,0,3,10,0,5198700
Baner,studio,rent,fully-furnished,1,491,1,1,5,0,2,1,21300
Camp,apartment,sale,unfurnished,2,879,2,26,4,8,9,0,6243400
Kothrud,apartment,sale,fully-furnished,2,1089,2,16,7,6,7,1,11193700
Wanowrie,apartment,sale,semi-furnished,5,2072,5,15,2,8,15,0,15186000
Wakad,apartment,sale,fully-furnished,4,1491,4,5,6,6,12,1,20173600
Pimpri,apartment,sale,semi-furnished,2,1257,2,27,0,11,13,0,5096900
Chinchwad,apartment,sale,unfurnished,1,915,1,12,2,12,14,0,5014200
Kharadi,plot,rent,unfurnished,0,4023,1,25,6,0,1,1,74400
Balewadi,house,rent,semi-furnished,4,1665,4,8,1,3,13,0,116900
Hadapsar,apartment,sale,unfurnished,2,681,2,2,3,2,5,0,3147600
Wagholi,apartment,sale,unfurnished,4,1592,4,16,2,14,15,0,7834200
Kondhwa,apartment,rent,unfurnished,1,722,1,4,5,4,9,0,8500
Undri,apartment,rent,unfurnished,2,970,2,6,3,12,15,0,23100
Wakad,villa,sale,semi-furnished,2,2824,2,5,1,0,4,1,35816700
Viman Nagar,villa,sale,semi-furnished,2,2532,2,12,6,9,10,1,46349900
Viman Nagar,commercial,sale,fully-furnished,0,2219,1,14,9,0,1,1,44111800
Pimple Saudagar,villa,rent,fully-furnished,3,4122,3,5,4,1,5,0,629900
Pashan,villa,sale,semi-furnished,5,3348,5,11,8,14,18,0,43002000
Wanowrie,studio,sale,semi-furnished,1,300,1,17,1,6,8,0,2047900
Wakad,apartment,rent,fully-furnished,3,1183,3,8,4,4,7,1,74000
Undri,apartment,sale,fully-furnished,2,1031,2,29,1,4,13,0,4348100
Pimple Saudagar,apartment,sale,fully-furnished,3,1455,3,16,0,3,16,0,10210900
Pimpri,house,rent,fully-furnished,1,646,1,4,0,13,19,0,13500
Pimpri,apartment,sale,semi-furnished,4,1892,4,16,3,0,15,0,10771600
Undri,apartment,rent,fully-furnished,3,1451,3,28,4,8,8,0,73000
Wakad,studio,sale,fully-furnished,1,632,1,15,2,1,4,1,5729300
Baner,apartment,rent,semi-furnished,2,984,2,29,6,1,21,1,53900
Aundh,apartment,sale,unfurnished,1,441,1,16,2,3,10,1,3521100
Undri,commercial,sale,semi-furnished,0,5169,1,13,0,0,1,0,36251400
Aundh,apartment,rent,unfurnished,2,1068,2,18,7,2,11,1,34000
Hinjewadi,plot,sale,fully-furnished,0,4329,1,10,4,0,1,1,25389500
Shivajinagar,house,sale,unfurnished,2,1300,2,24,7,7,15,1,11165100
Shivajinagar,apartment,sale,semi-furnished,2,1012,2,9,5,5,6,1,12425400
Hadapsar,apartment,sale,unfurnished,3,1411,3,17,3,0,11,0,7317300
Bavdhan,apartment,sale,semi-furnished,1,591,1,25,0,9,11,0,2319900
Hadapsar,apartment,rent,semi-furnished,2,1077,2,21,4,2,2,0,35100
Wagholi,apartment,sale,fully-furnished,3,1235,3,9,4,18,18,0,9597800
Kalyani Nagar,commercial,sale,semi-furnished,0,1610,1,23,9,0,1,0,18861500
Wanowrie,apartment,rent,unfurnished,2,925,2,9,5,1,5,0,30000
Wakad,apartment,sale,semi-furnished,3,1269,3,19,3,17,20,1,8987100
Hinjewadi,apartment,sale,semi-furnished,1,977,1,3,4,2,12,1,8618100
Baner,apartment,sale,unfurnished,2,777,2,21,5,1,6,1,4930200
Kharadi,apartment,rent,fully-furnished,3,1513,3,11,5,9,11,1,87700
Undri,apartment,sale,fully-furnished,3,1334,3,10,0,4,11,0,9348700
Hinjewadi,house,sale,semi-furnished,2,1163,2,3,0,9,9,1,11784800
Pimpri,commercial,sale,unfurnished,0,2796,1,6,2,0,1,0,15665100
Baner,house,sale,semi-furnished,1,679,1,4,3,1,2,1,6751400
Kothrud,apartment,rent,unfurnished,2,1245,2,10,4,0,9,1,48500
Baner,studio,rent,fully-furnished,1,413,1,21,1,3,5,1,18800
Wagholi,apartment,sale,semi-furnished,2,1260,2,20,5,0,6,0,5107500
Kothrud,apartment,sale,unfurnished,2,841,2,31,2,2,4,1,4277000
Undri,villa,rent,unfurnished,2,3245,2,22,0,7,8,0,322700
Hinjewadi,apartment,rent,semi-furnished,2,1321,2,26,3,1,2,1,23000
Chinchwad,studio,sale,fully-furnished,1,423,1,22,2,5,8,0,2466900
Magarpatta,apartment,rent,semi-furnished,2,1206,2,29,4,3,4,0,48800
Hinjewadi,house,sale,unfurnished,2,1082,2,4,2,8,9,1,8278700
Baner,plot,sale,semi-furnished,0,4928,1,18,2,0,1,1,30174200
Pimpri,studio,rent,unfurnished,1,464,1,7,0,3,7,0,11700
Magarpatta,apartment,rent,semi-furnished,3,1471,3,6,5,14,15,0,64900
Koregaon Park,commercial,sale,semi-furnished,0,5370,1,4,7,0,1,0,61607000
Balewadi,apartment,sale,fully-furnished,1,547,1,2,5,4,5,0,7039000
Balewadi,apartment,sale,semi-furnished,5,1901,5,12,5,12,15,0,22545000
Hadapsar,commercial,sale,unfurnished,0,5774,1,19,6,0,1,0,36309500
Shivajinagar,apartment,rent,fully-furnished,2,986,2,23,6,8,10,1,82500
Aundh,apartment,rent,fully-furnished,1,721,1,26,0,0,15,1,20000
Baner,house,sale,unfurnished,2,1009,2,15,2,1,10,1,7945900
Aundh,plot,sale,semi-furnished,0,4673,1,1,3,0,1,1,34004400
Pimple Saudagar,apartment,rent,unfurnished,5,2066,5,19,2,1,13,0,158300
Magarpatta,studio,sale,fully-furnished,1,342,1,24,2,1,10,0,2942100
Pimple Saudagar,villa,rent,unfurnished,3,3331,3,22,6,1,8,0,478000
Kothrud,house,sale,fully-furnished,1,664,1,2,7,2,10,1,8143600
Kalyani Nagar,apartment,sale,semi-furnished,3,1241,3,16,5,9,14,0,14172400
Koregaon Park,apartment,sale,fully-furnished,4,1361,4,4,2,7,9,0,24767400
Kharadi,house,rent,fully-furnished,2,797,2,2,7,3,6,1,47100
Pashan,house,sale,fully-furnished,2,1305,2,19,4,7,10,0,9775800
Pimple Saudagar,apartment,sale,semi-furnished,1,713,1,29,0,9,10,0,4088000
Bavdhan,apartment,sale,semi-furnished,2,919,2,15,3,0,4,0,5806800
Pimple Saudagar,apartment,sale,semi-furnished,2,1046,2,14,4,4,15,0,7541800
Wanowrie,apartment,rent,unfurnished,3,968,3,14,2,1,12,0,37700
Baner,apartment,rent,semi-furnished,2,781,2,4,6,12,14,1,43800
Shivajinagar,studio,sale,semi-furnished,1,471,1,14,4,6,6,1,4208500
Hadapsar,commercial,sale,semi-furnished,0,3539,1,31,4,0,1,0,11687900
Hinjewadi,commercial,sale,unfurnished,0,5601,1,0,2,0,1,1,29650300
Hinjewadi,apartment,sale,semi-furnished,4,2153,4,27,5,2,7,1,16177900
Boat Club Road,apartment,rent,fully-furnished,4,1886,4,30,6,1,3,0,291300
Pimpri,apartment,rent,fully-furnished,3,1413,3,25,4,4,5,0,70200
Viman Nagar,studio,sale,semi-furnished,1,321,1,20,2,9,11,1,3137000
Baner,apartment,rent,fully-furnished,2,755,2,20,5,4,13,1,33500
Wanowrie,apartment,rent,semi-furnished,2,841,2,25,3,3,14,0,34000
Baner,apartment,sale,semi-furnished,4,1848,4,0,5,2,2,1,28072900
Balewadi,apartment,rent,semi-furnished,3,1461,3,6,7,1,4,0,97900
Viman Nagar,studio,rent,fully-furnished,1,385,1,21,7,9,14,1,19300
Kothrud,house,rent,fully-furnished,1,804,1,15,5,4,7,1,27600
Kothrud,apartment,rent,unfurnished,2,1155,2,0,4,2,13,1,37700
Baner,apartment,rent,semi-furnished,3,1218,3,2,1,0,2,1,71600
Wagholi,apartment,rent,fully-furnished,2,991,2,3,3,7,10,0,21400
Kalyani Nagar,house,sale,semi-furnished,2,823,2,18,7,3,11,0,8136100
Undri,villa,sale,unfurnished,2,2575,2,1,1,6,15,0,20292100
Koregaon Park,apartment,sale,semi-furnished,2,959,2,16,4,10,12,0,10636800
Pashan,apartment,sale,fully-furnished,2,1090,2,17,4,6,17,0,7628000
Baner,apartment,rent,unfurnished,2,1114,2,3,2,8,9,1,40600
Koregaon Park,apartment,sale,semi-furnished,3,1099,3,17,9,10,11,0,15907800
Aundh,apartment,rent,unfurnished,1,646,1,25,5,0,9,1,15200
Chinchwad,plot,sale,fully-furnished,0,1197,1,30,1,0,1,0,4059600
Shivajinagar,villa,sale,fully-furnished,2,2513,2,1,6,8,10,1,48837900
Bavdhan,plot,sale,unfurnished,0,681,1,21,4,0,1,0,2857900
Kharadi,house,sale,semi-furnished,3,1227,3,4,2,2,4,1,11774400
Chinchwad,apartment,rent,semi-furnished,3,1476,3,16,3,1,5,0,60100
Wakad,apartment,sale,unfurnished,4,1488,4,30,3,1,12,1,8749800
Viman Nagar,commercial,rent,fully-furnished,0,2588,1,14,7,0,1,1,430400
Pimple Saudagar,villa,sale,fully-furnished,3,1991,3,7,2,4,13,0,16553800
Kothrud,villa,rent,unfurnished,3,2880,3,20,4,2,2,1,702100
Kharadi,apartment,sale,unfurnished,4,1904,4,27,6,9,9,1,12999100
Wagholi,apartment,rent,semi-furnished,3,1116,3,6,3,2,3,0,40300
Baner,apartment,sale,fully-furnished,3,1410,3,30,0,2,16,1,9998100
Pimple Saudagar,apartment,rent,fully-furnished,2,1084,2,27,2,12,14,0,42200
Kharadi,apartment,sale,unfurnished,2,1071,2,14,7,2,2,1,8195800
Hinjewadi,apartment,rent,unfurnished,2,1052,2,25,2,0,12,1,41500
Viman Nagar,studio,rent,semi-furnished,1,492,1,22,7,0,9,1,36300
Wagholi,apartment,rent,fully-furnished,3,1411,3,29,1,1,11,0,44800
Magarpatta,villa,rent,unfurnished,5,2826,5,2,4,9,10,0,381100
Koregaon Park,villa,sale,semi-furnished,1,2824,1,31,10,2,6,0,32991800
Aundh,apartment,rent,semi-furnished,2,1003,2,4,6,0,2,1,52900
Hadapsar,house,rent,semi-furnished,2,900,2,17,3,3,15,0,29300
Wakad,plot,rent,unfurnished,0,999,1,23,4,0,1,1,30000
Boat Club Road,apartment,rent,fully-furnished,4,1513,4,4,7,7,13,0,210600
Hadapsar,apartment,sale,unfurnished,2,818,2,28,2,0,7,0,3259700
Kalyani Nagar,apartment,sale,semi-furnished,2,1446,2,20,8,2,2,0,15563800
Hinjewadi,apartment,rent,semi-furnished,4,1691,4,5,3,3,9,1,134800
Magarpatta,commercial,rent,unfurnished,0,4725,1,28,1,0,1,0,280400
Koregaon Park,apartment,sale,semi-furnished,2,1091,2,3,6,5,5,0,15945000
Pimple Saudagar,house,sale,semi-furnished,1,946,1,0,2,1,10,0,6875600
Kothrud,apartment,rent,semi-furnished,2,949,2,26,7,9,9,1,34500
Baner,commercial,rent,semi-furnished,0,5558,1,17,0,0,1,1,406800
Koregaon Park,studio,sale,unfurnished,1,474,1,10,5,3,12,0,5850500
Shivajinagar,apartment,rent,semi-furnished,2,963,2,11,7,6,13,1,51900
Undri,villa,sale,fully-furnished,3,3024,3,29,2,2,2,0,27294500
Chinchwad,apartment,rent,unfurnished,3,1673,3,24,3,2,14,0,59900
Aundh,apartment,rent,unfurnished,3,1055,3,2,4,0,10,1,59200
Undri,apartment,sale,semi-furnished,2,890,2,22,0,5,7,0,5836600
Chinchwad,apartment,rent,fully-furnished,2,1178,2,1,5,1,5,0,39200
Undri,apartment,sale,semi-furnished,2,1040,2,2,4,1,2,0,6524200
Pisoli,studio,sale,fully-furnished,1,470,1,7,1,0,3,0,2163400
Kondhwa,apartment,sale,fully-furnished,2,1008,2,5,0,9,10,0,8288800
Chinchwad,apartment,sale,semi-furnished,2,798,2,1,4,15,18,0,5756400
Wakad,apartment,sale,unfurnished,1,862,1,14,5,14,15,1,4562000
Wagholi,studio,rent,fully-furnished,1,693,1,4,0,10,11,0,17300
Hinjewadi,plot,rent,semi-furnished,0,3523,1,28,7,0,1,1,136200
Aundh,apartment,sale,fully-furnished,2,1043,2,26,7,7,9,1,9330000
Viman Nagar,apartment,sale,unfurnished,2,806,2,29,9,5,11,1,6220000
Kondhwa,apartment,sale,fully-furnished,2,626,2,7,1,16,16,0,3847200
Pisoli,apartment,rent,semi-furnished,2,1049,2,25,0,7,8,0,24200
Bavdhan,apartment,sale,semi-furnished,2,778,2,10,5,0,6,0,5558200
Chinchwad,apartment,sale,semi-furnished,1,648,1,21,0,2,2,0,2846600
Aundh,studio,rent,semi-furnished,1,482,1,10,4,2,4,1,28000
Camp,apartment,sale,fully-furnished,2,1105,2,1,4,3,10,0,14238200
Undri,plot,sale,semi-furnished,0,1730,1,27,0,0,1,0,4546600
Kharadi,house,rent,semi-furnished,4,1661,4,27,6,14,15,1,147400
Pimple Saudagar,studio,rent,fully-furnished,1,549,1,29,0,0,16,0,23700
Pashan,commercial,sale,semi-furnished,0,2144,1,22,4,0,1,0,20109000
Magarpatta,house,rent,fully-furnished,3,1231,3,5,5,9,13,0,80900
Baner,apartment,sale,unfurnished,2,1048,2,6,5,9,10,1,12346200
Pisoli,apartment,sale,semi-furnished,1,560,1,24,5,5,13,0,1886200
Shivajinagar,apartment,sale,unfurnished,3,1109,3,25,10,5,10,1,9560700
Koregaon Park,studio,sale,semi-furnished,1,549,1,7,7,1,2,0,7308000
Koregaon Park,apartment,sale,semi-furnished,3,1332,3,26,6,0,9,0,13971600
Pimpri,apartment,rent,fully-furnished,2,839,2,10,4,1,11,0,29500
Wanowrie,studio,sale,fully-furnished,1,579,1,20,5,1,9,0,3253800
Kharadi,house,sale,unfurnished,1,509,1,16,6,0,8,1,3225000
Pimpri,villa,rent,fully-furnished,1,1906,1,27,4,0,8,0,310000
Undri,house,sale,unfurnished,4,1539,4,10,1,6,12,0,8908800
Kalyani Nagar,commercial,sale,fully-furnished,0,2350,1,12,6,0,1,0,41826600
Viman Nagar,apartment,sale,fully-furnished,4,1489,4,1,6,0,3,1,25012500
Magarpatta,apartment,sale,fully-furnished,3,1103,3,9,6,0,2,0,10883000
Kharadi,apartment,sale,unfurnished,2,1113,2,16,4,5,5,1,7678100
Viman Nagar,apartment,rent,semi-furnished,2,1279,2,19,3,0,3,1,55800
Kalyani Nagar,studio,rent,unfurnished,1,604,1,24,3,5,13,0,30000
Kalyani Nagar,studio,sale,semi-furnished,1,477,1,23,9,0,14,0,5845700
Shivajinagar,apartment,sale,unfurnished,4,1800,4,24,10,1,2,1,23327000
Viman Nagar,villa,rent,semi-furnished,4,2257,4,5,8,8,11,1,885300
Baner,apartment,sale,fully-furnished,1,616,1,9,0,1,8,1,5604700
Pashan,apartment,sale,semi-furnished,2,748,2,31,7,1,2,0,5397900
Pimple Saudagar,house,rent,semi-furnished,4,1512,4,19,0,0,5,0,98900
Undri,apartment,rent,semi-furnished,2,915,2,25,0,7,12,0,30300
Pimple Saudagar,apartment,rent,fully-furnished,3,1524,3,17,1,5,6,0,84400
Pisoli,apartment,rent,semi-furnished,3,1502,3,1,3,16,20,0,52500
Wanowrie,apartment,sale,semi-furnished,2,1187,2,2,0,13,13,0,7936600
Balewadi,apartment,rent,semi-furnished,3,1036,3,23,3,0,6,0,72800
Wakad,plot,rent,unfurnished,0,1675,1,27,6,0,1,1,44300
Hadapsar,plot,sale,unfurnished,0,2526,1,6,7,0,1,0,9289400
Pisoli,plot,rent,unfurnished,0,3130,1,21,1,0,1,0,49600
Pimpri,house,sale,unfurnished,4,1442,4,3,2,4,5,0,10843400
Baner,commercial,sale,unfurnished,0,3528,1,24,5,0,1,1,34279000
Pisoli,apartment,rent,fully-furnished,3,1318,3,22,0,1,16,0,47200
Chinchwad,apartment,sale,unfurnished,2,1164,2,28,1,4,14,0,5698600
Pisoli,apartment,sale,fully-furnished,3,1264,3,7,0,6,13,0,6687600
Hinjewadi,apartment,sale,semi-furnished,3,1383,3,1,3,0,2,1,11491500
Boat Club Road,studio,sale,unfurnished,1,685,1,31,9,2,2,0,6306000
Hadapsar,commercial,rent,semi-furnished,0,1283,1,5,2,0,1,0,147800
Viman Nagar,apartment,rent,fully-furnished,3,1772,3,10,2,1,13,1,137000
Hadapsar,apartment,sale,semi-furnished,2,1151,2,13,3,1,3,0,5414000
Kothrud,apartment,rent,fully-furnished,2,760,2,28,0,14,15,1,36500
Pimpri,plot,rent,unfurnished,0,2038,1,10,0,0,1,0,50400
Baner,plot,rent,unfurnished,0,1482,1,14,2,0,1,1,48600
Kothrud,commercial,sale,unfurnished,0,3815,1,21,2,0,1,1,21339900
Kharadi,apartment,sale,semi-furnished,1,898,1,14,5,1,5,1,6319600
Aundh,apartment,sale,fully-furnished,3,1129,3,7,4,2,2,1,14545500
Undri,studio,rent,fully-furnished,1,366,1,13,1,4,9,0,16100
Kalyani Nagar,apartment,rent,semi-furnished,2,1140,2,11,9,3,3,0,90400
Undri,apartment,rent,fully-furnished,3,1100,3,8,6,5,14,0,60800
Aundh,apartment,sale,unfurnished,2,1016,2,1,3,1,2,1,9674800
Kothrud,villa,sale,unfurnished,2,2332,2,10,6,3,9,1,25508300
Hinjewadi,villa,rent,semi-furnished,4,1200,4,26,4,0,18,1,195100
Undri,apartment,sale,unfurnished,3,1486,3,11,3,1,17,0,7349200
Kharadi,studio,sale,semi-furnished,1,605,1,28,4,3,3,1,4139800
Undri,house,sale,semi-furnished,2,961,2,17,4,0,8,0,5076300
Koregaon Park,apartment,rent,fully-furnished,2,1110,2,4,2,4,11,0,61800
Balewadi,house,sale,unfurnished,2,931,2,27,6,1,13,0,5088800
Pimpri,house,rent,semi-furnished,1,684,1,3,3,12,13,0,8200
Pimple Saudagar,house,sale,semi-furnished,2,1202,2,24,4,1,8,0,6942700
Pimpri,apartment,rent,unfurnished,2,1189,2,4,2,8,8,0,17800
Kharadi,apartment,rent,unfurnished,4,1983,4,13,5,6,6,1,156700
Koregaon Park,apartment,sale,unfurnished,2,1355,2,30,4,3,13,0,10899300
Kothrud,studio,rent,fully-furnished,1,616,1,14,3,2,2,1,27700
Koregaon Park,studio,rent,semi-furnished,1,522,1,16,8,4,9,0,34600
Undri,apartment,sale,fully-furnished,1,430,1,30,4,9,20,0,1993900
Pisoli,apartment,rent,fully-furnished,2,1013,2,23,0,1,4,0,20600
Pashan,apartment,rent,semi-furnished,3,1168,3,0,5,1,9,0,62600
Pimpri,apartment,sale,semi-furnished,2,1308,2,24,2,2,14,0,6405500
Viman Nagar,house,sale,fully-furnished,3,1169,3,12,8,2,8,1,15174800
Boat Club Road,commercial,rent,unfurnished,0,4980,1,10,9,0,1,0,425300
Hinjewadi,house,sale,fully-furnished,2,1368,2,20,0,9,9,1,11903800
Baner,apartment,rent,semi-furnished,3,1300,3,27,3,3,7,1,102900
Kharadi,apartment,sale,fully-furnished,3,998,3,16,7,10,11,1,10679400
Kharadi,apartment,sale,fully-furnished,3,1374,3,7,4,14,14,1,14589200
Viman Nagar,apartment,sale,fully-furnished,2,898,2,30,4,1,13,1,7874100
Camp,apartment,sale,unfurnished,3,1617,3,19,6,10,10,0,14729300
Magarpatta,commercial,sale,fully-furnished,0,3391,1,16,4,0,1,0,39666000
Koregaon Park,apartment,sale,semi-furnished,2,1423,2,22,5,1,12,0,13805400
Hadapsar,plot,sale,semi-furnished,0,1851,1,5,2,0,1,0,7180300
Magarpatta,apartment,sale,semi-furnished,3,1344,3,26,6,6,6,0,10913400
Chinchwad,commercial,rent,semi-furnished,0,4947,1,5,2,0,1,0,24800
Hinjewadi,apartment,rent,semi-furnished,1,874,1,29,2,0,17,1,18300
Kothrud,villa,sale,unfurnished,3,2814,3,16,2,1,2,1,29171400
Boat Club Road,apartment,sale,fully-furnished,2,591,2,1,6,3,12,0,11847300
Wakad,studio,sale,unfurnished,1,482,1,16,8,2,2,1,3997900
Koregaon Park,studio,rent,semi-furnished,1,464,1,8,5,8,11,0,21700
Wakad,apartment,rent,fully-furnished,3,1250,3,30,4,12,12,1,76100
Koregaon Park,apartment,rent,fully-furnished,4,1625,4,21,4,2,9,0,251800
Pimple Saudagar,apartment,rent,fully-furnished,2,999,2,15,1,1,5,0,40900
Baner,plot,rent,semi-furnished,0,2978,1,4,6,0,1,1,96700
Viman Nagar,plot,sale,unfurnished,0,3653,1,9,5,0,1,1,27220000
Kothrud,apartment,sale,semi-furnished,2,853,2,12,5,1,17,1,7673400
Pashan,apartment,sale,fully-furnished,2,1335,2,28,3,11,11,0,8546700
Shivajinagar,house,sale,unfurnished,3,1477,3,11,4,0,2,1,16869100
Kothrud,apartment,sale,semi-furnished,1,665,1,12,3,4,13,1,5145700
Pashan,plot,sale,unfurnished,0,1111,1,31,6,0,1,0,3671300
Wakad,apartment,sale,semi-furnished,1,884,1,23,2,4,5,1,6178400
Pimple Saudagar,house,rent,semi-furnished,4,1639,4,16,3,5,11,0,99200
Wanowrie,house,rent,unfurnished,3,1331,3,25,2,8,13,0,42500
Kalyani Nagar,apartment,rent,fully-furnished,2,917,2,11,7,0,3,0,45700
Undri,house,rent,unfurnished,2,1305,2,19,4,1,9,0,35000
Koregaon Park,studio,sale,semi-furnished,1,552,1,23,6,6,10,0,6572600
Viman Nagar,apartment,sale,semi-furnished,4,1548,4,7,7,4,10,1,16565000
Viman Nagar,apartment,rent,fully-furnished,2,1179,2,0,3,4,7,1,54700
Koregaon Park,apartment,rent,fully-furnished,2,1134,2,2,5,9,15,0,63500
Magarpatta,studio,sale,semi-furnished,1,624,1,12,9,0,2,0,5032800
Viman Nagar,apartment,sale,fully-furnished,3,1201,3,9,9,0,7,1,18395800
Kalyani Nagar,villa,rent,unfurnished,1,2298,1,29,8,1,5,0,613800
Wakad,studio,sale,semi-furnished,1,365,1,12,4,7,12,1,2457000
Koregaon Park,studio,sale,unfurnished,1,337,1,7,4,3,9,0,3766700
Kothrud,studio,sale,semi-furnished,1,730,1,0,4,0,5,1,8995100
Aundh,studio,sale,semi-furnished,1,560,1,0,3,1,12,1,6319700
Chinchwad,plot,rent,semi-furnished,0,1617,1,25,4,0,1,0,30700
Camp,villa,rent,semi-furnished,3,3127,3,5,2,4,12,0,822700
Baner,plot,sale,unfurnished,0,2572,1,15,3,0,1,1,15756100
Shivajinagar,apartment,rent,semi-furnished,2,833,2,26,6,1,22,1,44900
Pisoli,house,rent,fully-furnished,1,719,1,9,0,1,2,0,11000
Hinjewadi,apartment,rent,semi-furnished,1,1046,1,31,2,3,14,1,29100
Viman Nagar,studio,sale,fully-furnished,1,574,1,4,7,0,2,1,7557000
Koregaon Park,studio,rent,semi-furnished,1,435,1,14,8,7,10,0,39100
Kharadi,commercial,sale,unfurnished,0,1784,1,7,5,0,1,1,19375400
Kothrud,apartment,sale,fully-furnished,3,1107,3,0,2,18,18,1,15931800
Pisoli,villa,sale,semi-furnished,4,2599,4,12,3,3,3,0,21562200
Kondhwa,apartment,sale,semi-furnished,1,641,1,22,1,4,8,0,2451000
Viman Nagar,studio,sale,semi-furnished,1,487,1,0,5,6,9,1,5425800
Pimple Saudagar,house,sale,fully-furnished,2,1150,2,20,2,7,7,0,8795100
Aundh,apartment,rent,fully-furnished,2,892,2,28,4,8,15,1,36800
Pimple Saudagar,house,rent,semi-furnished,3,1353,3,17,3,7,9,0,64900
Kothrud,commercial,rent,fully-furnished,0,3285,1,21,3,0,1,1,324300
Bavdhan,apartment,rent,unfurnished,2,1196,2,2,1,5,13,0,32300
Koregaon Park,plot,sale,fully-furnished,0,2752,1,18,7,0,1,0,35037100
Pashan,apartment,sale,fully-furnished,3,1132,3,0,6,11,13,0,14957900
Undri,apartment,sale,semi-furnished,2,613,2,26,1,1,10,0,2696100
Wakad,apartment,rent,semi-furnished,4,1590,4,24,5,1,2,1,106800
Hadapsar,apartment,sale,semi-furnished,2,556,2,2,1,1,6,0,3407300
Pashan,house,sale,fully-furnished,1,459,1,27,6,1,9,0,2377200
Magarpatta,apartment,rent,fully-furnished,2,661,2,27,7,2,3,0,27600
Kothrud,house,rent,semi-furnished,3,1045,3,24,4,2,20,1,52900
Boat Club Road,house,sale,semi-furnished,2,804,2,8,6,5,8,0,11648300
Kharadi,plot,rent,semi-furnished,0,2427,1,2,2,0,1,1,80600
Balewadi,house,sale,fully-furnished,2,917,2,14,7,10,12,0,10859700
Magarpatta,apartment,sale,unfurnished,3,1628,3,11,2,2,4,0,11253000
Undri,plot,rent,unfurnished,0,4215,1,4,2,0,1,0,66700
Viman Nagar,apartment,rent,fully-furnished,1,1042,1,8,8,6,8,1,26600
Aundh,apartment,sale,unfurnished,3,1412,3,15,5,13,14,1,14179300
Baner,house,rent,unfurnished,5,2045,5,4,5,0,3,1,227800
Wakad,apartment,sale,fully-furnished,3,1250,3,31,8,2,17,1,10335800
Hinjewadi,studio,sale,semi-furnished,1,520,1,17,4,2,8,1,3425600
Pimple Saudagar,plot,sale,fully-furnished,0,3624,1,28,1,0,1,0,15501500
Hadapsar,apartment,rent,unfurnished,3,1251,3,11,5,1,15,0,51200
Hadapsar,apartment,rent,unfurnished,2,1171,2,8,0,4,7,0,19500
Koregaon Park,house,rent,unfurnished,3,1533,3,24,5,1,9,0,114200
Balewadi,house,sale,unfurnished,2,1049,2,4,4,0,9,0,8254500
Hinjewadi,apartment,rent,semi-furnished,4,1587,4,14,0,0,9,1,103000
Hadapsar,apartment,sale,unfurnished,3,1273,3,8,1,9,13,0,6505000
Wakad,apartment,sale,unfurnished,2,1056,2,15,3,1,2,1,8007500
Koregaon Park,plot,rent,semi-furnished,0,3177,1,5,6,0,1,0,133800
Wagholi,apartment,rent,unfurnished,2,1107,2,24,4,1,3,0,27000
Baner,studio,rent,unfurnished,1,300,1,1,4,5,5,1,20100
Magarpatta,apartment,rent,unfurnished,3,1244,3,8,6,4,18,0,80600
Kondhwa,apartment,sale,semi-furnished,3,1486,3,28,2,5,14,0,8686700
Magarpatta,studio,sale,semi-furnished,1,440,1,26,7,7,16,0,3150100
Wagholi,apartment,rent,semi-furnished,4,1687,4,26,1,6,6,0,60700
Kalyani Nagar,apartment,rent,unfurnished,5,2205,5,25,9,0,2,0,313800
Hinjewadi,apartment,rent,unfurnished,1,552,1,6,2,3,6,1,9400
Hinjewadi,plot,sale,semi-furnished,0,1512,1,16,5,0,1,1,6956500
Kothrud,studio,rent,semi-furnished,1,477,1,25,3,6,7,1,21000
Pimple Saudagar,plot,rent,fully-furnished,0,4676,1,28,0,0,1,0,152200
Kharadi,villa,sale,unfurnished,3,2629,3,6,5,1,6,1,21040000
Magarpatta,apartment,sale,semi-furnished,2,958,2,24,2,4,6,0,6166300
Bavdhan,house,rent,unfurnished,3,995,3,4,1,2,16,0,37100
Wagholi,house,rent,fully-furnished,1,461,1,25,6,4,8,0,9200
Kalyani Nagar,apartment,rent,unfurnished,3,1544,3,6,3,4,4,0,99800
Kharadi,house,sale,semi-furnished,2,1161,2,10,1,4,13,1,9261100
Chinchwad,studio,sale,unfurnished,1,557,1,2,3,1,10,0,3120100
Hadapsar,house,sale,semi-furnished,2,907,2,30,0,10,12,0,4725600
Balewadi,apartment,rent,semi-furnished,2,1070,2,11,6,0,7,0,36300
Pimple Saudagar,apartment,rent,unfurnished,4,1600,4,29,5,4,8,0,88000
Pimple Saudagar,house,sale,fully-furnished,2,1265,2,10,2,1,13,0,10212200
Aundh,house,sale,fully-furnished,3,1200,3,10,2,8,9,1,16108400
Chinchwad,house,sale,unfurnished,3,1486,3,8,5,5,12,0,10222700
Kalyani Nagar,apartment,rent,semi-furnished,2,667,2,10,6,7,12,0,32600
Hinjewadi,apartment,rent,unfurnished,3,1650,3,27,4,2,14,1,58000
Pimpri,house,rent,fully-furnished,2,1022,2,7,1,14,15,0,30000
Hinjewadi,apartment,rent,fully-furnished,2,1048,2,4,3,5,10,1,30500
Kharadi,apartment,rent,fully-furnished,3,1144,3,8,3,11,11,1,62600
Baner,apartment,sale,semi-furnished,1,640,1,10,4,0,2,1,5503100
Pimple Saudagar,apartment,rent,semi-furnished,2,1107,2,24,0,0,12,0,24300
Magarpatta,plot,sale,fully-furnished,0,3563,1,23,7,0,1,0,25719300
Wagholi,plot,rent,unfurnished,0,4310,1,15,3,0,1,0,73400
Wagholi,apartment,rent,fully-furnished,2,1155,2,15,0,5,14,0,36600
Aundh,studio,rent,unfurnished,1,514,1,14,4,4,9,1,21900
Kalyani Nagar,apartment,sale,unfurnished,3,1292,3,28,4,1,7,0,11924700
Chinchwad,villa,sale,semi-furnished,2,2021,2,9,1,5,16,0,16362800
Koregaon Park,villa,rent,unfurnished,2,3718,2,9,8,2,7,0,266200
Pimple Saudagar,house,sale,semi-furnished,2,1218,2,15,0,4,11,0,9200900
Pashan,studio,rent,unfurnished,1,643,1,24,5,3,8,0,20000
Pimpri,house,rent,fully-furnished,2,1050,2,3,5,13,17,0,35000
Undri,apartment,rent,fully-furnished,2,1003,2,9,3,8,17,0,33000
Camp,plot,rent,fully-furnished,0,2735,1,6,4,0,1,0,97600
Hinjewadi,apartment,rent,semi-furnished,2,885,2,17,1,1,11,1,29600
Aundh,apartment,sale,unfurnished,2,935,2,1,5,2,10,1,10634700
Undri,apartment,sale,fully-furnished,3,1618,3,8,7,2,3,0,10803600
Wakad,studio,rent,unfurnished,1,300,1,14,2,9,9,1,11900
Pisoli,apartment,rent,fully-furnished,1,906,1,19,3,8,12,0,19000
Undri,apartment,rent,semi-furnished,2,984,2,13,2,2,11,0,31900
Pimple Saudagar,villa,rent,fully-furnished,2,2135,2,24,1,2,2,0,369300
Kothrud,apartment,rent,fully-furnished,5,1748,5,24,4,15,18,1,207700
Pimpri,apartment,rent,unfurnished,4,1603,4,18,3,2,2,0,77200
Camp,apartment,rent,unfurnished,2,1288,2,18,3,4,7,0,45800
Kothrud,villa,sale,fully-furnished,1,2381,1,7,4,8,22,1,28307500
Hadapsar,apartment,sale,unfurnished,2,1004,2,29,6,11,12,0,4095000
Hinjewadi,studio,sale,fully-furnished,1,508,1,28,5,3,12,1,3490600
Hinjewadi,house,sale,semi-furnished,4,1499,4,19,6,10,13,1,12448000
Camp,house,sale,semi-furnished,2,991,2,24,5,2,9,0,6927500
Wakad,apartment,sale,semi-furnished,2,775,2,21,5,5,12,1,5962900
Undri,apartment,sale,unfurnished,2,1170,2,25,3,4,6,0,4858900
Viman Nagar,apartment,sale,unfurnished,2,620,2,22,9,4,5,1,6466500
Baner,house,sale,unfurnished,4,1812,4,18,2,2,8,1,15914100
Baner,apartment,sale,fully-furnished,2,736,2,19,7,1,4,1,7325600
Viman Nagar,apartment,rent,unfurnished,2,948,2,4,9,3,3,1,48200
Baner,apartment,rent,semi-furnished,3,1432,3,3,8,6,7,1,74600
Kalyani Nagar,commercial,sale,unfurnished,0,5301,1,9,3,0,1,0,38770100
Magarpatta,house,rent,unfurnished,3,1086,3,12,7,0,13,0,61300
Hinjewadi,apartment,rent,unfurnished,1,654,1,9,2,4,6,1,24400
Kalyani Nagar,villa,sale,unfurnished,4,2885,4,4,6,8,10,0,40285000
Pimple Saudagar,apartment,rent,fully-furnished,3,1450,3,7,4,17,19,0,86800
Wagholi,apartment,rent,unfurnished,4,1417,4,12,0,1,2,0,63000
Kalyani Nagar,apartment,sale,unfurnished,2,1057,2,11,6,6,13,0,9199400
Magarpatta,apartment,sale,semi-furnished,1,781,1,13,0,8,16,0,6347800
Viman Nagar,apartment,sale,unfurnished,3,1578,3,11,8,4,7,1,17819300
Aundh,apartment,rent,unfurnished,3,1236,3,10,6,1,3,1,69300
Viman Nagar,apartment,sale,fully-furnished,1,505,1,11,9,2,2,1,6025700
Hinjewadi,house,sale,unfurnished,3,1315,3,0,3,7,13,1,10998200
Wanowrie,house,rent,unfurnished,3,1195,3,21,0,8,10,0,36100
Aundh,commercial,rent,fully-furnished,0,3306,1,15,3,0,1,1,388200
Viman Nagar,villa,sale,unfurnished,2,1449,2,21,8,4,4,1,20766000
Wanowrie,studio,rent,semi-furnished,1,555,1,17,2,0,2,0,21100
Baner,apartment,sale,unfurnished,2,1009,2,28,6,5,14,1,7429700
Hinjewadi,apartment,rent,semi-furnished,3,1152,3,24,0,13,13,1,59000
Kalyani Nagar,apartment,rent,unfurnished,3,1423,3,22,6,2,5,0,101500
Wakad,villa,sale,fully-furnished,2,3719,2,21,3,1,8,1,36221800
Viman Nagar,house,rent,unfurnished,2,946,2,2,3,3,25,1,27500
Chinchwad,commercial,sale,unfurnished,0,5078,1,7,4,0,1,0,32412600
Undri,apartment,sale,unfurnished,4,1693,4,27,4,5,6,0,8920300
Balewadi,apartment,sale,unfurnished,4,1535,4,21,8,1,14,0,13438700
Kondhwa,house,rent,unfurnished,2,633,2,0,2,12,18,0,17700
Undri,house,sale,semi-furnished,1,729,1,7,1,11,15,0,3941200
Wagholi,house,sale,fully-furnished,2,905,2,23,0,4,11,0,4065000
Kharadi,apartment,rent,fully-furnished,2,1021,2,23,4,7,10,1,46200
Magarpatta,apartment,sale,semi-furnished,4,1733,4,25,8,0,10,0,14608900
Magarpatta,studio,rent,unfurnished,1,633,1,22,5,1,8,0,13400
Pimpri,villa,rent,unfurnished,2,2018,2,29,6,1,2,0,137600
Kondhwa,apartment,rent,fully-furnished,3,1502,3,14,0,4,18,0,71800
Magarpatta,apartment,rent,semi-furnished,2,676,2,26,4,4,7,0,26300
Balewadi,apartment,sale,fully-furnished,3,1492,3,14,9,2,11,0,19092800
Pimple Saudagar,apartment,sale,semi-furnished,3,1484,3,4,4,3,9,0,14573000
Undri,apartment,sale,fully-furnished,2,1003,2,9,0,7,9,0,6757900
Kharadi,commercial,sale,semi-furnished,0,4199,1,18,2,0,1,1,27563800
Magarpatta,house,sale,semi-furnished,3,1218,3,5,1,0,10,0,9702000
Hinjewadi,house,sale,semi-furnished,2,706,2,24,2,3,4,1,4524200
Baner,apartment,rent,unfurnished,3,1159,3,11,4,2,16,1,59600
Kharadi,apartment,sale,semi-furnished,2,1046,2,26,1,2,10,1,5931700
Wanowrie,apartment,rent,unfurnished,2,936,2,9,5,15,15,0,31800
Kondhwa,villa,rent,semi-furnished,2,3588,2,15,4,8,17,0,368400
Chinchwad,studio,sale,fully-furnished,1,503,1,4,4,1,7,0,3670200
Undri,studio,rent,semi-furnished,1,622,1,12,4,15,18,0,23300
Pimpri,plot,rent,fully-furnished,0,4751,1,3,1,0,1,0,83900
Kalyani Nagar,apartment,rent,semi-furnished,4,1348,4,4,5,9,16,0,141600
Magarpatta,apartment,rent,semi-furnished,3,1152,3,21,6,2,11,0,68800
Baner,commercial,rent,unfurnished,0,2191,1,7,2,0,1,1,79900
Wagholi,villa,sale,semi-furnished,3,3033,3,5,0,8,19,0,19036800
Wanowrie,apartment,rent,fully-furnished,4,1787,4,15,3,2,2,0,129300
Baner,apartment,rent,fully-furnished,2,1079,2,26,6,4,10,1,47400
Baner,apartment,sale,semi-furnished,3,1378,3,15,7,7,14,1,15403800
Pisoli,apartment,sale,semi-furnished,2,932,2,16,4,6,13,0,5408000
Pisoli,plot,sale,semi-furnished,0,3016,1,20,6,0,1,0,12038000
Kalyani Nagar,studio,sale,fully-furnished,1,392,1,22,7,0,12,0,3453100
Hinjewadi,apartment,sale,unfurnished,1,547,1,21,3,9,15,1,3412700
Hinjewadi,plot,rent,fully-furnished,0,1222,1,5,4,0,1,1,50400
Magarpatta,villa,sale,fully-furnished,3,3343,3,25,4,6,9,0,32217200
Hinjewadi,studio,rent,unfurnished,1,673,1,27,4,3,6,1,15800
Koregaon Park,villa,rent,unfurnished,2,2990,2,21,7,8,8,0,689600
Hadapsar,apartment,rent,unfurnished,3,953,3,25,0,1,2,0,35300
Bavdhan,apartment,sale,semi-furnished,3,1098,3,0,6,6,7,0,10779700
Aundh,apartment,sale,fully-furnished,1,714,1,3,0,4,6,1,7555400
Camp,house,rent,semi-furnished,2,988,2,7,3,15,18,0,45700
Chinchwad,villa,rent,unfurnished,1,2866,1,11,2,17,18,0,511100
Pashan,studio,sale,semi-furnished,1,523,1,29,8,6,9,0,2867400
Hadapsar,apartment,sale,semi-furnished,5,1846,5,1,0,15,15,0,16524400
Koregaon Park,villa,rent,semi-furnished,1,3460,1,29,5,6,6,0,855200
Wakad,apartment,rent,unfurnished,3,1081,3,29,2,9,15,1,56600
Balewadi,apartment,rent,fully-furnished,3,1036,3,29,5,0,2,0,63500
Pimple Saudagar,house,sale,semi-furnished,4,1546,4,11,2,1,2,0,11764500
Viman Nagar,apartment,sale,fully-furnished,2,953,2,27,4,5,8,1,7794700
Wanowrie,studio,sale,unfurnished,1,594,1,22,5,9,9,0,2383700
Baner,apartment,sale,fully-furnished,2,1022,2,4,4,0,6,1,11144500
Pimple Saudagar,apartment,sale,fully-furnished,4,1433,4,25,5,4,5,0,13172300
Balewadi,apartment,rent,semi-furnished,3,1252,3,16,7,2,9,0,72700
Undri,studio,sale,fully-furnished,1,585,1,5,1,1,9,0,3501800
Kondhwa,apartment,rent,unfurnished,2,947,2,2,0,20,22,0,27300
Magarpatta,apartment,rent,semi-furnished,3,1273,3,20,6,1,12,0,63400
Balewadi,apartment,rent,semi-furnished,3,1598,3,21,1,2,8,0,96500
Wakad,apartment,sale,semi-furnished,4,1622,4,17,3,3,15,1,12934200
Hinjewadi,house,rent,semi-furnished,2,842,2,25,0,2,7,1,28900
Wakad,house,sale,semi-furnished,2,1039,2,7,8,3,7,1,9257400
Bavdhan,house,sale,unfurnished,1,320,1,28,1,0,8,0,1500000
Balewadi,apartment,sale,semi-furnished,2,861,2,10,3,1,8,0,7344300
Kondhwa,apartment,sale,semi-furnished,3,1122,3,3,3,11,12,0,8369300
Hinjewadi,house,sale,fully-furnished,2,750,2,30,6,9,12,1,6345500
Hinjewadi,studio,rent,fully-furnished,1,543,1,1,4,3,17,1,23900
Chinchwad,apartment,sale,unfurnished,3,1468,3,14,5,6,8,0,8844500
Koregaon Park,house,sale,semi-furnished,3,1164,3,23,5,7,9,0,16432600
Balewadi,apartment,sale,unfurnished,4,1605,4,24,3,3,17,0,11896700
Aundh,apartment,sale,unfurnished,3,1221,3,8,5,0,23,1,12128900
Pimpri,apartment,sale,unfurnished,3,1303,3,24,3,6,17,0,6239800
Kothrud,commercial,sale,unfurnished,0,5012,1,7,4,0,1,1,42806700
Pisoli,house,sale,semi-furnished,2,1236,2,20,4,2,4,0,6195100
Chinchwad,plot,rent,semi-furnished,0,2203,1,1,4,0,1,0,49200
Viman Nagar,commercial,sale,unfurnished,0,5367,1,22,5,0,1,1,44155300
Chinchwad,house,sale,fully-furnished,3,1414,3,8,4,6,16,0,8779700
Wagholi,villa,rent,fully-furnished,4,2765,4,30,5,4,5,0,332200
Hinjewadi,villa,rent,fully-furnished,3,1840,3,6,5,2,10,1,193500
Kothrud,apartment,sale,semi-furnished,2,1130,2,29,6,4,18,1,6587500
Baner,studio,sale,unfurnished,1,521,1,15,2,1,7,1,4034800
Hadapsar,house,rent,fully-furnished,3,1394,3,28,2,2,9,0,59100
Wakad,commercial,sale,fully-furnished,0,5484,1,19,6,0,1,1,50238200
Boat Club Road,villa,sale,fully-furnished,2,1623,2,20,6,8,10,0,27788600
Magarpatta,apartment,sale,fully-furnished,3,1270,3,22,4,9,9,0,12596600
Pimple Saudagar,studio,rent,fully-furnished,1,399,1,20,1,18,22,0,14000
Wakad,apartment,sale,semi-furnished,3,1447,3,19,7,7,12,1,13248700
Kharadi,villa,rent,unfurnished,3,2737,3,19,3,1,2,1,352000
Pimpri,studio,sale,semi-furnished,1,558,1,18,2,2,3,0,3153300
Hinjewadi,apartment,rent,semi-furnished,2,1239,2,27,2,8,8,1,44000
Pimpri,apartment,sale,semi-furnished,2,1069,2,26,0,5,9,0,4913200
Aundh,house,rent,fully-furnished,3,1271,3,10,6,3,3,1,119100
Baner,apartment,sale,unfurnished,1,565,1,8,5,5,12,1,3893900
Balewadi,apartment,rent,semi-furnished,4,1810,4,12,3,7,8,0,131600
Pimple Saudagar,apartment,sale,unfurnished,3,1252,3,19,6,0,2,0,9865200
Baner,house,rent,semi-furnished,3,1358,3,26,3,5,12,1,74600
Pisoli,house,rent,fully-furnished,5,1778,5,6,2,2,8,0,122000
Balewadi,plot,sale,semi-furnished,0,3763,1,30,5,0,1,0,17266600
Bavdhan,apartment,rent,unfurnished,2,927,2,8,0,0,2,0,24100
Baner,apartment,rent,semi-furnished,5,2157,5,21,2,2,12,1,217600
Hinjewadi,apartment,sale,unfurnished,3,1145,3,6,2,10,15,1,10124200
Kalyani Nagar,house,sale,unfurnished,4,1554,4,12,7,7,11,0,20637700
Kothrud,studio,rent,unfurnished,1,429,1,3,9,19,21,1,20800
Pashan,apartment,sale,unfurnished,4,1560,4,19,6,10,13,0,13802300
Undri,house,sale,unfurnished,2,383,2,27,0,2,2,0,1500000
Wagholi,house,rent,semi-furnished,2,1135,2,30,2,1,5,0,35800
Kharadi,apartment,sale,unfurnished,2,873,2,20,3,10,19,1,5857700
Kothrud,studio,rent,semi-furnished,1,344,1,7,2,3,5,1,17400
Koregaon Park,apartment,sale,unfurnished,2,894,2,20,7,4,10,0,9755700
Aundh,apartment,rent,semi-furnished,2,957,2,19,7,6,13,1,41700
Shivajinagar,apartment,sale,fully-furnished,3,1081,3,28,7,2,11,1,11027800
Baner,plot,rent,semi-furnished,0,2681,1,16,3,0,1,1,107900
Balewadi,apartment,sale,fully-furnished,2,1064,2,18,7,0,5,0,7631400
Balewadi,villa,sale,semi-furnished,2,3108,2,12,3,11,12,0,33278100
Wakad,commercial,sale,semi-furnished,0,3133,1,10,3,0,1,1,21798200
Hinjewadi,apartment,rent,fully-furnished,1,662,1,29,2,4,4,1,8100
Bavdhan,apartment,sale,semi-furnished,1,919,1,15,3,0,2,0,4657000
Shivajinagar,studio,rent,semi-furnished,1,454,1,30,7,2,9,1,38500
Kondhwa,villa,sale,unfurnished,3,2365,3,29,4,11,12,0,14444800
Koregaon Park,studio,sale,unfurnished,1,560,1,23,6,2,2,0,5784100
Kondhwa,apartment,rent,unfurnished,2,1083,2,17,0,7,13,0,34000
Hinjewadi,apartment,sale,fully-furnished,5,1801,5,29,4,8,10,1,16771800
Bavdhan,plot,sale,semi-furnished,0,4680,1,13,9,0,1,0,21995800
Baner,apartment,rent,semi-furnished,2,1271,2,7,7,7,11,1,50000
Koregaon Park,house,sale,semi-furnished,2,765,2,15,4,0,2,0,9897700
Magarpatta,apartment,sale,semi-furnished,3,1383,3,21,6,4,8,0,11133000
Hinjewadi,villa,sale,semi-furnished,3,3253,3,1,2,7,10,1,45915400
Wakad,studio,sale,fully-furnished,1,350,1,16,8,1,13,1,2575300
Camp,plot,rent,fully-furnished,0,918,1,3,3,0,1,0,50700
Wakad,villa,sale,semi-furnished,3,3569,3,5,3,6,16,1,34432800
Boat Club Road,house,sale,unfurnished,3,1471,3,13,6,1,6,0,21676500
Pimple Saudagar,apartment,rent,fully-furnished,4,1484,4,23,6,9,13,0,118000
Hadapsar,apartment,sale,semi-furnished,1,818,1,13,9,14,19,0,5373900
Baner,apartment,sale,semi-furnished,3,1396,3,29,6,0,7,1,13534400
Hinjewadi,apartment,rent,fully-furnished,3,1215,3,4,0,1,2,1,77000
Koregaon Park,house,rent,semi-furnished,2,1301,2,21,7,3,5,0,94400
Wanowrie,studio,rent,semi-furnished,1,494,1,24,2,0,2,0,18800
Kondhwa,apartment,sale,semi-furnished,4,1658,4,29,3,4,10,0,9119700
Hinjewadi,apartment,rent,semi-furnished,1,950,1,19,4,4,4,1,14900
Undri,apartment,sale,semi-furnished,2,1325,2,6,6,1,9,0,7438400
Koregaon Park,villa,sale,unfurnished,2,2823,2,8,8,12,13,0,51559700
Wagholi,villa,rent,fully-furnished,2,3306,2,13,2,11,20,0,336800
Viman Nagar,house,sale,fully-furnished,2,1252,2,9,10,2,7,1,15259800
Hadapsar,apartment,rent,semi-furnished,2,1110,2,26,2,3,4,0,27000
Kalyani Nagar,apartment,sale,unfurnished,3,1276,3,1,8,5,12,0,17841100
Shivajinagar,plot,sale,fully-furnished,0,1216,1,4,9,0,1,1,14352800
Wakad,apartment,rent,fully-furnished,2,931,2,6,5,5,14,1,47900
Koregaon Park,apartment,rent,semi-furnished,2,1194,2,19,4,8,9,0,75500
Wanowrie,apartment,sale,semi-furnished,2,668,2,21,3,4,11,0,4403300
Kothrud,apartment,sale,unfurnished,3,1404,3,16,6,8,9,1,14524500
Aundh,apartment,sale,semi-furnished,2,1156,2,16,3,3,12,1,10166200
Magarpatta,commercial,rent,unfurnished,0,2279,1,7,4,0,1,0,312200
Hinjewadi,apartment,sale,fully-furnished,2,948,2,1,3,4,13,1,8824200
Hadapsar,commercial,sale,fully-furnished,0,2381,1,25,2,0,1,0,14033200
Hinjewadi,house,sale,fully-furnished,1,459,1,8,5,1,5,1,3732600
Pashan,apartment,sale,fully-furnished,3,1018,3,7,2,6,11,0,10405700
Hinjewadi,plot,rent,semi-furnished,0,2202,1,18,6,0,1,1,71300
Viman Nagar,apartment,sale,semi-furnished,1,647,1,7,7,6,14,1,7246600
Camp,apartment,sale,fully-furnished,2,828,2,16,6,2,4,0,9448400
Hinjewadi,studio,sale,semi-furnished,1,401,1,18,4,4,13,1,2359300
Hinjewadi,apartment,rent,semi-furnished,3,1062,3,29,2,12,14,1,48100
Shivajinagar,house,sale,fully-furnished,2,1042,2,24,7,8,15,1,13154700
Koregaon Park,studio,sale,fully-furnished,1,603,1,10,5,1,4,0,9492900
Wakad,apartment,rent,unfurnished,2,953,2,11,3,3,11,1,21800
Aundh,house,sale,fully-furnished,3,1479,3,12,5,9,14,1,20089600
Kharadi,apartment,rent,unfurnished,3,1227,3,26,5,8,17,1,64600
Kothrud,plot,rent,semi-furnished,0,4360,1,0,5,0,1,1,191700
Magarpatta,apartment,sale,semi-furnished,3,1518,3,10,4,2,6,0,15121800
Boat Club Road,house,sale,semi-furnished,2,817,2,23,6,0,5,0,8988500
Baner,apartment,rent,fully-furnished,2,842,2,12,6,3,5,1,50200
Kalyani Nagar,apartment,rent,semi-furnished,2,1263,2,23,8,13,14,0,63900
Balewadi,apartment,rent,fully-furnished,2,659,2,9,5,0,7,0,34800
Hadapsar,studio,sale,fully-furnished,1,308,1,8,2,0,2,0,1826600
Viman Nagar,apartment,sale,fully-furnished,2,1122,2,11,4,1,9,1,11365600
Aundh,apartment,rent,semi-furnished,1,280,1,17,3,5,8,1,19000
Baner,apartment,sale,unfurnished,3,1388,3,1,4,10,17,1,17041600
Chinchwad,plot,rent,fully-furnished,0,2147,1,25,4,0,1,0,50600
Baner,apartment,rent,fully-furnished,2,1090,2,3,8,4,4,1,80000
Kharadi,apartment,rent,unfurnished,2,1331,2,9,6,2,8,1,36800
Viman Nagar,commercial,sale,fully-furnished,0,5332,1,3,10,0,1,1,53901000
Pashan,villa,rent,semi-furnished,2,3602,2,26,7,0,5,0,735300
Pisoli,apartment,rent,semi-furnished,2,1229,2,27,7,10,11,0,49400
Pimpri,studio,rent,semi-furnished,1,519,1,28,0,6,8,0,16700
Pisoli,commercial,rent,fully-furnished,0,2537,1,14,1,0,1,0,170000
Bavdhan,apartment,rent,semi-furnished,1,672,1,0,6,11,14,0,21100
Balewadi,studio,sale,unfurnished,1,444,1,8,4,11,17,0,3244500
Kharadi,house,sale,fully-furnished,3,1508,3,15,5,4,13,1,15138500
Wakad,apartment,sale,unfurnished,3,1335,3,17,4,5,9,1,9693500
Baner,villa,sale,fully-furnished,5,3781,5,1,4,1,2,1,54420000
Baner,apartment,sale,semi-furnished,2,813,2,20,0,6,10,1,7022300
Aundh,commercial,rent,unfurnished,0,2160,1,2,6,0,1,1,219400
Kothrud,apartment,sale,fully-furnished,1,666,1,30,4,2,7,1,5292400
Aundh,apartment,rent,semi-furnished,2,779,2,23,4,4,10,1,44300
Viman Nagar,commercial,sale,semi-furnished,0,449,1,10,8,0,1,1,6651400
Wakad,apartment,rent,fully-furnished,2,1213,2,5,2,1,5,1,29900
Wagholi,studio,rent,fully-furnished,1,463,1,11,7,2,7,0,17500
Hinjewadi,apartment,rent,semi-furnished,4,1713,4,16,0,2,10,1,105600
Wanowrie,apartment,sale,unfurnished,2,843,2,14,2,3,3,0,5437400
Pashan,commercial,rent,semi-furnished,0,5867,1,28,3,0,1,0,279200
Baner,studio,rent,semi-furnished,1,386,1,15,3,0,3,1,25000
Shivajinagar,house,sale,unfurnished,3,1362,3,20,4,1,9,1,9481700
Baner,apartment,rent,fully-furnished,4,1628,4,24,5,0,7,1,181600
Pimple Saudagar,studio,sale,semi-furnished,1,484,1,25,1,12,19,0,2698800
Undri,apartment,rent,semi-furnished,2,1178,2,12,3,10,10,0,22000
Magarpatta,studio,sale,semi-furnished,1,323,1,27,6,10,12,0,2109400
Pimpri,apartment,sale,semi-furnished,5,1938,5,6,3,0,11,0,15570300
Hinjewadi,house,sale,unfurnished,3,948,3,29,4,10,12,1,6245200
Hinjewadi,studio,rent,semi-furnished,1,578,1,6,4,3,4,1,17800
Hadapsar,house,sale,unfurnished,5,1797,5,21,0,1,11,0,9960700
Magarpatta,house,sale,unfurnished,2,1068,2,0,3,3,5,0,8761600
Magarpatta,apartment,sale,unfurnished,4,1698,4,20,3,4,13,0,13804700
Pimple Saudagar,commercial,rent,fully-furnished,0,3712,1,14,3,0,1,0,200600
Wanowrie,plot,sale,semi-furnished,0,684,1,1,1,0,1,0,2443800
Viman Nagar,house,sale,fully-furnished,2,1059,2,16,8,1,2,1,13205100
Camp,plot,sale,semi-furnished,0,1347,1,21,6,0,1,0,9672000
Kharadi,apartment,sale,fully-furnished,3,1161,3,3,6,7,13,1,11929200
Koregaon Park,apartment,rent,fully-furnished,2,980,2,3,6,6,6,0,88800
Pimpri,apartment,rent,unfurnished,2,1070,2,9,0,3,8,0,30600
Pimple Saudagar,house,sale,unfurnished,2,1274,2,17,2,0,3,0,6061300
Hadapsar,commercial,sale,unfurnished,0,1226,1,30,2,0,1,0,5999100
Aundh,apartment,rent,unfurnished,2,1215,2,26,4,4,11,1,56800
Kharadi,plot,rent,unfurnished,0,4082,1,5,1,0,1,1,88900
Wagholi,apartment,rent,semi-furnished,3,1538,3,22,3,3,17,0,63400
Wakad,apartment,sale,fully-furnished,2,1019,2,31,5,3,13,1,7542000
Wagholi,apartment,sale,unfurnished,4,1771,4,2,7,2,9,0,13220200
Wakad,house,sale,unfurnished,2,1344,2,31,3,1,2,1,7079600
Magarpatta,apartment,rent,semi-furnished,2,1056,2,20,4,5,12,0,35100
Undri,apartment,sale,fully-furnished,2,838,2,12,4,3,5,0,5555800
Wakad,villa,rent,unfurnished,2,2054,2,12,1,6,10,1,334300
Chinchwad,house,sale,semi-furnished,5,1749,5,21,2,3,11,0,12001900
Pisoli,apartment,sale,fully-furnished,2,1428,2,22,3,2,15,0,7160200
Wakad,apartment,sale,fully-furnished,3,1283,3,22,6,9,10,1,11543600
Hinjewadi,apartment,rent,fully-furnished,2,887,2,18,5,22,22,1,42300
Hadapsar,apartment,rent,semi-furnished,2,1059,2,18,0,8,18,0,30400
Hadapsar,studio,rent,semi-furnished,1,524,1,7,3,0,4,0,11800
Balewadi,plot,sale,fully-furnished,0,1758,1,2,2,0,1,0,14621900
Pisoli,house,sale,fully-furnished,2,683,2,2,4,6,8,0,4588600
Hinjewadi,house,sale,unfurnished,2,1014,2,7,5,7,14,1,7769400
Kharadi,house,rent,unfurnished,2,811,2,20,6,10,15,1,29900
Koregaon Park,studio,rent,semi-furnished,1,523,1,29,7,5,6,0,42300
Wakad,studio,sale,fully-furnished,1,637,1,9,8,3,9,1,8074700
Pimple Saudagar,villa,sale,unfurnished,2,3105,2,27,4,1,2,0,18707800
Kharadi,plot,rent,unfurnished,0,2284,1,9,4,0,1,1,66100
Hadapsar,apartment,rent,unfurnished,2,1044,2,30,4,8,9,0,20500
Hinjewadi,plot,rent,semi-furnished,0,4098,1,12,2,0,1,1,110300
Pashan,commercial,sale,unfurnished,0,5333,1,26,5,0,1,0,32804700
Koregaon Park,apartment,sale,semi-furnished,2,899,2,25,6,4,13,0,8608500
Pimpri,apartment,sale,fully-furnished,2,767,2,15,4,3,13,0,4605200
Balewadi,apartment,sale,fully-furnished,4,1443,4,30,4,0,3,0,14248400
Pimpri,commercial,sale,semi-furnished,0,5173,1,16,7,0,1,0,48947100
Wakad,apartment,rent,unfurnished,2,890,2,25,5,9,9,1,40500
Koregaon Park,commercial,sale,fully-furnished,0,3480,1,0,7,0,1,0,58015900
Baner,apartment,sale,semi-furnished,3,1579,3,23,7,2,9,1,15695400
Kothrud,apartment,rent,unfurnished,2,1061,2,11,6,0,12,1,48700
Kothrud,commercial,rent,semi-furnished,0,736,1,1,8,0,1,1,116000
Viman Nagar,villa,sale,semi-furnished,3,2268,3,7,5,3,8,1,33267200
Magarpatta,plot,rent,unfurnished,0,3071,1,19,7,0,1,0,109300
Kalyani Nagar,house,rent,semi-furnished,2,1205,2,3,6,14,15,0,65200
Kalyani Nagar,studio,rent,fully-furnished,1,397,1,13,5,7,11,0,27400
Koregaon Park,apartment,rent,fully-furnished,2,912,2,1,5,6,6,0,51800
Wanowrie,apartment,rent,semi-furnished,2,1103,2,4,4,6,8,0,32200
Pisoli,apartment,rent,semi-furnished,5,2019,5,6,4,12,16,0,138800
Camp,apartment,rent,fully-furnished,3,1419,3,31,4,5,7,0,118800
Hinjewadi,house,rent,fully-furnished,1,618,1,3,3,4,13,1,24700
Kothrud,commercial,sale,semi-furnished,0,3840,1,24,3,0,1,1,28102900
Pisoli,apartment,sale,unfurnished,3,1307,3,13,2,0,7,0,6189900
Pimpri,apartment,rent,semi-furnished,2,871,2,8,2,2,3,0,20200
Kharadi,villa,rent,semi-furnished,3,2158,3,9,5,11,15,1,502200
Shivajinagar,apartment,sale,semi-furnished,4,1728,4,29,7,12,13,1,18952100
Pashan,apartment,sale,unfurnished,3,962,3,14,3,2,2,0,7352100
Shivajinagar,house,rent,semi-furnished,2,1018,2,12,10,5,9,1,48900
Balewadi,apartment,sale,fully-furnished,2,848,2,21,4,1,10,0,6729500
Undri,apartment,sale,semi-furnished,2,1046,2,26,0,2,2,0,5585000
Wakad,studio,sale,unfurnished,1,578,1,24,5,3,4,1,3909100
Wakad,apartment,rent,fully-furnished,3,966,3,28,7,0,2,1,76500
Wakad,apartment,sale,semi-furnished,3,1178,3,6,8,8,11,1,12711700
Magarpatta,plot,rent,semi-furnished,0,973,1,7,4,0,1,0,44400
Pisoli,apartment,rent,fully-furnished,2,1096,2,31,0,1,12,0,26900
Kalyani Nagar,apartment,rent,fully-furnished,5,1806,5,27,6,5,9,0,317400
Hinjewadi,apartment,sale,fully-furnished,3,1331,3,11,5,6,13,1,14694400
Baner,studio,sale,fully-furnished,1,672,1,31,4,1,4,1,6231900
Kharadi,plot,rent,semi-furnished,0,2375,1,27,2,0,1,1,71300
Magarpatta,commercial,rent,semi-furnished,0,3969,1,18,5,0,1,0,340400
Wakad,villa,rent,fully-furnished,1,1744,1,8,4,7,14,1,358800
Aundh,apartment,rent,unfurnished,3,949,3,23,6,2,8,1,58500
Kalyani Nagar,apartment,sale,fully-furnished,3,1181,3,2,9,0,4,0,21361400
Hinjewadi,plot,sale,semi-furnished,0,1122,1,17,4,0,1,1,5306400
Wanowrie,apartment,sale,unfurnished,1,517,1,6,4,7,8,0,3544000
Wanowrie,apartment,rent,fully-furnished,2,938,2,6,3,10,12,0,34100
Chinchwad,studio,sale,semi-furnished,1,406,1,7,1,8,12,0,2778300
Kothrud,commercial,rent,unfurnished,0,2974,1,4,6,0,1,1,370700
Pashan,apartment,rent,unfurnished,3,1190,3,1,2,1,9,0,50200
Kothrud,apartment,rent,unfurnished,3,1030,3,21,7,5,11,1,78000
Boat Club Road,apartment,sale,semi-furnished,3,1255,3,25,4,7,8,0,19462700
Magarpatta,house,sale,semi-furnished,2,1197,2,8,5,5,19,0,8725300
Pimpri,villa,sale,semi-furnished,3,2448,3,25,1,4,10,0,14846500
Wanowrie,apartment,sale,fully-furnished,3,1089,3,30,1,2,13,0,5737800
Chinchwad,studio,sale,semi-furnished,1,433,1,24,3,5,5,0,2028500
Baner,apartment,rent,semi-furnished,2,1017,2,29,3,2,3,1,40100
Viman Nagar,apartment,sale,fully-furnished,3,1256,3,7,8,8,11,1,18138500
Kalyani Nagar,apartment,sale,unfurnished,2,1004,2,0,7,5,7,0,11381900
Kondhwa,villa,sale,semi-furnished,2,3816,2,22,2,0,8,0,29126100
Koregaon Park,apartment,rent,unfurnished,4,1439,4,23,9,8,10,0,172600
Aundh,apartment,sale,fully-furnished,2,699,2,3,3,13,16,1,9107200
Koregaon Park,apartment,sale,fully-furnished,2,1087,2,16,6,0,2,0,14210800
Pimpri,villa,sale,semi-furnished,4,2828,4,8,0,7,19,0,17452600
Hadapsar,plot,rent,semi-furnished,0,2632,1,4,0,0,1,0,53000
Koregaon Park,commercial,sale,fully-furnished,0,1056,1,7,5,0,1,0,19545500
Balewadi,villa,rent,semi-furnished,1,3434,1,23,6,12,17,0,650800
Aundh,apartment,sale,semi-furnished,2,927,2,27,5,1,11,1,5633900
Magarpatta,apartment,rent,fully-furnished,2,1274,2,8,4,0,5,0,42200
Kothrud,apartment,rent,semi-furnished,2,704,2,16,2,14,14,1,43300
Hinjewadi,villa,sale,semi-furnished,2,3257,2,27,1,0,11,1,25139200
Pashan,commercial,rent,fully-furnished,0,5008,1,28,8,0,1,0,616000
Koregaon Park,apartment,sale,semi-furnished,3,1379,3,14,3,1,8,0,17855100
Camp,apartment,rent,semi-furnished,3,1640,3,4,5,5,9,0,86800
Hadapsar,apartment,rent,unfurnished,3,1338,3,14,4,3,4,0,39500
Hinjewadi,apartment,sale,fully-furnished,3,1286,3,15,3,11,11,1,11131200
Koregaon Park,apartment,sale,fully-furnished,2,1251,2,26,7,6,7,0,15075400
Shivajinagar,plot,rent,fully-furnished,0,4108,1,30,5,0,1,1,222800
Baner,apartment,sale,semi-furnished,3,1494,3,28,7,5,12,1,14385800
Hinjewadi,apartment,sale,unfurnished,1,738,1,15,3,2,9,1,4229600
Baner,apartment,sale,unfurnished,3,1207,3,1,6,3,11,1,12272100
Chinchwad,studio,sale,fully-furnished,1,539,1,6,3,1,15,0,3023200
Wakad,commercial,rent,fully-furnished,0,1408,1,18,1,0,1,1,72700
Balewadi,apartment,sale,fully-furnished,3,1459,3,28,5,4,12,0,13782300
Balewadi,plot,rent,fully-furnished,0,2026,1,29,3,0,1,0,71100
Aundh,apartment,sale,unfurnished,3,1535,3,14,6,11,15,1,17257700
Baner,apartment,sale,semi-furnished,3,1478,3,7,5,12,13,1,13240700
Chinchwad,apartment,rent,semi-furnished,3,1491,3,5,1,2,14,0,44900
Kondhwa,studio,rent,unfurnished,1,560,1,7,7,0,2,0,19600
Boat Club Road,villa,sale,unfurnished,1,3551,1,21,6,5,6,0,43521500
Wanowrie,commercial,rent,fully-furnished,0,3922,1,28,3,0,1,0,221300
Kharadi,apartment,sale,fully-furnished,3,1227,3,2,9,1,2,1,15077400
Wakad,villa,rent,fully-furnished,3,2591,3,29,4,1,5,1,391700
Chinchwad,villa,rent,semi-furnished,4,3408,4,8,5,0,4,0,334600
Kharadi,villa,sale,unfurnished,2,1613,2,10,5,0,5,1,16360800
Hadapsar,apartment,rent,semi-furnished,3,1127,3,23,0,7,9,0,41800
Kothrud,apartment,sale,unfurnished,4,1653,4,24,5,3,10,1,13459400
Wakad,studio,rent,semi-furnished,1,575,1,5,5,9,12,1,26200
Kharadi,apartment,rent,semi-furnished,2,1069,2,2,6,4,15,1,37000
Camp,apartment,sale,semi-furnished,4,1494,4,21,2,3,4,0,15499300
Bavdhan,apartment,rent,semi-furnished,3,1250,3,12,1,9,9,0,49200
Wanowrie,studio,sale,fully-furnished,1,550,1,26,1,2,2,0,4217000
Camp,studio,rent,unfurnished,1,586,1,25,6,4,11,0,30300
Wagholi,plot,rent,fully-furnished,0,4170,1,17,1,0,1,0,70100
Baner,apartment,rent,semi-furnished,5,1951,5,14,6,10,13,1,252500
Koregaon Park,apartment,rent,fully-furnished,2,1187,2,7,10,0,6,0,97500
Viman Nagar,house,rent,fully-furnished,3,1422,3,13,9,7,8,1,128000
Hinjewadi,house,sale,semi-furnished,2,844,2,30,0,2,16,1,4142400
Camp,apartment,sale,semi-furnished,2,1008,2,20,5,0,9,0,8047500
Koregaon Park,commercial,sale,semi-furnished,0,1933,1,16,7,0,1,0,18476800
Kharadi,apartment,rent,unfurnished,2,757,2,0,3,4,10,1,27000
Wanowrie,apartment,rent,fully-furnished,1,986,1,12,2,0,2,0,27600
Kharadi,commercial,sale,fully-furnished,0,2412,1,5,2,0,1,1,26942200
Magarpatta,apartment,rent,fully-furnished,2,846,2,22,4,3,4,0,54900
Aundh,plot,sale,unfurnished,0,1791,1,9,5,0,1,1,10902300
Chinchwad,house,sale,fully-furnished,2,1488,2,29,0,3,7,0,5951400
Viman Nagar,apartment,sale,semi-furnished,2,1058,2,17,5,4,11,1,10080400
Kondhwa,apartment,rent,semi-furnished,3,1540,3,26,3,0,13,0,63400
Camp,commercial,sale,semi-furnished,0,5466,1,16,2,0,1,0,56091300
Wanowrie,house,rent,semi-furnished,1,646,1,30,1,0,7,0,16500
Aundh,apartment,sale,fully-furnished,2,997,2,27,3,0,2,1,6970500
Pisoli,apartment,sale,fully-furnished,4,1881,4,24,6,15,18,0,13417700
Chinchwad,commercial,sale,fully-furnished,0,3123,1,27,4,0,1,0,7893800
Pimpri,studio,rent,semi-furnished,1,483,1,11,3,3,5,0,9000
Viman Nagar,apartment,rent,fully-furnished,3,1170,3,27,7,5,12,1,123200
Kalyani Nagar,villa,rent,semi-furnished,3,2075,3,11,8,11,11,0,274500
Kothrud,apartment,rent,unfurnished,1,590,1,6,1,8,8,1,20400
Pimple Saudagar,commercial,sale,unfurnished,0,3973,1,1,2,0,1,0,18157200
Shivajinagar,studio,sale,semi-furnished,1,468,1,24,7,1,9,1,4104400
Camp,apartment,sale,fully-furnished,1,826,1,24,4,1,7,0,6708500
Magarpatta,house,sale,fully-furnished,4,1618,4,8,5,9,9,0,22124700
Baner,plot,rent,semi-furnished,0,4976,1,8,8,0,1,1,222000
Shivajinagar,apartment,rent,semi-furnished,4,1199,4,31,9,10,16,1,145100
Magarpatta,studio,sale,semi-furnished,1,551,1,22,4,0,5,0,3170600
Pimple Saudagar,apartment,sale,unfurnished,3,1558,3,30,1,3,8,0,9108200
Chinchwad,apartment,sale,fully-furnished,2,952,2,31,3,7,13,0,4949800
Chinchwad,villa,sale,semi-furnished,2,3407,2,30,1,8,12,0,16504900
Hinjewadi,villa,rent,semi-furnished,4,2151,4,24,6,1,8,1,344900
Balewadi,studio,sale,semi-furnished,1,536,1,29,4,2,4,0,4004700
Hinjewadi,apartment,rent,semi-furnished,2,1050,2,28,3,2,9,1,35500
Hinjewadi,apartment,rent,fully-furnished,2,1217,2,5,3,4,7,1,43300
Hinjewadi,apartment,sale,fully-furnished,3,1411,3,22,0,9,12,1,9933900
Pashan,plot,sale,semi-furnished,0,1351,1,14,8,0,1,0,9174200
Baner,studio,sale,semi-furnished,1,676,1,21,2,2,4,1,6371600
Pisoli,apartment,rent,unfurnished,2,1015,2,24,3,14,17,0,17800
Hadapsar,apartment,sale,unfurnished,1,1092,1,5,0,6,21,0,6009300
Baner,villa,rent,semi-furnished,4,2888,4,17,3,2,2,1,782900
Bavdhan,house,sale,semi-furnished,3,1407,3,13,3,4,9,0,10643400
Undri,apartment,rent,fully-furnished,4,1544,4,31,5,0,15,0,91800
Undri,commercial,sale,semi-furnished,0,1318,1,22,1,0,1,0,6966200
Hinjewadi,apartment,sale,semi-furnished,2,1129,2,19,3,0,5,1,7815500
Aundh,apartment,sale,unfurnished,2,812,2,9,6,11,11,1,8091300
Wakad,apartment,rent,unfurnished,2,1057,2,9,7,0,12,1,40700
Balewadi,apartment,rent,fully-furnished,2,700,2,6,2,0,5,0,32400
Balewadi,apartment,sale,fully-furnished,2,984,2,18,4,5,16,0,9572000
Pimpri,apartment,rent,fully-furnished,4,1530,4,8,1,2,8,0,82600
Hinjewadi,villa,rent,semi-furnished,4,1863,4,13,4,12,13,1,423500
Wakad,apartment,sale,semi-furnished,1,494,1,16,3,9,15,1,3389300
Kalyani Nagar,apartment,sale,semi-furnished,3,1587,3,3,9,3,9,0,21404200
Viman Nagar,studio,rent,unfurnished,1,470,1,18,6,1,9,1,17400
Magarpatta,studio,sale,semi-furnished,1,698,1,2,3,2,2,0,7180400
Hinjewadi,commercial,sale,semi-furnished,0,3181,1,16,2,0,1,1,28911000
Baner,apartment,sale,fully-furnished,5,1969,5,1,7,1,8,1,31067400
Aundh,apartment,rent,fully-furnished,1,759,1,4,3,4,4,1,19600
Wakad,plot,sale,fully-furnished,0,3469,1,15,5,0,1,1,25013300
Kharadi,plot,sale,unfurnished,0,3324,1,7,6,0,1,1,17045400
Baner,house,rent,semi-furnished,2,889,2,26,5,1,2,1,39400
Kothrud,apartment,sale,semi-furnished,2,1034,2,17,2,11,16,1,7932500
Chinchwad,studio,sale,semi-furnished,1,415,1,14,0,2,11,0,2113900
Undri,apartment,sale,unfurnished,2,985,2,20,4,8,19,0,4392800
Wanowrie,commercial,sale,fully-furnished,0,4217,1,26,5,0,1,0,25683900
Viman Nagar,apartment,rent,semi-furnished,2,950,2,20,7,10,12,1,50000
Kharadi,apartment,rent,semi-furnished,3,1216,3,29,2,4,11,1,63100
Hadapsar,apartment,rent,semi-furnished,1,682,1,12,0,6,15,0,11800
Magarpatta,villa,sale,semi-furnished,1,2871,1,20,4,1,14,0,32121900
Pimple Saudagar,apartment,sale,semi-furnished,2,1013,2,20,0,5,11,0,5506900
Baner,house,sale,fully-furnished,4,1450,4,29,5,18,19,1,17008000
Pimpri,apartment,rent,semi-furnished,4,1603,4,5,2,2,8,0,79000
Baner,studio,sale,unfurnished,1,640,1,21,5,3,4,1,4658300
Pimpri,house,rent,unfurnished,3,1450,3,25,2,6,10,0,50400
Undri,house,sale,semi-furnished,1,657,1,27,4,10,11,0,2784100
Hadapsar,house,sale,semi-furnished,4,1743,4,4,0,4,8,0,13844200
Magarpatta,house,sale,fully-furnished,2,1105,2,27,3,8,9,0,8067700
Hinjewadi,villa,rent,semi-furnished,2,2628,2,19,0,2,9,1,483100
Kothrud,apartment,rent,semi-furnished,3,1613,3,28,2,1,8,1,86500
Chinchwad,apartment,sale,fully-furnished,2,1056,2,2,1,0,9,0,5892900
Baner,house,rent,semi-furnished,2,1125,2,23,4,4,8,1,57100
Chinchwad,villa,rent,fully-furnished,2,2452,2,16,2,5,14,0,297700
Pisoli,house,rent,semi-furnished,1,649,1,8,5,15,16,0,16900
Pimple Saudagar,studio,rent,semi-furnished,1,718,1,10,2,1,4,0,20000
Hinjewadi,apartment,rent,fully-furnished,2,930,2,15,4,11,11,1,41900
Wakad,apartment,sale,fully-furnished,2,1284,2,9,6,22,24,1,15951100
Kalyani Nagar,house,rent,fully-furnished,4,1447,4,27,7,9,9,0,210500
Kharadi,studio,sale,semi-furnished,1,392,1,25,3,7,11,1,2638600
Kondhwa,apartment,sale,fully-furnished,2,871,2,5,3,4,7,0,7576100
Viman Nagar,commercial,rent,fully-furnished,0,3121,1,22,5,0,1,1,544100
Pisoli,commercial,sale,fully-furnished,0,256,1,14,2,0,1,0,1731700
Baner,apartment,rent,fully-furnished,2,986,2,31,3,3,8,1,61000
Pimpri,commercial,rent,fully-furnished,0,1332,1,13,0,0,1,0,117900
Baner,apartment,sale,unfurnished,2,1075,2,22,3,0,11,1,6780300
Pimpri,studio,sale,semi-furnished,1,579,1,1,0,1,5,0,3136300
Viman Nagar,commercial,sale,unfurnished,0,3095,1,14,6,0,1,1,29303900
Koregaon Park,commercial,rent,semi-furnished,0,747,1,7,8,0,1,0,13600
Wagholi,apartment,sale,unfurnished,2,1058,2,16,1,0,5,0,3804300
Hadapsar,house,rent,fully-furnished,1,465,1,27,3,1,14,0,13500
Kothrud,plot,sale,unfurnished,0,3225,1,8,4,0,1,1,15872400
Balewadi,apartment,sale,fully-furnished,1,523,1,15,3,3,14,0,4047000
Kharadi,studio,sale,unfurnished,1,655,1,23,1,2,4,1,3857400
Koregaon Park,apartment,sale,unfurnished,3,1381,3,24,7,2,6,0,15864400
Viman Nagar,apartment,sale,unfurnished,2,1071,2,20,5,6,11,1,8742200
Kondhwa,apartment,sale,semi-furnished,2,877,2,1,1,2,2,0,6736000
Wanowrie,plot,rent,unfurnished,0,2057,1,28,1,0,1,0,55100
Kothrud,apartment,rent,semi-furnished,3,1266,3,20,6,2,5,1,72700
Kharadi,apartment,rent,unfurnished,2,1042,2,5,6,1,2,1,35300
Hinjewadi,commercial,rent,semi-furnished,0,3681,1,15,1,0,1,1,116700
Viman Nagar,apartment,sale,fully-furnished,3,1532,3,24,1,5,12,1,14501700
Baner,apartment,sale,semi-furnished,3,1109,3,20,1,2,3,1,9657900
Hinjewadi,house,rent,semi-furnished,5,1906,5,30,3,0,2,1,201200
Kalyani Nagar,commercial,rent,unfurnished,0,4154,1,24,7,0,1,0,429600
Kondhwa,apartment,rent,semi-furnished,3,1289,3,19,3,4,7,0,54500
Hinjewadi,apartment,sale,semi-furnished,3,1322,3,31,3,2,2,1,9515200
Hinjewadi,house,rent,semi-furnished,2,916,2,13,3,7,8,1,33800
Boat Club Road,house,rent,semi-furnished,3,1466,3,20,10,3,3,0,149800
Kalyani Nagar,apartment,sale,semi-furnished,2,1089,2,25,6,6,11,0,9982300
Baner,apartment,sale,fully-furnished,3,1331,3,28,5,0,6,1,13357200
Kothrud,villa,rent,semi-furnished,3,1926,3,18,5,12,12,1,258400
Kharadi,apartment,sale,semi-furnished,2,852,2,29,4,5,12,1,4571200
Kothrud,plot,sale,unfurnished,0,2576,1,9,5,0,1,1,12584900
Kalyani Nagar,apartment,sale,unfurnished,2,788,2,12,10,1,3,0,9287300
Undri,apartment,rent,semi-furnished,5,1399,5,7,6,8,8,0,116600
Pimple Saudagar,apartment,sale,unfurnished,4,1515,4,8,5,3,8,0,11735100
Pimple Saudagar,studio,sale,fully-furnished,1,408,1,5,4,0,5,0,3934800
Camp,apartment,rent,semi-furnished,2,991,2,10,2,0,12,0,44100
Pimple Saudagar,apartment,sale,fully-furnished,2,1229,2,22,1,2,2,0,9046300
Baner,apartment,sale,semi-furnished,1,662,1,10,5,4,4,1,7809900
Kharadi,apartment,rent,unfurnished,2,994,2,21,1,0,9,1,30300
Pimple Saudagar,studio,sale,semi-furnished,1,516,1,3,2,5,11,0,4292600
Magarpatta,apartment,sale,semi-furnished,3,1177,3,8,4,6,7,0,11406200
Wanowrie,house,rent,semi-furnished,4,1668,4,16,1,0,8,0,105300
Hinjewadi,plot,sale,semi-furnished,0,4006,1,3,3,0,1,1,18654700
Hadapsar,apartment,rent,semi-furnished,5,1809,5,6,0,2,2,0,111300
Pimpri,plot,sale,unfurnished,0,2782,1,3,4,0,1,0,14400900
Magarpatta,apartment,rent,fully-furnished,3,1401,3,3,7,4,6,0,75100
Koregaon Park,apartment,rent,unfurnished,4,1453,4,13,6,10,19,0,175700
Kharadi,studio,rent,semi-furnished,1,760,1,24,9,16,18,1,34800
Koregaon Park,apartment,sale,semi-furnished,2,1013,2,12,3,1,2,0,12184700
Pimple Saudagar,house,sale,unfurnished,3,1543,3,18,2,3,4,0,8850500
Balewadi,house,sale,unfurnished,4,1938,4,18,5,5,10,0,13788200
Wanowrie,house,rent,semi-furnished,2,1299,2,25,3,2,14,0,40500
Koregaon Park,apartment,rent,fully-furnished,2,1011,2,8,6,5,13,0,62300
Baner,apartment,sale,unfurnished,2,1340,2,17,5,5,5,1,12219200
Viman Nagar,apartment,sale,semi-furnished,4,1713,4,22,9,4,6,1,19425200
Magarpatta,villa,rent,unfurnished,3,2910,3,9,5,3,10,0,446600
Undri,plot,sale,fully-furnished,0,2026,1,22,1,0,1,0,5723900
Pimpri,villa,rent,semi-furnished,2,2104,2,15,1,3,13,0,329600
Koregaon Park,apartment,sale,unfurnished,2,977,2,21,4,1,6,0,10012400
Hinjewadi,plot,rent,fully-furnished,0,4076,1,15,4,0,1,1,136400
Camp,apartment,rent,fully-furnished,2,905,2,12,7,3,12,0,61500
Kharadi,apartment,rent,semi-furnished,2,1185,2,6,1,8,12,1,50200
Shivajinagar,house,rent,semi-furnished,1,618,1,11,7,0,9,1,21300
Kothrud,apartment,sale,semi-furnished,2,1041,2,30,3,15,16,1,8107000
Koregaon Park,villa,sale,fully-furnished,3,2044,3,14,7,4,6,0,40798000
Baner,apartment,sale,semi-furnished,2,617,2,6,4,2,8,1,6697900
Pimple Saudagar,studio,sale,semi-furnished,1,389,1,29,2,2,2,0,2177500
Wagholi,apartment,sale,fully-furnished,4,1601,4,22,0,3,10,0,10113000
Baner,apartment,rent,fully-furnished,5,1797,5,28,6,4,11,1,283900
Kothrud,apartment,rent,fully-furnished,1,635,1,1,7,4,8,1,17300
Kalyani Nagar,villa,sale,semi-furnished,1,2457,1,0,6,4,8,0,40987000
Pisoli,house,sale,unfurnished,3,1557,3,29,1,6,16,0,6308200
Hinjewadi,apartment,sale,unfurnished,3,1472,3,5,2,1,8,1,11000800
Undri,apartment,sale,fully-furnished,4,1445,4,8,0,0,2,0,10072600
Kothrud,apartment,rent,semi-furnished,2,1067,2,31,3,1,7,1,49200
Baner,studio,sale,fully-furnished,1,370,1,29,6,2,6,1,2609400
Magarpatta,villa,rent,semi-furnished,2,3044,2,30,3,5,10,0,569300
Magarpatta,apartment,sale,semi-furnished,4,1720,4,31,7,3,4,0,14780700
Pashan,apartment,sale,semi-furnished,3,1373,3,14,6,3,3,0,11225300
Camp,apartment,sale,unfurnished,2,1053,2,20,3,5,6,0,9227900
Baner,villa,sale,fully-furnished,5,2958,5,2,7,2,4,1,54612400
Chinchwad,apartment,rent,unfurnished,2,956,2,26,2,6,11,0,11300
Aundh,apartment,rent,semi-furnished,4,1833,4,19,7,2,8,1,177000
Hinjewadi,apartment,rent,semi-furnished,2,779,2,7,1,1,3,1,36100
Kondhwa,apartment,rent,semi-furnished,2,886,2,10,0,4,14,0,21400
Wanowrie,house,rent,fully-furnished,2,1049,2,15,4,2,2,0,34100
Viman Nagar,apartment,rent,fully-furnished,1,692,1,14,6,4,6,1,38700
Kharadi,apartment,sale,unfurnished,4,1560,4,9,5,7,7,1,16373000
Koregaon Park,villa,rent,unfurnished,2,2860,2,10,6,6,11,0,667800
Hinjewadi,apartment,rent,fully-furnished,4,1557,4,11,0,4,4,1,125200
Balewadi,apartment,rent,unfurnished,3,983,3,29,7,3,10,0,64700
Pimple Saudagar,apartment,sale,semi-furnished,1,355,1,1,3,0,9,0,2637600
Wagholi,apartment,sale,semi-furnished,1,459,1,4,1,8,14,0,2116000
Kharadi,commercial,rent,fully-furnished,0,970,1,28,2,0,1,1,130500
Hinjewadi,house,sale,unfurnished,1,352,1,15,1,7,8,1,2511500
Wagholi,plot,rent,fully-furnished,0,3211,1,8,3,0,1,0,54000
Magarpatta,apartment,rent,semi-furnished,3,1485,3,21,5,2,2,0,94700
Hinjewadi,apartment,rent,unfurnished,1,961,1,13,0,3,16,1,23500
Pimpri,commercial,rent,semi-furnished,0,1015,1,1,4,0,1,0,108700
Magarpatta,apartment,rent,semi-furnished,2,1263,2,10,7,0,2,0,52200
Baner,apartment,rent,fully-furnished,3,1328,3,9,3,5,5,1,98700
Chinchwad,apartment,sale,semi-furnished,2,761,2,27,7,15,15,0,3605600
Kharadi,apartment,sale,semi-furnished,2,821,2,23,4,8,14,1,5746500
Hadapsar,apartment,sale,fully-furnished,2,897,2,10,6,1,10,0,6539300
Hinjewadi,apartment,sale,unfurnished,3,1418,3,12,4,2,4,1,10201900
Wakad,house,rent,fully-furnished,2,1202,2,16,4,0,8,1,38400
Balewadi,villa,sale,semi-furnished,3,2872,3,6,4,6,15,0,29334300
Baner,apartment,sale,fully-furnished,3,1258,3,30,5,0,2,1,12843400
Kothrud,apartment,sale,fully-furnished,2,1042,2,12,6,2,9,1,10157000
Baner,apartment,sale,semi-furnished,4,1498,4,21,4,0,14,1,15134900
Kharadi,apartment,sale,unfurnished,3,1426,3,1,7,0,6,1,14419600
Hinjewadi,house,sale,fully-furnished,4,1632,4,13,4,5,8,1,17910900
Baner,apartment,sale,semi-furnished,4,1742,4,2,4,3,7,1,25147500
Baner,apartment,rent,fully-furnished,3,1726,3,6,5,8,13,1,95100
Pimple Saudagar,studio,sale,fully-furnished,1,415,1,5,2,2,2,0,4569100
Pimpri,villa,sale,semi-furnished,4,3446,4,19,3,7,9,0,23582800
Viman Nagar,apartment,rent,semi-furnished,2,1193,2,22,8,10,18,1,34000
Magarpatta,house,sale,semi-furnished,4,1986,4,2,7,1,2,0,25171000
Magarpatta,commercial,rent,unfurnished,0,4829,1,1,4,0,1,0,120500
Shivajinagar,villa,sale,unfurnished,2,3103,2,24,3,7,9,1,30782900
Undri,apartment,rent,unfurnished,3,1448,3,0,1,1,2,0,46500
Aundh,apartment,sale,semi-furnished,4,1841,4,7,5,9,15,1,20975900
Aundh,studio,rent,unfurnished,1,300,1,22,3,20,20,1,14300
Koregaon Park,house,sale,unfurnished,2,1195,2,27,3,0,11,0,9087600
Kothrud,apartment,rent,fully-furnished,2,940,2,22,5,1,6,1,41400
Hinjewadi,apartment,sale,semi-furnished,2,835,2,19,2,3,11,1,4630100
Viman Nagar,villa,sale,unfurnished,3,1211,3,28,5,9,11,1,11038000
Pisoli,apartment,sale,semi-furnished,2,1139,2,2,4,0,2,0,6292300
Hadapsar,studio,rent,unfurnished,1,638,1,5,6,0,9,0,13500
Aundh,commercial,sale,semi-furnished,0,4518,1,0,3,0,1,1,40199000
Hadapsar,studio,rent,semi-furnished,1,669,1,23,1,4,9,0,15200
Bavdhan,plot,rent,unfurnished,0,2817,1,14,0,0,1,0,46500
Pimple Saudagar,commercial,rent,semi-furnished,0,4469,1,15,0,0,1,0,295200
Viman Nagar,apartment,sale,semi-furnished,3,1160,3,6,9,6,14,1,14447400
Kalyani Nagar,apartment,sale,fully-furnished,2,1069,2,6,1,10,11,0,12612800
Baner,apartment,sale,fully-furnished,4,1656,4,31,2,0,2,1,14998100
Kothrud,commercial,sale,semi-furnished,0,938,1,10,7,0,1,1,11021900
Koregaon Park,villa,sale,fully-furnished,1,2434,1,28,4,0,4,0,41542900
Pimpri,apartment,sale,unfurnished,2,1081,2,20,0,0,16,0,4154100
Pimpri,apartment,sale,fully-furnished,2,883,2,15,4,12,14,0,4795300
Wanowrie,studio,rent,fully-furnished,1,549,1,2,1,3,9,0,15700
Kothrud,apartment,rent,unfurnished,2,757,2,18,6,1,2,1,25000
Hinjewadi,house,sale,semi-furnished,2,767,2,9,5,12,14,1,5579600
Wagholi,apartment,sale,fully-furnished,3,1368,3,8,4,3,16,0,8148600
Wagholi,house,sale,semi-furnished,1,672,1,26,3,8,9,0,2893300
Chinchwad,plot,sale,semi-furnished,0,2133,1,25,3,0,1,0,6585700
Koregaon Park,apartment,rent,semi-furnished,3,1266,3,5,7,8,10,0,109000
Balewadi,apartment,rent,unfurnished,4,1260,4,8,4,1,5,0,94600
Wakad,apartment,sale,semi-furnished,3,1532,3,18,0,1,5,1,13547500
Kharadi,studio,rent,semi-furnished,1,552,1,22,7,11,11,1,34400
Kharadi,studio,rent,fully-furnished,1,445,1,14,6,8,9,1,23700
Viman Nagar,apartment,rent,unfurnished,3,1097,3,18,10,3,13,1,85800
Pashan,studio,rent,semi-furnished,1,586,1,16,5,4,6,0,19100
Aundh,villa,sale,unfurnished,3,2127,3,9,3,5,10,1,28047700
Baner,apartment,sale,fully-furnished,3,1246,3,14,1,2,5,1,11841300
Hinjewadi,apartment,sale,semi-furnished,1,637,1,14,1,1,7,1,2853500
Hinjewadi,house,rent,semi-furnished,1,492,1,11,3,2,14,1,8300
Pisoli,apartment,rent,semi-furnished,2,1104,2,15,3,3,10,0,20500
Hadapsar,apartment,sale,fully-furnished,4,1619,4,25,3,2,2,0,11517500
Baner,apartment,sale,fully-furnished,3,1201,3,11,7,9,14,1,15062900
Wagholi,studio,rent,fully-furnished,1,434,1,21,3,5,10,0,14100
Magarpatta,commercial,sale,semi-furnished,0,1466,1,24,5,0,1,0,4931900
Wagholi,villa,rent,semi-furnished,3,2281,3,14,7,4,8,0,288800
Wakad,plot,sale,unfurnished,0,3193,1,29,6,0,1,1,15412400
Wanowrie,apartment,sale,unfurnished,2,1055,2,8,3,2,2,0,7337200
Pimple Saudagar,villa,sale,fully-furnished,2,2883,2,3,5,6,7,0,28562600
Magarpatta,apartment,sale,semi-furnished,4,1575,4,21,4,6,10,0,12378600
Magarpatta,villa,sale,unfurnished,1,3401,1,28,6,1,10,0,25952300
Baner,apartment,sale,fully-furnished,4,1882,4,10,4,0,2,1,24521000
Baner,commercial,rent,unfurnished,0,1308,1,22,4,0,1,1,73900
Pisoli,villa,rent,unfurnished,2,1983,2,8,7,1,9,0,187600
Pimpri,apartment,sale,semi-furnished,1,523,1,23,1,5,6,0,2428900
Bavdhan,studio,sale,unfurnished,1,422,1,29,4,1,9,0,2114300
Baner,house,rent,semi-furnished,3,1604,3,17,5,10,10,1,105300
Bavdhan,commercial,sale,semi-furnished,0,5094,1,17,5,0,1,0,38944500
Pimple Saudagar,studio,sale,semi-furnished,1,300,1,3,2,4,12,0,2287200
Baner,plot,sale,semi-furnished,0,1328,1,0,4,0,1,1,14575600
Pimple Saudagar,plot,sale,unfurnished,0,4732,1,6,6,0,1,0,31743600
Balewadi,apartment,sale,fully-furnished,3,1206,3,8,3,0,11,0,12539800
Wakad,apartment,sale,semi-furnished,2,1166,2,29,6,6,11,1,7110000
Koregaon Park,studio,rent,unfurnished,1,441,1,24,8,7,13,0,27000
Hadapsar,apartment,sale,fully-furnished,3,1255,3,2,2,1,17,0,10114800
Magarpatta,apartment,sale,semi-furnished,4,1775,4,8,7,0,19,0,18827700
Pimpri,apartment,rent,unfurnished,4,1602,4,7,1,9,16,0,68700
Bavdhan,apartment,rent,semi-furnished,4,1784,4,2,1,1,3,0,105000
Baner,apartment,sale,semi-furnished,3,1216,3,31,5,5,5,1,8916700
Baner,villa,rent,semi-furnished,3,2947,3,2,4,7,16,1,580500
Wakad,plot,rent,semi-furnished,0,1773,1,18,5,0,1,1,70000
Hinjewadi,plot,rent,semi-furnished,0,4544,1,13,5,0,1,1,172400
Magarpatta,apartment,sale,unfurnished,2,1118,2,15,5,12,13,0,8568000
Boat Club Road,studio,sale,semi-furnished,1,414,1,6,10,2,6,0,7565800
Pimpri,house,sale,unfurnished,3,1233,3,26,1,0,11,0,5441800
Viman Nagar,apartment,sale,semi-furnished,2,826,2,11,6,4,13,1,7099200
Koregaon Park,villa,rent,semi-furnished,3,3022,3,26,7,0,5,0,708200
Undri,house,rent,unfurnished,2,1096,2,6,0,3,7,0,21600
Hinjewadi,apartment,sale,fully-furnished,3,1308,3,12,4,7,9,1,11331600
Hinjewadi,apartment,sale,unfurnished,2,1453,2,0,5,3,5,1,13019800
Viman Nagar,apartment,sale,fully-furnished,2,971,2,11,8,1,2,1,13434800
Chinchwad,apartment,sale,unfurnished,4,1598,4,29,5,1,2,0,9629900
Camp,apartment,sale,unfurnished,1,331,1,26,5,4,5,0,1897000
Pashan,apartment,sale,fully-furnished,1,901,1,4,5,1,14,0,9128200
Pashan,plot,sale,unfurnished,0,2030,1,25,7,0,1,0,6111400
Kharadi,apartment,sale,semi-furnished,2,914,2,3,4,2,2,1,8384900
Boat Club Road,studio,rent,unfurnished,1,432,1,12,3,6,10,0,27400
Chinchwad,apartment,sale,semi-furnished,2,927,2,17,1,0,4,0,4175100
Bavdhan,house,rent,semi-furnished,1,527,1,5,1,11,13,0,9100
Wagholi,apartment,sale,unfurnished,2,1040,2,1,3,0,2,0,5639300
Pimple Saudagar,house,sale,semi-furnished,3,1394,3,25,0,6,10,0,9002900
Wagholi,apartment,sale,unfurnished,3,1236,3,22,4,5,11,0,6063900
Chinchwad,apartment,rent,semi-furnished,3,1386,3,29,2,8,15,0,63100
Shivajinagar,plot,sale,unfurnished,0,2677,1,13,4,0,1,1,18663400
Baner,apartment,rent,semi-furnished,4,1908,4,22,7,0,11,1,176100
Kothrud,apartment,rent,unfurnished,2,974,2,2,5,5,19,1,40400
Viman Nagar,apartment,sale,fully-furnished,1,876,1,15,6,2,2,1,11324700
Wakad,apartment,sale,unfurnished,3,1397,3,6,3,10,13,1,12600000
Balewadi,studio,rent,fully-furnished,1,571,1,7,4,12,12,0,30200
Camp,commercial,sale,fully-furnished,0,2412,1,7,4,0,1,0,25843500
Koregaon Park,studio,sale,unfurnished,1,550,1,17,3,4,14,0,5656600
Camp,apartment,sale,fully-furnished,1,404,1,13,5,1,6,0,3791700
Pisoli,studio,rent,unfurnished,1,665,1,10,4,12,16,0,11400
Hinjewadi,apartment,sale,semi-furnished,3,1342,3,0,1,5,6,1,14657500
Hadapsar,apartment,sale,semi-furnished,2,966,2,22,4,8,10,0,5198900
Pashan,apartment,sale,semi-furnished,2,951,2,12,6,6,7,0,7818700
Pimpri,plot,sale,unfurnished,0,2698,1,9,1,0,1,0,8985000
Wakad,commercial,sale,semi-furnished,0,2805,1,14,3,0,1,1,24184100
Kondhwa,studio,sale,fully-furnished,1,504,1,17,3,10,11,0,3629300
Wakad,apartment,sale,fully-furnished,3,1066,3,11,7,0,3,1,9069500
Aundh,apartment,sale,fully-furnished,2,809,2,5,3,3,12,1,7411300
Chinchwad,apartment,sale,semi-furnished,1,744,1,19,3,1,4,0,3927500
Aundh,studio,rent,unfurnished,1,518,1,3,6,0,10,1,24300
Koregaon Park,studio,rent,fully-furnished,1,427,1,21,8,3,3,0,38600
Pimpri,apartment,rent,semi-furnished,5,1929,5,31,1,5,5,0,138700
Chinchwad,house,rent,semi-furnished,2,888,2,16,3,11,13,0,25000
Viman Nagar,apartment,rent,unfurnished,3,1136,3,25,7,2,14,1,80600
Kharadi,villa,sale,unfurnished,3,1352,3,16,2,1,7,1,12213700
Hinjewadi,apartment,sale,unfurnished,1,604,1,30,6,15,15,1,4051000
Baner,house,rent,semi-furnished,3,1107,3,23,1,5,13,1,70400
Shivajinagar,apartment,sale,fully-furnished,3,1450,3,2,7,1,9,1,25650900
Aundh,house,rent,fully-furnished,3,1353,3,14,4,0,11,1,101500
Boat Club Road,apartment,rent,semi-furnished,2,846,2,6,10,2,15,0,47200
Baner,apartment,rent,semi-furnished,3,1320,3,29,1,2,2,1,79800
Kharadi,apartment,rent,fully-furnished,2,1226,2,10,3,11,16,1,58200
Boat Club Road,villa,sale,fully-furnished,3,2044,3,10,6,3,14,0,45474300
Hinjewadi,commercial,sale,fully-furnished,0,1270,1,9,3,0,1,1,15223000
Chinchwad,apartment,rent,semi-furnished,4,1380,4,11,1,10,16,0,67400
Wakad,studio,sale,semi-furnished,1,512,1,7,3,12,12,1,4584900
Kalyani Nagar,apartment,sale,semi-furnished,2,1115,2,26,10,3,18,0,11522100
Koregaon Park,studio,sale,unfurnished,1,416,1,20,4,3,3,0,4331800
Kharadi,apartment,rent,unfurnished,4,1862,4,28,5,2,3,1,115000
Wagholi,apartment,sale,semi-furnished,4,1824,4,25,0,1,2,0,10009800
Wakad,commercial,rent,fully-furnished,0,2233,1,30,4,0,1,1,297100
Wakad,apartment,rent,unfurnished,1,905,1,24,5,8,15,1,14800
Pimple Saudagar,villa,sale,fully-furnished,3,2477,3,9,2,7,12,0,22575600
Viman Nagar,apartment,sale,unfurnished,2,923,2,22,9,3,15,1,8539400
Viman Nagar,apartment,rent,semi-furnished,2,1159,2,7,6,2,3,1,56700
Hadapsar,house,sale,unfurnished,3,1357,3,18,5,11,16,0,5896700
Kondhwa,apartment,sale,semi-furnished,3,1312,3,11,4,7,12,0,9369900
Hinjewadi,apartment,sale,semi-furnished,2,1116,2,17,2,13,17,1,7945800
Kalyani Nagar,plot,sale,fully-furnished,0,3118,1,17,10,0,1,0,24499900
Kharadi,plot,sale,semi-furnished,0,4668,1,21,2,0,1,1,22309700
Koregaon Park,apartment,sale,semi-furnished,5,2418,5,13,9,7,13,0,50937800
Hadapsar,house,rent,unfurnished,5,1501,5,11,1,8,9,0,99500
Hinjewadi,commercial,sale,semi-furnished,0,5127,1,22,1,0,1,1,36063100
Viman Nagar,apartment,sale,fully-furnished,4,1834,4,8,4,1,10,1,25932300
Koregaon Park,house,rent,semi-furnished,4,1629,4,7,8,5,9,0,197800
Pimpri,apartment,sale,unfurnished,2,861,2,13,4,6,19,0,4430300
Aundh,house,sale,fully-furnished,2,759,2,28,1,2,22,1,6111100
Chinchwad,studio,sale,unfurnished,1,453,1,9,0,12,20,0,2573100
Baner,apartment,rent,semi-furnished,2,718,2,25,6,0,4,1,35100
Pashan,studio,sale,fully-furnished,1,434,1,18,4,23,23,0,3516400
Shivajinagar,villa,sale,unfurnished,3,2154,3,30,6,0,16,1,18886900
Kalyani Nagar,apartment,rent,semi-furnished,2,995,2,16,9,3,15,0,64900
Hinjewadi,apartment,sale,unfurnished,1,799,1,1,2,0,4,1,5724700
Koregaon Park,apartment,sale,fully-furnished,2,1062,2,10,8,1,21,0,16981300
Wagholi,studio,sale,semi-furnished,1,564,1,31,5,1,13,0,2355500
Camp,house,rent,fully-furnished,3,1275,3,28,3,13,13,0,72200
Kharadi,studio,sale,fully-furnished,1,550,1,21,3,8,8,1,5099800
Koregaon Park,apartment,rent,fully-furnished,1,612,1,28,10,1,14,0,42700
Wagholi,commercial,rent,unfurnished,0,1586,1,0,4,0,1,0,109100
Hinjewadi,apartment,rent,fully-furnished,2,980,2,27,5,3,10,1,55800
Koregaon Park,apartment,rent,fully-furnished,4,2177,4,14,7,6,8,0,326500
Wagholi,house,rent,unfurnished,2,899,2,5,4,2,6,0,16200
Pimple Saudagar,studio,rent,semi-furnished,1,504,1,8,4,13,18,0,18100
Pimple Saudagar,apartment,rent,semi-furnished,3,1448,3,18,6,1,16,0,79500
Chinchwad,apartment,sale,semi-furnished,5,1627,5,16,0,5,9,0,10461200
Hinjewadi,studio,rent,fully-furnished,1,446,1,28,3,5,5,1,20800
Viman Nagar,apartment,sale,unfurnished,4,1953,4,16,7,8,9,1,27581600
Chinchwad,apartment,rent,fully-furnished,1,898,1,5,5,8,10,0,28200
Koregaon Park,apartment,sale,semi-furnished,3,1334,3,27,4,11,11,0,15648900
Kalyani Nagar,villa,sale,unfurnished,3,2520,3,29,7,8,12,0,29779300
Viman Nagar,villa,rent,unfurnished,4,3183,4,13,8,7,10,1,659100
Pisoli,villa,rent,unfurnished,2,3419,2,24,4,5,7,0,175200
Pisoli,commercial,sale,fully-furnished,0,3180,1,25,1,0,1,0,13138900
Aundh,studio,rent,unfurnished,1,506,1,19,7,6,7,1,24900
Baner,apartment,sale,fully-furnished,3,1492,3,4,9,9,14,1,19631500
Balewadi,apartment,rent,semi-furnished,1,785,1,10,6,5,18,0,32800
Undri,apartment,sale,semi-furnished,2,1189,2,28,2,10,10,0,5581000
Koregaon Park,apartment,sale,unfurnished,4,1494,4,2,8,1,5,0,25342400
Shivajinagar,apartment,rent,unfurnished,2,728,2,3,8,7,9,1,53300
Pimple Saudagar,apartment,sale,fully-furnished,2,937,2,24,0,8,12,0,6907900
Pimpri,studio,rent,fully-furnished,1,520,1,14,6,2,3,0,18200
Kothrud,apartment,sale,semi-furnished,3,1041,3,1,4,5,11,1,14583100
Kothrud,villa,rent,unfurnished,1,5122,1,27,6,2,3,1,1081900
Hinjewadi,apartment,rent,unfurnished,2,1098,2,20,0,0,12,1,30900
Baner,plot,sale,unfurnished,0,988,1,31,5,0,1,1,3301400
Aundh,studio,sale,fully-furnished,1,571,1,29,5,1,11,1,6065200
Pimpri,studio,rent,fully-furnished,1,408,1,15,3,5,17,0,18600
Kalyani Nagar,studio,rent,unfurnished,1,471,1,19,3,1,6,0,23500
Undri,house,rent,semi-furnished,2,646,2,10,1,5,11,0,13400
Chinchwad,villa,sale,semi-furnished,2,2488,2,18,3,1,5,0,13335700
Kothrud,apartment,sale,unfurnished,2,988,2,24,3,7,10,1,6981800
Kothrud,apartment,sale,fully-furnished,1,780,1,31,5,1,13,1,6291800
Kalyani Nagar,apartment,rent,fully-furnished,3,1502,3,2,6,8,11,0,137500
Pimpri,studio,rent,semi-furnished,1,631,1,24,3,11,11,0,15000
Hinjewadi,villa,rent,semi-furnished,3,4419,3,27,2,11,11,1,735300
Hinjewadi,apartment,rent,fully-furnished,4,1758,4,19,4,1,9,1,141800
Wagholi,studio,sale,unfurnished,1,537,1,2,0,5,11,0,2500300
Chinchwad,apartment,rent,semi-furnished,2,1127,2,15,0,5,6,0,31300
Wakad,apartment,rent,semi-furnished,1,657,1,21,4,15,18,1,25800
Viman Nagar,apartment,sale,unfurnished,1,706,1,19,8,5,6,1,7046900
Boat Club Road,studio,sale,unfurnished,1,447,1,17,6,2,10,0,4962200
Hadapsar,apartment,sale,unfurnished,1,588,1,28,6,5,5,0,3088100
Chinchwad,studio,sale,semi-furnished,1,431,1,7,1,2,6,0,2187400
Baner,apartment,rent,semi-furnished,2,947,2,5,2,4,7,1,39000
Wakad,apartment,sale,semi-furnished,2,1129,2,12,6,2,5,1,9255000
Baner,apartment,rent,semi-furnished,2,842,2,5,3,4,10,1,45800
Viman Nagar,villa,rent,semi-furnished,1,4071,1,10,9,7,7,1,1041400
Aundh,apartment,sale,fully-furnished,4,1632,4,24,3,2,7,1,14869500
Kothrud,apartment,rent,fully-furnished,5,1995,5,13,2,10,10,1,224000
Baner,apartment,rent,semi-furnished,2,999,2,9,7,14,14,1,47200
Aundh,apartment,sale,fully-furnished,2,1205,2,0,5,1,3,1,14056000
Hinjewadi,apartment,rent,semi-furnished,3,1137,3,29,2,5,6,1,67400
Pimple Saudagar,apartment,sale,fully-furnished,2,753,2,17,4,4,10,0,6389200
Pisoli,house,rent,fully-furnished,2,872,2,11,3,2,2,0,29600
Camp,house,sale,unfurnished,3,1558,3,6,5,17,17,0,13727600
Kothrud,plot,sale,semi-furnished,0,615,1,10,5,0,1,1,3912000
Undri,commercial,rent,semi-furnished,0,2275,1,23,4,0,1,0,226700
Camp,plot,sale,fully-furnished,0,632,1,0,6,0,1,0,8052100
Pashan,apartment,rent,semi-furnished,2,1345,2,21,1,3,11,0,41100
Magarpatta,apartment,sale,semi-furnished,4,1702,4,10,7,4,14,0,21527700
Kharadi,apartment,sale,unfurnished,1,527,1,25,6,1,4,1,3336200
Hinjewadi,apartment,sale,semi-furnished,2,806,2,20,3,1,12,1,6027200
Baner,studio,sale,semi-furnished,1,499,1,18,3,1,11,1,4058400
Pimple Saudagar,apartment,sale,semi-furnished,5,2268,5,18,1,12,13,0,22108100
Viman Nagar,plot,sale,semi-furnished,0,2924,1,10,6,0,1,1,20180900
Kalyani Nagar,plot,sale,semi-furnished,0,2954,1,13,5,0,1,0,26764800
Kalyani Nagar,plot,rent,semi-furnished,0,2820,1,1,7,0,1,0,128900
Chinchwad,villa,sale,unfurnished,2,3978,2,29,0,0,9,0,19257300
Pashan,plot,sale,unfurnished,0,1072,1,15,4,0,1,0,7414500
Wakad,apartment,sale,semi-furnished,2,1036,2,0,7,9,9,1,12005700
Viman Nagar,apartment,rent,unfurnished,2,760,2,5,10,8,9,1,41000
Viman Nagar,apartment,sale,semi-furnished,2,1119,2,14,9,0,5,1,12341300
Chinchwad,apartment,sale,fully-furnished,1,554,1,7,2,0,10,0,2614300
Kothrud,apartment,rent,unfurnished,2,1285,2,23,6,0,2,1,75100
Boat Club Road,plot,rent,unfurnished,0,1828,1,20,8,0,1,0,98500
Kharadi,villa,rent,semi-furnished,3,2960,3,16,2,8,10,1,509300
Wakad,apartment,rent,fully-furnished,4,1593,4,15,5,5,5,1,146100
Chinchwad,apartment,rent,fully-furnished,2,1026,2,6,5,1,11,0,45700
Shivajinagar,commercial,sale,semi-furnished,0,1135,1,23,10,0,1,1,22314300
Bavdhan,plot,rent,semi-furnished,0,1262,1,23,4,0,1,0,43500
Kondhwa,house,rent,fully-furnished,3,1291,3,11,1,1,5,0,57000
Kalyani Nagar,house,sale,semi-furnished,1,529,1,12,9,6,9,0,6555400
Hinjewadi,studio,sale,fully-furnished,1,441,1,6,2,3,15,1,3723000
Kondhwa,apartment,rent,unfurnished,2,990,2,24,2,10,11,0,25400
Pimple Saudagar,apartment,sale,fully-furnished,2,845,2,21,5,3,6,0,5769000
Viman Nagar,apartment,rent,fully-furnished,5,1405,5,11,4,9,10,1,227900
Pisoli,house,sale,semi-furnished,3,950,3,11,0,4,8,0,5297000
Kharadi,apartment,sale,fully-furnished,4,1657,4,15,4,5,14,1,16183500
Undri,apartment,rent,unfurnished,4,1088,4,22,1,8,8,0,53400
Viman Nagar,apartment,sale,semi-furnished,3,1196,3,15,7,2,16,1,10825100
Baner,apartment,rent,semi-furnished,2,1146,2,14,4,11,12,1,58400
Viman Nagar,apartment,sale,fully-furnished,3,1334,3,23,7,8,11,1,16627200
Viman Nagar,apartment,rent,semi-furnished,2,1324,2,12,9,13,13,1,72700
Pimple Saudagar,apartment,sale,fully-furnished,4,1543,4,15,2,4,5,0,13879100
Shivajinagar,commercial,sale,unfurnished,0,3363,1,12,6,0,1,1,25126100
Kalyani Nagar,house,sale,semi-furnished,2,1102,2,19,10,3,6,0,10590800
Pashan,apartment,sale,fully-furnished,4,1789,4,27,6,4,16,0,14691100
Kothrud,apartment,sale,semi-furnished,3,1143,3,15,5,2,13,1,11886100
Hinjewadi,villa,sale,semi-furnished,1,2437,1,26,5,4,7,1,19208500
Balewadi,apartment,rent,semi-furnished,3,1259,3,0,5,11,16,0,77000
Viman Nagar,studio,sale,unfurnished,1,492,1,20,8,4,8,1,4170700
Wagholi,apartment,rent,unfurnished,3,1305,3,16,0,1,2,0,37400
Viman Nagar,studio,rent,fully-furnished,1,328,1,12,5,3,21,1,22800
Hadapsar,apartment,sale,semi-furnished,3,1465,3,18,1,1,7,0,7555800
Hinjewadi,apartment,rent,semi-furnished,1,666,1,15,4,1,9,1,14800
Wakad,villa,rent,fully-furnished,1,2892,1,8,3,0,15,1,506400
Baner,apartment,rent,fully-furnished,2,780,2,24,5,14,15,1,26700
Aundh,plot,rent,unfurnished,0,3654,1,1,4,0,1,1,104600
Kharadi,apartment,sale,fully-furnished,4,1794,4,2,3,3,9,1,19477500
Kharadi,apartment,sale,fully-furnished,2,805,2,15,6,10,13,1,7616600
Kondhwa,house,sale,semi-furnished,4,1436,4,1,3,9,9,0,13886900
Kharadi,apartment,sale,semi-furnished,4,1616,4,26,4,9,13,1,12998700
Kothrud,apartment,sale,unfurnished,3,1210,3,27,2,7,14,1,8360100
Koregaon Park,commercial,rent,semi-furnished,0,2364,1,30,9,0,1,0,168800
Kalyani Nagar,apartment,sale,fully-furnished,2,912,2,18,7,3,13,0,12882000
Chinchwad,plot,rent,semi-furnished,0,3319,1,5,3,0,1,0,74800
Bavdhan,house,rent,unfurnished,5,2151,5,3,3,0,14,0,167900
Hinjewadi,commercial,sale,semi-furnished,0,429,1,14,2,0,1,1,3321700
Hinjewadi,villa,rent,fully-furnished,2,2008,2,26,2,0,5,1,551500
Baner,apartment,rent,semi-furnished,2,850,2,30,6,4,8,1,40900
Bavdhan,apartment,sale,fully-furnished,1,999,1,22,3,11,12,0,5835900
Aundh,apartment,sale,semi-furnished,4,1462,4,21,2,7,8,1,13191900
Aundh,commercial,rent,fully-furnished,0,1446,1,16,6,0,1,1,175500
Hinjewadi,apartment,sale,unfurnished,5,2019,5,20,3,10,12,1,18265000
Kothrud,studio,sale,semi-furnished,1,453,1,31,5,13,19,1,3341900
Aundh,villa,rent,semi-furnished,1,3121,1,21,6,3,12,1,631200
Pimpri,apartment,rent,fully-furnished,3,1378,3,5,1,6,11,0,47300
Pimple Saudagar,apartment,rent,fully-furnished,5,2201,5,13,4,3,7,0,244100
Wagholi,house,rent,fully-furnished,4,1334,4,26,5,0,2,0,79900
Pimple Saudagar,studio,rent,fully-furnished,1,300,1,19,1,4,7,0,19700
Chinchwad,villa,sale,semi-furnished,3,2427,3,4,3,4,4,0,16853100
Kalyani Nagar,villa,sale,unfurnished,2,2194,2,7,7,0,6,0,33497800
Kharadi,apartment,sale,semi-furnished,2,970,2,5,3,7,11,1,8985600
Pisoli,commercial,rent,semi-furnished,0,2351,1,27,0,0,1,0,129500
Kothrud,house,rent,fully-furnished,3,1242,3,7,1,11,12,1,86900
Pimpri,commercial,sale,semi-furnished,0,907,1,4,2,0,1,0,6167500
Wakad,studio,sale,semi-furnished,1,624,1,12,6,5,8,1,5860300
Hinjewadi,apartment,rent,unfurnished,2,1121,2,28,5,6,15,1,47400
Chinchwad,villa,sale,unfurnished,3,2639,3,15,3,0,8,0,15594200
Pisoli,apartment,sale,unfurnished,2,882,2,6,3,9,9,0,4104800
Baner,apartment,rent,semi-furnished,3,1447,3,18,7,10,20,1,90600
Koregaon Park,apartment,rent,fully-furnished,3,1184,3,17,8,7,15,0,136700
Pashan,apartment,rent,unfurnished,1,521,1,27,7,4,6,0,14200
Camp,apartment,rent,fully-furnished,3,1190,3,21,3,4,4,0,96900
Hinjewadi,apartment,sale,semi-furnished,3,1303,3,21,2,3,5,1,10705400
Viman Nagar,apartment,sale,unfurnished,3,1538,3,17,6,8,9,1,17616600
Bavdhan,villa,rent,semi-furnished,2,1694,2,31,2,9,10,0,441600
Aundh,apartment,sale,semi-furnished,3,1512,3,8,7,1,4,1,18625500
Bavdhan,commercial,sale,unfurnished,0,2984,1,5,2,0,1,0,17455000
Hadapsar,villa,sale,unfurnished,3,2538,3,7,1,6,12,0,19895600
Aundh,apartment,rent,semi-furnished,3,924,3,9,5,9,19,1,58400
Pisoli,apartment,rent,unfurnished,2,870,2,27,2,5,5,0,21500
Hinjewadi,apartment,sale,unfurnished,3,1260,3,1,3,4,11,1,10052900
Hinjewadi,villa,rent,semi-furnished,5,2637,5,28,2,6,6,1,713700
Hinjewadi,commercial,sale,unfurnished,0,1978,1,10,4,0,1,1,14555100
Wanowrie,commercial,sale,semi-furnished,0,1081,1,30,2,0,1,0,5067300
Kharadi,studio,sale,fully-furnished,1,454,1,4,5,9,9,1,5420300
Viman Nagar,apartment,rent,semi-furnished,2,654,2,11,6,10,11,1,48200
Aundh,apartment,sale,fully-furnished,2,1241,2,31,3,6,6,1,12186400
Shivajinagar,apartment,rent,unfurnished,2,1044,2,0,5,1,15,1,38000
Koregaon Park,house,rent,fully-furnished,3,1522,3,19,3,0,6,0,140500
Chinchwad,plot,rent,unfurnished,0,4256,1,5,4,0,1,0,69900
Bavdhan,studio,rent,unfurnished,1,412,1,16,2,6,13,0,16800
Hinjewadi,apartment,sale,fully-furnished,2,879,2,1,4,10,14,1,8375100
Wagholi,apartment,sale,fully-furnished,1,704,1,22,2,2,7,0,3008700
Pimpri,apartment,rent,fully-furnished,2,1096,2,8,2,8,8,0,28000
Wanowrie,commercial,rent,semi-furnished,0,4636,1,6,6,0,1,0,606600
Balewadi,villa,rent,semi-furnished,5,3031,5,2,6,5,6,0,520500
Pashan,commercial,rent,unfurnished,0,1419,1,9,5,0,1,0,86200
Wakad,house,sale,semi-furnished,3,1639,3,28,9,4,4,1,14951200
Pimple Saudagar,plot,rent,fully-furnished,0,2251,1,21,0,0,1,0,65000
Wakad,house,rent,semi-furnished,3,1374,3,18,5,2,6,1,70900
Aundh,apartment,sale,semi-furnished,2,1017,2,11,8,5,5,1,9840300
Baner,villa,rent,unfurnished,4,2549,4,4,5,5,10,1,652800
Hinjewadi,commercial,sale,semi-furnished,0,4169,1,23,3,0,1,1,34590000
Shivajinagar,house,sale,fully-furnished,3,1093,3,1,3,4,4,1,17471300
Kothrud,villa,sale,unfurnished,2,4052,2,12,7,1,4,1,35891400
Hinjewadi,studio,sale,semi-furnished,1,426,1,11,0,3,6,1,3340200
Chinchwad,apartment,rent,semi-furnished,2,991,2,17,2,4,4,0,31300
Hinjewadi,villa,rent,semi-furnished,2,2635,2,22,2,2,10,1,525900
Shivajinagar,studio,sale,unfurnished,1,671,1,3,6,1,8,1,7858800
Kothrud,studio,sale,semi-furnished,1,478,1,5,4,2,6,1,4607100
Hinjewadi,house,rent,unfurnished,3,1248,3,13,7,9,10,1,80700
Hadapsar,apartment,sale,fully-furnished,2,1008,2,6,0,5,11,0,7128900
Bavdhan,house,sale,semi-furnished,3,1296,3,18,2,1,9,0,9146400
Koregaon Park,villa,sale,semi-furnished,2,3142,2,24,7,0,9,0,42926500
Wanowrie,apartment,rent,semi-furnished,4,1489,4,18,5,4,6,0,101700
Wanowrie,commercial,sale,unfurnished,0,4512,1,31,6,0,1,0,29190000
Pashan,apartment,sale,semi-furnished,4,1405,4,1,3,5,8,0,17749400
Undri,villa,sale,fully-furnished,2,2688,2,4,1,4,11,0,20694600
Viman Nagar,apartment,sale,fully-furnished,2,1128,2,18,8,6,10,1,11127000
Wagholi,studio,sale,fully-furnished,1,534,1,21,2,8,12,0,2729400
Pimple Saudagar,house,rent,fully-furnished,2,1152,2,29,3,0,4,0,39600
Viman Nagar,apartment,rent,semi-furnished,1,703,1,22,9,5,13,1,14300
Kothrud,house,sale,semi-furnished,2,895,2,21,2,3,13,1,7301900
Wagholi,apartment,rent,semi-furnished,4,1536,4,10,1,10,12,0,74700
Viman Nagar,commercial,rent,semi-furnished,0,3670,1,26,7,0,1,1,273800
Kalyani Nagar,apartment,sale,unfurnished,2,844,2,18,5,7,8,0,9694000
Pisoli,studio,rent,semi-furnished,1,772,1,31,2,8,9,0,14100
Wakad,apartment,sale,fully-furnished,2,1000,2,19,6,8,11,1,9815400
Wakad,apartment,sale,semi-furnished,2,1185,2,20,6,0,14,1,8614700
Shivajinagar,apartment,sale,unfurnished,3,1373,3,28,10,0,9,1,10757600
Kondhwa,apartment,rent,unfurnished,4,1527,4,29,3,6,6,0,82500
Kothrud,apartment,sale,semi-furnished,2,1104,2,18,3,7,7,1,9438700
Kothrud,plot,sale,unfurnished,0,3997,1,13,7,0,1,1,20451000
Pimpri,apartment,sale,semi-furnished,2,666,2,3,3,3,6,0,5271600
Viman Nagar,apartment,sale,semi-furnished,4,1560,4,2,6,6,7,1,25772800
Pimple Saudagar,villa,rent,semi-furnished,3,1248,3,12,2,2,5,0,211800
Pimple Saudagar,apartment,rent,unfurnished,2,1233,2,6,1,4,11,0,31900
Koregaon Park,apartment,sale,unfurnished,3,1351,3,18,7,5,9,0,15503100
Kalyani Nagar,apartment,rent,semi-furnished,5,1947,5,21,6,5,7,0,289000
Viman Nagar,plot,rent,unfurnished,0,4567,1,14,5,0,1,1,157300
Pisoli,apartment,rent,semi-furnished,3,1117,3,4,1,2,2,0,51900
Wanowrie,apartment,rent,unfurnished,2,1059,2,19,2,6,11,0,30900
Hinjewadi,apartment,sale,semi-furnished,2,845,2,14,2,4,10,1,6772500
Kalyani Nagar,apartment,sale,semi-furnished,3,1082,3,2,6,2,4,0,14320100
Wanowrie,studio,sale,unfurnished,1,401,1,31,2,11,11,0,2047000
Baner,commercial,sale,semi-furnished,0,3217,1,24,6,0,1,1,30916100
Hinjewadi,apartment,sale,semi-furnished,3,1130,3,18,5,4,13,1,8491700
Chinchwad,commercial,rent,fully-furnished,0,294,1,4,2,0,1,0,56100
Chinchwad,studio,sale,unfurnished,1,522,1,30,4,7,10,0,2814500
Koregaon Park,apartment,sale,unfurnished,2,644,2,26,5,6,9,0,6658000
Pimpri,apartment,sale,fully-furnished,2,868,2,17,4,3,13,0,5196400
Boat Club Road,plot,rent,fully-furnished,0,761,1,2,6,0,1,0,64700
Hinjewadi,apartment,sale,semi-furnished,4,1453,4,17,0,11,11,1,11113900
Kharadi,apartment,rent,semi-furnished,2,903,2,26,7,1,2,1,29900
Shivajinagar,house,sale,unfurnished,1,791,1,28,8,9,13,1,6351800
Wakad,apartment,sale,fully-furnished,4,1734,4,8,4,1,2,1,22359500
Wagholi,plot,rent,semi-furnished,0,3603,1,13,4,0,1,0,72600
Magarpatta,villa,rent,semi-furnished,3,4219,3,17,5,4,5,0,522300
Viman Nagar,apartment,rent,semi-furnished,3,1351,3,18,6,7,13,1,89800
Kalyani Nagar,house,rent,fully-furnished,2,760,2,15,6,12,19,0,51100
Bavdhan,villa,rent,unfurnished,4,3242,4,14,4,2,7,0,680300
Bavdhan,commercial,sale,unfurnished,0,4181,1,6,1,0,1,0,27656000
Pimpri,apartment,rent,fully-furnished,1,754,1,27,3,2,9,0,17800
Koregaon Park,house,rent,unfurnished,2,1235,2,17,4,4,7,0,61400
Wanowrie,commercial,sale,unfurnished,0,3142,1,3,3,0,1,0,27549300
Wanowrie,studio,rent,fully-furnished,1,469,1,4,4,8,21,0,22000
Pimpri,studio,sale,fully-furnished,1,608,1,23,0,1,2,0,2819300
Bavdhan,apartment,rent,semi-furnished,1,930,1,30,5,2,13,0,29100
Kharadi,commercial,sale,unfurnished,0,2530,1,23,2,0,1,1,7200900
Wakad,apartment,sale,fully-furnished,2,1051,2,0,2,6,13,1,12564700
Pisoli,house,rent,fully-furnished,3,1308,3,10,0,5,7,0,51900
Wanowrie,studio,rent,unfurnished,1,536,1,6,6,13,18,0,15700
Wakad,commercial,sale,fully-furnished,0,5887,1,25,5,0,1,1,68764600
Viman Nagar,apartment,sale,semi-furnished,2,935,2,14,8,0,7,1,9333700
Aundh,house,sale,semi-furnished,3,1135,3,15,4,12,16,1,11571900
Hinjewadi,villa,rent,semi-furnished,2,1536,2,9,3,11,15,1,255900
Hinjewadi,commercial,rent,unfurnished,0,619,1,31,3,0,1,1,87800
Pashan,apartment,sale,fully-furnished,1,559,1,27,7,0,9,0,3739300
Bavdhan,studio,sale,fully-furnished,1,334,1,31,4,6,11,0,2608000
Koregaon Park,house,sale,fully-furnished,3,1100,3,3,4,8,10,0,20677000
Hadapsar,house,rent,unfurnished,1,488,1,13,6,4,9,0,17000
Bavdhan,house,sale,unfurnished,2,614,2,31,3,1,9,0,3141200
Viman Nagar,apartment,rent,fully-furnished,3,1216,3,3,8,12,12,1,108800
Pimpri,villa,sale,unfurnished,2,2737,2,28,3,8,10,0,16999900
Kharadi,studio,sale,unfurnished,1,565,1,26,3,0,6,1,2751700
Hadapsar,studio,sale,semi-furnished,1,572,1,8,6,2,8,0,3404000
Kothrud,apartment,rent,semi-furnished,4,1456,4,4,2,8,8,1,113100
Magarpatta,house,rent,fully-furnished,3,1484,3,12,2,3,6,0,76500
Kothrud,apartment,rent,fully-furnished,2,1151,2,27,5,1,2,1,51700
Magarpatta,apartment,rent,fully-furnished,3,1043,3,5,2,6,10,0,68000
Hinjewadi,apartment,sale,semi-furnished,2,1243,2,16,6,2,13,1,8105100
Koregaon Park,apartment,rent,unfurnished,1,756,1,10,10,3,10,0,39300
Hinjewadi,plot,sale,semi-furnished,0,2719,1,29,2,0,1,1,8634200
Viman Nagar,apartment,rent,unfurnished,1,594,1,22,6,9,14,1,19600
Bavdhan,apartment,rent,fully-furnished,3,1296,3,5,1,1,10,0,65800
Hinjewadi,apartment,sale,unfurnished,2,950,2,26,4,3,8,1,5545700
Undri,apartment,rent,unfurnished,3,1271,3,11,1,7,9,0,38600
Kalyani Nagar,house,rent,fully-furnished,3,1456,3,7,8,10,10,0,152400
Hinjewadi,apartment,rent,semi-furnished,3,1132,3,30,4,4,10,1,65900
Hinjewadi,plot,sale,semi-furnished,0,3232,1,23,3,0,1,1,10108500
Pimpri,apartment,sale,semi-furnished,4,1363,4,19,2,7,10,0,9872400
Hinjewadi,apartment,rent,semi-furnished,2,1021,2,27,4,2,5,1,37200
Pimple Saudagar,apartment,sale,semi-furnished,2,792,2,23,0,2,2,0,6207300
Kothrud,plot,sale,fully-furnished,0,2493,1,10,4,0,1,1,13010600
Pashan,apartment,sale,semi-furnished,2,1083,2,29,4,5,16,0,6230900
Kothrud,apartment,sale,unfurnished,4,1689,4,21,6,7,7,1,15265600
Wakad,studio,sale,unfurnished,1,569,1,16,2,5,14,1,3691900
Pimple Saudagar,apartment,rent,semi-furnished,1,977,1,14,1,1,3,0,25100
Pashan,apartment,sale,semi-furnished,5,1584,5,22,2,4,11,0,15234000
Hinjewadi,apartment,sale,unfurnished,2,1034,2,20,0,5,5,1,5017200
Balewadi,studio,sale,unfurnished,1,571,1,10,7,0,6,0,4841200
Pimple Saudagar,apartment,sale,semi-furnished,3,1157,3,28,5,3,6,0,7348100
Pimple Saudagar,plot,rent,fully-furnished,0,3720,1,24,0,0,1,0,81900
Kalyani Nagar,villa,rent,semi-furnished,2,1783,2,20,4,1,8,0,559600
Pimple Saudagar,apartment,sale,unfurnished,1,642,1,25,4,6,10,0,3942500
Kothrud,studio,rent,semi-furnished,1,722,1,29,2,3,10,1,26100
Magarpatta,studio,rent,semi-furnished,1,440,1,11,5,2,6,0,20200
Aundh,house,sale,semi-furnished,2,1008,2,29,8,11,14,1,7839900
Undri,villa,sale,fully-furnished,1,2397,1,4,6,2,2,0,25412900
Undri,apartment,sale,semi-furnished,1,864,1,20,2,10,20,0,3668700
Pimpri,apartment,sale,unfurnished,4,1776,4,10,4,2,5,0,11060300
Hinjewadi,apartment,rent,fully-furnished,2,1267,2,3,2,1,9,1,49500
Pimple Saudagar,commercial,sale,fully-furnished,0,3602,1,28,3,0,1,0,20495300
Balewadi,house,sale,fully-furnished,4,1797,4,9,6,4,14,0,22239900
Wanowrie,studio,sale,semi-furnished,1,619,1,14,6,15,15,0,4522400
Pimple Saudagar,apartment,sale,unfurnished,2,867,2,8,2,2,14,0,5430200
Magarpatta,commercial,rent,semi-furnished,0,5142,1,12,4,0,1,0,451000
Hadapsar,house,rent,unfurnished,2,681,2,2,3,1,8,0,19100
Shivajinagar,house,rent,semi-furnished,2,910,2,21,6,2,5,1,50900
Balewadi,apartment,sale,unfurnished,2,773,2,3,4,1,3,0,5538000
Koregaon Park,commercial,sale,semi-furnished,0,5341,1,15,8,0,1,0,59850700
Baner,house,rent,unfurnished,3,1218,3,9,7,1,2,1,81400
Chinchwad,house,sale,semi-furnished,2,988,2,11,0,0,9,0,4368100
Viman Nagar,villa,rent,semi-furnished,2,3192,2,30,5,4,13,1,773500
Chinchwad,villa,sale,unfurnished,4,1815,4,2,0,10,15,0,12804800
Wakad,commercial,rent,unfurnished,0,1794,1,16,4,0,1,1,214800
Undri,apartment,sale,fully-furnished,2,880,2,27,4,0,14,0,4500300
Kalyani Nagar,apartment,rent,fully-furnished,1,595,1,5,3,2,7,0,32400
Kharadi,house,rent,unfurnished,3,1227,3,18,2,4,6,1,57400
Hinjewadi,plot,rent,fully-furnished,0,3235,1,2,3,0,1,1,114600
Pimpri,plot,sale,unfurnished,0,2795,1,8,3,0,1,0,10318500
Viman Nagar,studio,sale,unfurnished,1,532,1,18,9,3,10,1,6435800
Baner,house,rent,unfurnished,1,613,1,6,6,6,8,1,23700
Koregaon Park,house,rent,semi-furnished,3,1184,3,18,10,1,8,0,108400
Pimpri,apartment,rent,semi-furnished,1,1037,1,29,4,4,19,0,16600
Pashan,apartment,sale,unfurnished,3,1441,3,4,1,7,13,0,10869000
Baner,apartment,sale,semi-furnished,3,1341,3,13,3,0,2,1,15091800
Pimpri,plot,sale,fully-furnished,0,3397,1,19,4,0,1,0,10156500
Viman Nagar,plot,rent,semi-furnished,0,2617,1,26,5,0,1,1,100000
Shivajinagar,commercial,sale,semi-furnished,0,608,1,6,6,0,1,1,6690000
Pashan,commercial,rent,semi-furnished,0,3738,1,4,7,0,1,0,670800
Kothrud,commercial,rent,fully-furnished,0,1351,1,4,4,0,1,1,165500
Kalyani Nagar,apartment,sale,fully-furnished,2,911,2,21,7,13,14,0,12383100
Kothrud,commercial,sale,semi-furnished,0,5332,1,24,3,0,1,1,27059100
Chinchwad,plot,sale,fully-furnished,0,2221,1,26,1,0,1,0,6097300
Kothrud,commercial,rent,fully-furnished,0,2359,1,27,0,0,1,1,365900
Pimple Saudagar,apartment,rent,fully-furnished,2,1292,2,1,6,11,13,0,52600
Hinjewadi,plot,sale,semi-furnished,0,1232,1,20,6,0,1,1,8263800
Aundh,apartment,rent,semi-furnished,1,662,1,5,3,7,11,1,26300
Balewadi,house,rent,semi-furnished,2,869,2,11,2,1,6,0,42100
Pimple Saudagar,house,rent,unfurnished,4,1828,4,7,3,16,18,0,94900
Kalyani Nagar,villa,rent,fully-furnished,2,3162,2,18,8,3,15,0,774100
Pisoli,house,sale,unfurnished,3,1054,3,7,4,4,4,0,6235500
Wakad,house,sale,fully-furnished,2,1370,2,28,2,4,10,1,10910000
Kharadi,house,rent,semi-furnished,4,1312,4,9,7,6,9,1,110700
Hadapsar,villa,rent,fully-furnished,2,2204,2,23,0,4,6,0,519300
Wagholi,studio,sale,unfurnished,1,449,1,20,0,10,12,0,2035500
Kharadi,plot,sale,unfurnished,0,3718,1,23,2,0,1,1,12612000
Koregaon Park,villa,rent,fully-furnished,4,2548,4,30,10,3,10,0,537500
Hinjewadi,apartment,sale,fully-furnished,2,868,2,10,3,3,3,1,10046500
Wakad,plot,sale,unfurnished,0,1138,1,8,3,0,1,1,4540500
Pimple Saudagar,plot,rent,semi-furnished,0,2673,1,1,5,0,1,0,66500
Koregaon Park,villa,rent,fully-furnished,2,2308,2,7,6,0,10,0,616900
Viman Nagar,apartment,rent,fully-furnished,1,437,1,21,8,3,9,1,31700
Wakad,apartment,rent,semi-furnished,2,975,2,2,5,3,16,1,31100
Kalyani Nagar,apartment,sale,fully-furnished,2,860,2,6,5,4,13,0,12500500
Kothrud,house,sale,unfurnished,2,984,2,18,4,9,17,1,8104800
Baner,commercial,rent,unfurnished,0,3461,1,29,8,0,1,1,427600
Wakad,apartment,rent,semi-furnished,2,776,2,13,6,6,7,1,20800
Hinjewadi,apartment,rent,semi-furnished,3,1321,3,18,4,1,14,1,72800
Koregaon Park,plot,sale,semi-furnished,0,4319,1,24,5,0,1,0,52725400
Wakad,apartment,rent,semi-furnished,2,1113,2,17,3,13,13,1,33300
Viman Nagar,apartment,rent,fully-furnished,5,2170,5,30,9,2,11,1,365800
Magarpatta,apartment,sale,semi-furnished,2,899,2,19,4,16,16,0,7775400
Pisoli,apartment,sale,semi-furnished,1,931,1,31,2,2,7,0,3720500
Hinjewadi,house,sale,fully-furnished,2,911,2,15,4,11,11,1,8035400
Baner,commercial,sale,unfurnished,0,3674,1,10,4,0,1,1,39648200
Aundh,apartment,rent,semi-furnished,4,1903,4,12,2,4,6,1,144100
Kharadi,apartment,sale,fully-furnished,3,1279,3,31,5,8,9,1,11815400
Wanowrie,house,sale,fully-furnished,5,1928,5,28,4,3,5,0,14958100
Baner,apartment,rent,unfurnished,2,900,2,21,5,10,16,1,41700
Shivajinagar,studio,sale,semi-furnished,1,428,1,11,5,0,6,1,4617700
Bavdhan,apartment,sale,semi-furnished,2,977,2,11,4,3,3,0,6414300
Magarpatta,apartment,rent,semi-furnished,2,955,2,1,5,3,9,0,54500
Chinchwad,apartment,rent,semi-furnished,2,890,2,24,3,4,14,0,23600
Shivajinagar,apartment,rent,unfurnished,3,1661,3,24,6,3,12,1,104300
Undri,apartment,rent,fully-furnished,3,1233,3,20,2,4,11,0,49600
Hinjewadi,apartment,rent,semi-furnished,2,934,2,4,1,1,13,1,24600
Kalyani Nagar,apartment,sale,fully-furnished,4,1583,4,2,5,10,12,0,33427600
Kharadi,house,sale,unfurnished,2,1186,2,12,5,0,3,1,7128400
Kalyani Nagar,apartment,rent,unfurnished,1,906,1,13,5,1,17,0,40900
Bavdhan,house,sale,semi-furnished,2,1094,2,27,1,6,10,0,5047300
Pisoli,apartment,rent,semi-furnished,1,972,1,9,0,0,16,0,21400
Hinjewadi,apartment,sale,unfurnished,2,902,2,25,0,10,10,1,5203200
Kharadi,apartment,rent,semi-furnished,2,738,2,5,3,6,8,1,34300
Pisoli,apartment,sale,fully-furnished,3,1580,3,8,0,12,19,0,8416100
Pimple Saudagar,apartment,sale,fully-furnished,1,920,1,9,2,4,14,0,5733300
Koregaon Park,plot,rent,unfurnished,0,4932,1,27,7,0,1,0,274200
Balewadi,commercial,sale,fully-furnished,0,2442,1,27,5,0,1,0,19734400
Kothrud,house,rent,semi-furnished,5,1757,5,9,3,0,11,1,211900
Magarpatta,apartment,rent,semi-furnished,2,1149,2,19,5,3,5,0,36000
Hinjewadi,apartment,sale,unfurnished,5,1959,5,11,5,3,11,1,17794500
Chinchwad,apartment,sale,unfurnished,2,700,2,9,4,12,14,0,4428400
Koregaon Park,apartment,rent,unfurnished,4,1485,4,15,5,3,15,0,147700
Kharadi,apartment,rent,semi-furnished,3,1136,3,14,4,0,11,1,50600
Wagholi,studio,sale,fully-furnished,1,710,1,29,0,1,2,0,2813200
Pashan,apartment,sale,semi-furnished,2,1006,2,14,7,4,14,0,8003300
Hinjewadi,house,sale,unfurnished,3,1079,3,16,0,0,2,1,6061000
Hinjewadi,villa,rent,unfurnished,4,3646,4,12,5,0,10,1,320500
Pimpri,studio,sale,semi-furnished,1,572,1,7,2,1,11,0,3609400
Wanowrie,commercial,rent,semi-furnished,0,841,1,28,3,0,1,0,117100
Aundh,villa,sale,semi-furnished,1,3142,1,4,4,11,15,1,35440000
Hinjewadi,studio,rent,semi-furnished,1,475,1,11,4,5,8,1,19200
Hadapsar,plot,sale,fully-furnished,0,624,1,30,4,0,1,0,2708700
Pimpri,house,rent,semi-furnished,1,1126,1,7,2,3,6,0,8000
Baner,commercial,rent,unfurnished,0,2103,1,10,2,0,1,1,68500
Pimple Saudagar,apartment,rent,fully-furnished,4,1635,4,24,7,4,4,0,129400
Pimpri,villa,rent,fully-furnished,2,3802,2,29,0,0,7,0,409200
Undri,house,sale,unfurnished,3,1456,3,0,0,6,9,0,8992200
Undri,apartment,rent,semi-furnished,4,1844,4,22,1,6,7,0,90300
Chinchwad,studio,sale,fully-furnished,1,410,1,27,0,5,12,0,2370800
Balewadi,commercial,rent,unfurnished,0,4673,1,28,6,0,1,0,601000
Baner,villa,rent,semi-furnished,2,2169,2,9,4,4,7,1,592000
Undri,apartment,rent,fully-furnished,2,1190,2,27,0,1,4,0,41700
Bavdhan,apartment,sale,semi-furnished,2,948,2,6,1,14,14,0,6457500
Pashan,commercial,rent,fully-furnished,0,2220,1,1,2,0,1,0,218800
Wanowrie,apartment,rent,semi-furnished,5,1821,5,6,5,6,11,0,157700
Kothrud,villa,rent,semi-furnished,4,2353,4,25,1,0,12,1,440900
Hinjewadi,studio,sale,unfurnished,1,574,1,8,0,9,13,1,3299600
Kondhwa,apartment,rent,semi-furnished,1,1056,1,12,2,3,4,0,20100
Viman Nagar,house,rent,semi-furnished,2,894,2,20,10,9,9,1,45900
Kothrud,commercial,sale,semi-furnished,0,3610,1,25,6,0,1,1,32662700
Koregaon Park,studio,sale,unfurnished,1,475,1,26,4,5,5,0,4719500
Baner,apartment,rent,fully-furnished,4,1819,4,19,3,6,7,1,159300
Koregaon Park,apartment,rent,semi-furnished,2,1014,2,23,7,2,8,0,59900
Pimple Saudagar,studio,sale,semi-furnished,1,613,1,15,0,0,15,0,4193600
Hadapsar,studio,sale,unfurnished,1,459,1,27,0,8,10,0,1794600
Kothrud,apartment,sale,unfurnished,4,1731,4,1,5,4,7,1,18781700
Chinchwad,studio,sale,semi-furnished,1,331,1,8,1,8,10,0,2430700
Hinjewadi,apartment,sale,semi-furnished,1,760,1,14,2,2,13,1,5877800
Baner,plot,rent,fully-furnished,0,981,1,17,4,0,1,1,49000
Wakad,apartment,sale,unfurnished,2,1090,2,7,5,15,17,1,7357300
Wakad,commercial,sale,semi-furnished,0,1454,1,29,7,0,1,1,8674000
Undri,studio,sale,fully-furnished,1,392,1,4,2,3,3,0,3225400
Kalyani Nagar,house,rent,fully-furnished,2,849,2,20,3,8,13,0,62500
Hinjewadi,apartment,rent,fully-furnished,2,924,2,29,2,8,14,1,25800
Magarpatta,apartment,sale,semi-furnished,2,1073,2,13,5,9,9,0,10270300
Aundh,apartment,sale,fully-furnished,3,1374,3,1,3,12,12,1,17213900
Hinjewadi,apartment,sale,fully-furnished,1,838,1,18,1,12,13,1,7525300
Kondhwa,house,rent,semi-furnished,4,1443,4,8,2,7,12,0,78500
Hinjewadi,apartment,sale,semi-furnished,2,1084,2,19,3,0,10,1,6832900
Magarpatta,plot,rent,semi-furnished,0,3296,1,7,6,0,1,0,121500
Baner,apartment,rent,semi-furnished,5,1733,5,28,9,8,12,1,242700
Bavdhan,commercial,rent,unfurnished,0,1677,1,28,7,0,1,0,138300
Pashan,apartment,sale,semi-furnished,2,1147,2,29,9,13,14,0,8349000
Hadapsar,commercial,rent,semi-furnished,0,1362,1,11,4,0,1,0,68300
Kothrud,villa,sale,unfurnished,2,2824,2,19,4,8,8,1,20318300
Aundh,commercial,sale,unfurnished,0,1051,1,8,5,0,1,1,8293800
Aundh,apartment,rent,semi-furnished,4,1713,4,6,3,12,15,1,148300
Wakad,house,sale,semi-furnished,2,1059,2,8,5,2,2,1,11117700
Bavdhan,villa,rent,unfurnished,2,3105,2,31,4,7,8,0,339300
Kothrud,house,rent,fully-furnished,2,936,2,28,4,16,17,1,50700
Kalyani Nagar,apartment,sale,fully-furnished,2,1048,2,10,8,2,2,0,15955700
Wagholi,villa,rent,semi-furnished,4,2529,4,29,3,4,10,0,449000
Pimpri,apartment,sale,semi-furnished,2,1146,2,7,0,8,11,0,6088900
Shivajinagar,studio,rent,fully-furnished,1,341,1,3,7,9,11,1,26100
Shivajinagar,apartment,sale,unfurnished,3,1320,3,13,8,3,10,1,13610200
Pimple Saudagar,apartment,sale,semi-furnished,4,1649,4,20,4,11,12,0,13618200
Pashan,house,sale,fully-furnished,2,1170,2,25,4,4,6,0,8446600
Pashan,apartment,sale,semi-furnished,2,905,2,12,7,0,7,0,6310800
Pisoli,apartment,sale,fully-furnished,3,1386,3,17,1,1,6,0,7750600
Baner,studio,rent,fully-furnished,1,502,1,20,7,6,10,1,36400
Kothrud,commercial,rent,unfurnished,0,3630,1,8,5,0,1,1,424100
Hadapsar,villa,rent,semi-furnished,2,1685,2,14,3,1,5,0,283600
Camp,apartment,sale,unfurnished,3,1073,3,30,5,1,5,0,7038400
Koregaon Park,studio,sale,fully-furnished,1,436,1,30,10,0,13,0,5804800
Kalyani Nagar,commercial,rent,fully-furnished,0,2861,1,18,9,0,1,0,685400
Kothrud,apartment,rent,unfurnished,3,1668,3,17,6,7,13,1,86700
Chinchwad,house,rent,fully-furnished,3,1303,3,1,5,2,2,0,51200
Pashan,plot,sale,fully-furnished,0,4089,1,27,2,0,1,0,20518100
Wanowrie,studio,sale,unfurnished,1,550,1,28,4,9,14,0,2768400
Kothrud,apartment,rent,semi-furnished,3,1098,3,23,5,0,10,1,76600
Kharadi,apartment,rent,fully-furnished,1,695,1,1,5,15,21,1,19800
Baner,house,sale,semi-furnished,1,609,1,20,3,1,2,1,4987800
Undri,commercial,rent,unfurnished,0,2320,1,2,1,0,1,0,154700
Bavdhan,plot,sale,unfurnished,0,1059,1,29,4,0,1,0,4414500
Aundh,apartment,sale,semi-furnished,2,1018,2,8,5,4,7,1,11737800
Baner,commercial,sale,fully-furnished,0,2242,1,12,4,0,1,1,20131500
Viman Nagar,villa,sale,fully-furnished,3,2739,3,7,3,8,11,1,46683900
Undri,apartment,rent,unfurnished,2,460,2,8,2,6,19,0,13200
Chinchwad,apartment,rent,unfurnished,2,1177,2,0,0,0,2,0,35900
Magarpatta,apartment,rent,semi-furnished,1,852,1,14,4,2,7,0,10500
Hinjewadi,apartment,rent,semi-furnished,2,795,2,24,3,0,12,1,35200
Hinjewadi,villa,rent,fully-furnished,1,2828,1,17,6,5,9,1,165700
Hinjewadi,villa,sale,semi-furnished,1,3658,1,27,1,3,13,1,25127800
Baner,studio,sale,fully-furnished,1,608,1,9,5,3,18,1,6083100
Balewadi,house,rent,semi-furnished,1,726,1,0,5,4,5,0,16300
Pimple Saudagar,plot,sale,unfurnished,0,612,1,3,5,0,1,0,2627300
Wakad,villa,rent,semi-furnished,2,2670,2,15,8,1,7,1,691400
Hinjewadi,apartment,sale,fully-furnished,2,1313,2,5,1,2,4,1,10196900
Kothrud,apartment,rent,semi-furnished,3,1193,3,11,3,0,2,1,71100
Undri,apartment,rent,unfurnished,2,722,2,16,4,3,8,0,22500
Balewadi,apartment,sale,unfurnished,3,1267,3,4,6,2,9,0,10720900
Kothrud,studio,sale,unfurnished,1,416,1,3,4,6,9,1,4230200
Viman Nagar,villa,rent,fully-furnished,3,2658,3,28,4,4,9,1,788500
Pimpri,apartment,rent,fully-furnished,3,1260,3,17,3,6,10,0,65100
Undri,apartment,rent,semi-furnished,2,866,2,16,0,2,10,0,25300
Koregaon Park,studio,sale,fully-furnished,1,509,1,4,7,6,9,0,8970200
Kharadi,apartment,rent,fully-furnished,1,882,1,14,6,4,4,1,21500
Kothrud,apartment,sale,unfurnished,2,802,2,16,7,5,10,1,7255800
Wagholi,apartment,sale,semi-furnished,3,1026,3,9,4,7,11,0,6840500
Viman Nagar,villa,rent,fully-furnished,2,2494,2,21,7,17,17,1,646300
Pashan,apartment,rent,fully-furnished,5,2078,5,13,5,2,2,0,234900
Baner,apartment,rent,semi-furnished,2,780,2,16,0,3,6,1,41800
Baner,apartment,rent,fully-furnished,3,1548,3,28,3,3,10,1,65800
Pimple Saudagar,apartment,sale,unfurnished,2,1235,2,17,5,6,8,0,9069100
Kharadi,commercial,sale,fully-furnished,0,3554,1,14,3,0,1,1,32626200
Kharadi,villa,rent,fully-furnished,1,3985,1,28,6,9,10,1,817500
Kharadi,apartment,sale,semi-furnished,3,1560,3,1,6,9,11,1,16827300
Viman Nagar,apartment,rent,unfurnished,3,1276,3,26,3,12,13,1,68900
Balewadi,commercial,sale,semi-furnished,0,2894,1,16,3,0,1,0,23245600
Camp,commercial,sale,fully-furnished,0,712,1,15,4,0,1,0,6302100
Undri,apartment,sale,fully-furnished,2,757,2,18,0,6,12,0,4099600
Kothrud,villa,sale,unfurnished,3,3403,3,0,4,6,14,1,40728800
Kondhwa,apartment,sale,fully-furnished,3,1619,3,28,5,5,6,0,11535500
Hadapsar,apartment,rent,unfurnished,2,1006,2,16,1,4,19,0,24300
Pimpri,apartment,rent,fully-furnished,5,1875,5,11,4,7,11,0,176100
Koregaon Park,commercial,rent,fully-furnished,0,718,1,3,6,0,1,0,77600
Pimple Saudagar,apartment,sale,fully-furnished,2,758,2,2,0,6,7,0,6426100
Koregaon Park,studio,rent,semi-furnished,1,468,1,24,5,1,3,0,25900
Magarpatta,apartment,rent,semi-furnished,4,1798,4,23,0,12,17,0,114700
Kharadi,studio,sale,unfurnished,1,800,1,28,1,1,4,1,3703800
Wakad,apartment,sale,semi-furnished,2,1111,2,9,7,9,15,1,9560900
Kharadi,apartment,rent,fully-furnished,2,744,2,9,1,7,8,1,43800
Baner,apartment,sale,semi-furnished,1,969,1,29,2,11,11,1,7828300
Viman Nagar,house,rent,unfurnished,2,1104,2,29,3,4,5,1,55500
Viman Nagar,house,rent,fully-furnished,1,849,1,25,8,0,2,1,39600
Pimple Saudagar,house,sale,fully-furnished,2,1008,2,7,0,4,4,0,8149400
Viman Nagar,studio,rent,fully-furnished,1,445,1,17,7,8,17,1,31700
Kondhwa,apartment,rent,fully-furnished,4,1641,4,24,2,3,5,0,105300
Koregaon Park,apartment,sale,semi-furnished,5,2169,5,8,7,3,15,0,42338400
Aundh,apartment,rent,fully-furnished,3,1526,3,8,3,5,5,1,126100
Shivajinagar,apartment,sale,fully-furnished,3,1300,3,11,9,3,8,1,21353400
Koregaon Park,apartment,rent,semi-furnished,3,1525,3,23,4,7,12,0,117200
Hinjewadi,apartment,sale,unfurnished,3,1438,3,0,1,4,10,1,12135600
Wanowrie,apartment,rent,semi-furnished,1,420,1,21,0,0,4,0,13400
Baner,studio,rent,semi-furnished,1,504,1,12,9,1,5,1,17900
Wanowrie,commercial,rent,fully-furnished,0,1160,1,17,2,0,1,0,92400
Aundh,apartment,rent,semi-furnished,3,1249,3,20,4,5,7,1,83100
Wakad,apartment,rent,semi-furnished,2,1088,2,23,3,4,5,1,42700
Magarpatta,apartment,rent,semi-furnished,4,1672,4,31,5,0,13,0,136500
Wagholi,apartment,sale,unfurnished,5,1821,5,9,1,11,12,0,11028400
Koregaon Park,apartment,sale,semi-furnished,2,527,2,20,6,2,8,0,5663400
Koregaon Park,villa,sale,semi-furnished,2,3302,2,19,10,5,10,0,67066600
Kothrud,commercial,sale,fully-furnished,0,3954,1,3,4,0,1,1,38565200
Baner,apartment,rent,semi-furnished,3,1485,3,22,6,1,2,1,96700
Hinjewadi,apartment,sale,semi-furnished,3,1071,3,17,3,9,13,1,8297300
Bavdhan,studio,sale,fully-furnished,1,516,1,8,1,3,5,0,4803200
Wakad,plot,rent,semi-furnished,0,1809,1,7,2,0,1,1,61200
Balewadi,studio,sale,unfurnished,1,520,1,2,6,12,16,0,4047500
Baner,commercial,rent,fully-furnished,0,5131,1,3,4,0,1,1,234600
Aundh,apartment,rent,semi-furnished,3,1324,3,24,4,13,15,1,89000
Kondhwa,plot,rent,unfurnished,0,4427,1,17,4,0,1,0,96400
Baner,studio,sale,unfurnished,1,436,1,0,6,4,12,1,4292800
Kothrud,studio,rent,unfurnished,1,451,1,9,1,2,4,1,16600
Pisoli,apartment,rent,unfurnished,3,1136,3,12,2,5,7,0,33700
Bavdhan,studio,rent,unfurnished,1,563,1,25,3,7,10,0,18100
Chinchwad,commercial,sale,semi-furnished,0,3014,1,6,5,0,1,0,20808300
Hadapsar,plot,rent,semi-furnished,0,3488,1,31,5,0,1,0,45800
Hadapsar,commercial,rent,semi-furnished,0,3387,1,11,5,0,1,0,206400
Magarpatta,plot,rent,semi-furnished,0,3919,1,27,9,0,1,0,126200
Hinjewadi,house,rent,semi-furnished,2,750,2,2,2,6,16,1,24200
Pimpri,studio,sale,fully-furnished,1,435,1,0,0,1,3,0,3549900
Viman Nagar,apartment,rent,fully-furnished,3,1259,3,23,4,12,12,1,110300
Baner,apartment,sale,fully-furnished,1,523,1,12,1,2,10,1,3985500
Wanowrie,studio,rent,semi-furnished,1,488,1,23,5,2,3,0,20900
Wakad,apartment,sale,fully-furnished,1,466,1,11,5,2,8,1,4215100
Aundh,apartment,rent,unfurnished,4,1420,4,4,7,4,13,1,110700
Pimpri,commercial,rent,unfurnished,0,2262,1,18,1,0,1,0,107600
Pimple Saudagar,commercial,sale,fully-furnished,0,4176,1,3,4,0,1,0,51860600
Viman Nagar,plot,rent,unfurnished,0,3844,1,16,8,0,1,1,97200
Wakad,apartment,sale,unfurnished,3,1386,3,7,5,7,13,1,11741600
Wakad,plot,sale,unfurnished,0,1303,1,12,6,0,1,1,7290400
Kondhwa,apartment,rent,semi-furnished,3,1291,3,14,1,5,14,0,56400
Kothrud,villa,rent,semi-furnished,1,3250,1,15,3,7,14,1,644000
Koregaon Park,house,sale,fully-furnished,2,867,2,28,7,9,16,0,13380400
Koregaon Park,house,sale,semi-furnished,1,734,1,10,10,0,2,0,9238300
Kothrud,studio,sale,unfurnished,1,320,1,5,3,8,14,1,2793900
Balewadi,plot,rent,fully-furnished,0,1450,1,6,7,0,1,0,76300
Chinchwad,apartment,rent,fully-furnished,4,1630,4,10,4,2,2,0,100700
Pimple Saudagar,apartment,sale,fully-furnished,2,460,2,27,2,1,2,0,2811900
Boat Club Road,apartment,sale,unfurnished,2,1078,2,16,7,1,6,0,13215100
Shivajinagar,apartment,sale,fully-furnished,4,1578,4,27,6,8,8,1,23281200
Wagholi,villa,sale,unfurnished,2,2630,2,22,5,7,14,0,14599300
Pimple Saudagar,apartment,sale,fully-furnished,2,1147,2,30,6,16,18,0,6092100
Kothrud,house,sale,fully-furnished,3,1017,3,12,2,6,12,1,10785700
Pimple Saudagar,apartment,sale,unfurnished,2,940,2,18,2,7,8,0,5891300
Pimple Saudagar,apartment,rent,semi-furnished,1,596,1,15,0,12,16,0,11600
Magarpatta,apartment,sale,unfurnished,2,980,2,26,4,13,17,0,6175100
Hadapsar,apartment,sale,semi-furnished,3,1504,3,28,4,8,9,0,6634400
Pimpri,apartment,sale,fully-furnished,4,1436,4,28,2,7,14,0,9802600
Bavdhan,apartment,rent,semi-furnished,4,1642,4,4,0,0,11,0,93500
Camp,apartment,rent,semi-furnished,3,1625,3,20,4,1,2,0,86700
Wakad,studio,rent,fully-furnished,1,488,1,5,6,2,2,1,28200
Kalyani Nagar,apartment,sale,semi-furnished,2,1380,2,25,6,7,14,0,10496200
Pisoli,commercial,rent,fully-furnished,0,1005,1,31,4,0,1,0,64000
Balewadi,commercial,sale,fully-furnished,0,2534,1,1,5,0,1,0,41800000
Baner,apartment,rent,semi-furnished,2,762,2,31,7,2,8,1,44400
Balewadi,apartment,sale,semi-furnished,5,2174,5,13,5,11,13,0,25596000
Wakad,villa,rent,unfurnished,3,2368,3,14,6,9,11,1,228800
Hadapsar,plot,sale,unfurnished,0,4104,1,13,6,0,1,0,12530600
Kalyani Nagar,apartment,rent,unfurnished,3,1221,3,20,8,2,5,0,102900
Kothrud,apartment,sale,fully-furnished,2,1060,2,11,6,12,13,1,12351500
Baner,apartment,rent,semi-furnished,5,1864,5,24,5,10,12,1,219800
Viman Nagar,apartment,sale,semi-furnished,3,1481,3,8,9,1,13,1,22130200
Balewadi,apartment,sale,unfurnished,3,1374,3,6,7,4,13,0,14143100
Baner,studio,rent,semi-furnished,1,475,1,20,0,5,11,1,23000
Shivajinagar,apartment,rent,semi-furnished,2,1132,2,30,6,3,9,1,69100
Baner,apartment,rent,unfurnished,2,944,2,5,6,6,17,1,37300
Pisoli,studio,rent,fully-furnished,1,456,1,31,0,8,15,0,8500
Baner,studio,rent,unfurnished,1,559,1,27,7,3,14,1,24500
Balewadi,apartment,sale,semi-furnished,2,1060,2,16,4,3,6,0,9036900
Boat Club Road,plot,sale,unfurnished,0,2665,1,16,6,0,1,0,20386300
Undri,plot,rent,unfurnished,0,2961,1,21,8,0,1,0,43700
Magarpatta,apartment,sale,unfurnished,2,1304,2,19,4,3,15,0,6969000
Hinjewadi,apartment,rent,semi-furnished,4,1401,4,27,1,1,8,1,108300
Balewadi,apartment,sale,fully-furnished,4,1361,4,14,5,1,5,0,13149600
Kondhwa,apartment,sale,semi-furnished,3,1314,3,11,5,9,9,0,11546200
Pimpri,apartment,rent,semi-furnished,3,1340,3,25,4,8,10,0,55500
Wanowrie,apartment,rent,fully-furnished,3,1512,3,6,0,11,18,0,65700
Hinjewadi,apartment,sale,fully-furnished,2,1100,2,2,5,4,9,1,10544100
Boat Club Road,house,rent,unfurnished,4,1651,4,9,3,1,6,0,178600
Hinjewadi,apartment,sale,unfurnished,1,735,1,23,0,17,20,1,3836500
Shivajinagar,apartment,rent,unfurnished,2,939,2,21,5,1,2,1,37200
Baner,apartment,rent,unfurnished,3,1632,3,0,3,0,3,1,90800
Wanowrie,apartment,rent,fully-furnished,4,1288,4,11,6,3,5,0,120100
Koregaon Park,apartment,rent,unfurnished,2,1086,2,22,4,8,11,0,47700
Viman Nagar,apartment,sale,fully-furnished,1,560,1,28,5,12,12,1,5381100
Koregaon Park,villa,rent,unfurnished,1,3215,1,24,5,3,3,0,900700
Hinjewadi,commercial,sale,fully-furnished,0,3588,1,17,6,0,1,1,44680700
Shivajinagar,villa,sale,fully-furnished,1,4086,1,29,7,5,5,1,47963300
Kothrud,apartment,rent,fully-furnished,2,1062,2,2,6,6,10,1,53600
Baner,house,sale,unfurnished,3,1305,3,9,6,4,12,1,12009200
Camp,house,rent,fully-furnished,1,931,1,1,5,3,10,0,48500
Kondhwa,apartment,sale,semi-furnished,2,504,2,23,4,10,10,0,2912100
Aundh,apartment,sale,unfurnished,2,1013,2,28,5,1,2,1,6572200
Baner,apartment,sale,unfurnished,2,1131,2,12,8,0,11,1,11453800
Balewadi,apartment,sale,unfurnished,4,1611,4,18,2,0,10,0,10908600
Chinchwad,apartment,sale,fully-furnished,2,855,2,11,3,2,2,0,5910400
Chinchwad,commercial,sale,fully-furnished,0,4011,1,3,0,0,1,0,15371700
Kharadi,apartment,sale,semi-furnished,2,1012,2,30,7,3,13,1,7949700
Hinjewadi,studio,sale,semi-furnished,1,671,1,3,4,0,15,1,6388600
Magarpatta,apartment,sale,semi-furnished,3,1332,3,8,5,4,6,0,11779900
Baner,plot,sale,fully-furnished,0,883,1,22,6,0,1,1,4178600
Hadapsar,apartment,rent,unfurnished,4,1525,4,2,5,6,11,0,87000
Wanowrie,studio,sale,unfurnished,1,330,1,26,2,7,16,0,1500000
Wakad,studio,sale,semi-furnished,1,436,1,14,4,3,6,1,4144100
Kalyani Nagar,plot,sale,semi-furnished,0,4756,1,4,8,0,1,0,44430300
Hinjewadi,apartment,sale,fully-furnished,1,1001,1,15,6,11,12,1,9187800
Shivajinagar,studio,rent,fully-furnished,1,487,1,3,8,0,2,1,23300
Hinjewadi,house,sale,semi-furnished,2,1209,2,16,3,12,12,1,11239900
Kalyani Nagar,plot,rent,semi-furnished,0,4621,1,18,10,0,1,0,231600
Baner,villa,rent,semi-furnished,4,2761,4,8,3,1,11,1,593200
Chinchwad,apartment,rent,unfurnished,2,1068,2,8,4,4,9,0,28700
Pimple Saudagar,studio,sale,semi-furnished,1,515,1,25,1,2,4,0,2699400
Kondhwa,apartment,sale,unfurnished,2,949,2,30,1,10,13,0,3966900
Kondhwa,villa,sale,semi-furnished,2,3267,2,10,3,8,9,0,28712100
Undri,apartment,sale,fully-furnished,1,874,1,12,3,1,8,0,5825100
Kalyani Nagar,apartment,rent,fully-furnished,2,1340,2,29,7,3,4,0,70900
Kothrud,apartment,sale,unfurnished,2,671,2,29,5,8,10,1,4599400
Kharadi,commercial,rent,semi-furnished,0,2729,1,22,4,0,1,1,49000
Shivajinagar,apartment,sale,unfurnished,4,1676,4,21,6,2,6,1,16937700
Camp,villa,rent,semi-furnished,2,2895,2,31,4,21,21,0,280400
Hinjewadi,commercial,sale,unfurnished,0,1352,1,16,3,0,1,1,10491200
Kothrud,house,sale,semi-furnished,4,1709,4,1,3,18,21,1,20253700
Wakad,apartment,rent,semi-furnished,3,1453,3,11,4,14,15,1,81300
Wagholi,house,sale,fully-furnished,2,1245,2,27,1,0,2,0,5599800
Aundh,apartment,rent,semi-furnished,3,1232,3,9,5,2,6,1,71900
Kharadi,apartment,sale,fully-furnished,2,1208,2,0,2,9,9,1,16382000
Shivajinagar,plot,sale,fully-furnished,0,1924,1,5,7,0,1,1,16473300
Aundh,commercial,sale,unfurnished,0,594,1,12,5,0,1,1,5716900
Kharadi,villa,rent,fully-furnished,3,2292,3,4,2,2,4,1,463100
Balewadi,plot,sale,semi-furnished,0,2349,1,8,6,0,1,0,14296500
Kalyani Nagar,plot,rent,semi-furnished,0,3018,1,22,6,0,1,0,173400
Hadapsar,apartment,sale,semi-furnished,2,945,2,27,2,0,11,0,3170500
Kothrud,house,sale,fully-furnished,2,966,2,23,4,14,23,1,8130900
Balewadi,commercial,sale,unfurnished,0,4199,1,25,3,0,1,0,26571600
Baner,apartment,rent,unfurnished,1,786,1,21,8,4,5,1,33500
Boat Club Road,villa,rent,semi-furnished,3,3030,3,16,7,4,7,0,1421600
Shivajinagar,apartment,sale,semi-furnished,2,968,2,19,2,1,6,1,6682300
Chinchwad,commercial,rent,unfurnished,0,2699,1,3,5,0,1,0,99500
Kothrud,apartment,sale,unfurnished,2,1257,2,30,10,11,17,1,10203800
Hinjewadi,apartment,rent,fully-furnished,2,1091,2,4,3,5,12,1,57000
Kondhwa,studio,rent,fully-furnished,1,428,1,25,2,5,17,0,18000
Kothrud,apartment,rent,fully-furnished,2,1059,2,19,5,4,13,1,46000
Hadapsar,house,sale,semi-furnished,2,1007,2,17,2,14,20,0,5726300
Chinchwad,apartment,sale,unfurnished,3,1115,3,17,3,14,15,0,6284200
Balewadi,apartment,rent,fully-furnished,2,1091,2,31,8,1,3,0,50200
Kothrud,studio,rent,semi-furnished,1,467,1,11,6,15,17,1,20300
Hadapsar,apartment,rent,semi-furnished,2,1269,2,25,0,2,15,0,38600
Viman Nagar,apartment,sale,unfurnished,2,1476,2,7,8,10,10,1,16327500
Viman Nagar,apartment,sale,unfurnished,3,1039,3,18,7,4,6,1,10466900
Wakad,plot,sale,semi-furnished,0,1716,1,10,6,0,1,1,12167400
Baner,apartment,sale,fully-furnished,1,999,1,28,6,1,2,1,7844200
Kalyani Nagar,apartment,sale,fully-furnished,4,1878,4,13,9,11,13,0,37494500
Hinjewadi,house,rent,semi-furnished,2,622,2,9,0,8,12,1,20400
Aundh,apartment,rent,semi-furnished,2,1235,2,3,4,7,10,1,50500
Undri,villa,rent,fully-furnished,4,1419,4,25,1,13,16,0,161200
Koregaon Park,apartment,sale,semi-furnished,3,1485,3,21,6,8,9,0,21192600
Pisoli,apartment,rent,semi-furnished,2,1010,2,25,3,7,19,0,19400
Magarpatta,apartment,rent,semi-furnished,3,1115,3,17,3,3,6,0,69300
Baner,apartment,sale,fully-furnished,3,1188,3,27,1,8,8,1,10904200
Viman Nagar,apartment,sale,fully-furnished,1,564,1,8,5,8,9,1,6426000
Baner,plot,sale,fully-furnished,0,1842,1,5,2,0,1,1,13692400
Kharadi,apartment,sale,unfurnished,2,873,2,20,5,2,6,1,5100200
Kalyani Nagar,studio,sale,fully-furnished,1,575,1,12,9,1,2,0,7792900
Bavdhan,apartment,sale,unfurnished,3,1551,3,8,2,6,6,0,12036900
Koregaon Park,apartment,rent,unfurnished,3,1471,3,7,7,9,11,0,108400
Hinjewadi,apartment,rent,fully-furnished,3,1254,3,31,1,10,13,1,71600
Wagholi,villa,rent,semi-furnished,2,2008,2,25,5,5,11,0,349300
Pimple Saudagar,apartment,rent,semi-furnished,3,1149,3,18,1,2,11,0,44300
Hadapsar,apartment,sale,fully-furnished,3,990,3,4,3,4,8,0,8154100
Chinchwad,apartment,rent,unfurnished,3,1249,3,9,1,0,7,0,42200
Wagholi,apartment,sale,unfurnished,2,732,2,5,3,0,5,0,3877300
Hinjewadi,villa,sale,fully-furnished,2,2200,2,26,3,2,10,1,18388800
Kothrud,villa,sale,semi-furnished,2,3216,2,31,5,6,9,1,29041700
Kharadi,apartment,rent,semi-furnished,1,707,1,3,4,5,11,1,21500
Bavdhan,apartment,sale,fully-furnished,2,1069,2,5,7,4,4,0,11043400
Viman Nagar,commercial,rent,semi-furnished,0,3765,1,11,7,0,1,1,516400
Shivajinagar,studio,rent,unfurnished,1,424,1,6,6,2,19,1,29300
Pimple Saudagar,apartment,rent,unfurnished,3,1113,3,19,0,11,12,0,40400
Wakad,apartment,sale,unfurnished,2,1110,2,30,3,8,11,1,6421300
Kharadi,studio,sale,fully-furnished,1,338,1,11,3,0,6,1,3453300
Wagholi,apartment,rent,semi-furnished,2,1003,2,28,0,6,10,0,19500
Wagholi,apartment,sale,fully-furnished,3,899,3,26,4,6,9,0,5023100
Koregaon Park,apartment,rent,semi-furnished,3,1537,3,28,6,7,10,0,118200
Viman Nagar,apartment,sale,unfurnished,1,549,1,31,9,3,7,1,4357800
Kondhwa,plot,sale,semi-furnished,0,1997,1,15,5,0,1,0,9975900
Chinchwad,studio,rent,unfurnished,1,351,1,12,3,1,2,0,12200
Wakad,studio,sale,semi-furnished,1,416,1,27,2,2,12,1,2776400
Kalyani Nagar,studio,sale,semi-furnished,1,471,1,1,4,3,9,0,5994100
Baner,house,rent,semi-furnished,3,1251,3,19,1,10,12,1,89800
Camp,apartment,rent,unfurnished,2,1098,2,29,2,2,2,0,37500
Hadapsar,apartment,rent,unfurnished,1,899,1,4,3,8,12,0,6800
Pimpri,studio,rent,unfurnished,1,553,1,6,2,2,2,0,12800
Kondhwa,studio,rent,fully-furnished,1,599,1,5,5,5,20,0,15000
Viman Nagar,plot,rent,unfurnished,0,1695,1,6,10,0,1,1,51600
Wanowrie,apartment,rent,semi-furnished,5,2165,5,8,4,10,17,0,189800
Aundh,apartment,sale,unfurnished,1,911,1,7,3,0,6,1,6586300
Baner,apartment,sale,unfurnished,4,1838,4,18,4,8,9,1,16729000
Viman Nagar,house,sale,semi-furnished,3,1265,3,25,5,3,14,1,10783700
Shivajinagar,apartment,rent,semi-furnished,4,1307,4,14,10,9,15,1,167200
Pashan,commercial,sale,semi-furnished,0,4904,1,7,5,0,1,0,38518400
Pashan,apartment,rent,fully-furnished,2,976,2,5,6,14,20,0,61700
Balewadi,apartment,rent,fully-furnished,2,926,2,11,6,3,3,0,49000
Baner,house,sale,fully-furnished,3,1126,3,13,6,10,14,1,12737800
Pimpri,apartment,sale,fully-furnished,4,1292,4,11,5,2,3,0,12457300
Undri,commercial,rent,semi-furnished,0,4919,1,29,4,0,1,0,201500
Hinjewadi,studio,rent,unfurnished,1,604,1,21,3,6,20,1,17900
Wagholi,villa,sale,unfurnished,2,3333,2,28,5,1,4,0,18485600
Kharadi,commercial,rent,semi-furnished,0,4189,1,2,6,0,1,1,555800
Hinjewadi,apartment,sale,unfurnished,2,986,2,25,5,10,11,1,5800600
Pashan,plot,sale,semi-furnished,0,4911,1,30,2,0,1,0,21658700
Aundh,house,rent,fully-furnished,3,1228,3,28,2,6,6,1,86400
Wakad,apartment,sale,semi-furnished,5,2081,5,30,6,3,10,1,19345400
Shivajinagar,apartment,sale,semi-furnished,2,1188,2,5,7,1,8,1,14051400
Viman Nagar,apartment,sale,unfurnished,2,861,2,26,5,2,3,1,6883000
Kharadi,plot,sale,semi-furnished,0,2814,1,31,4,0,1,1,11201900
Baner,commercial,sale,semi-furnished,0,5578,1,25,3,0,1,1,43909600
Koregaon Park,villa,rent,unfurnished,3,3382,3,20,6,13,13,0,474200
Hinjewadi,house,rent,unfurnished,5,1869,5,16,3,9,12,1,154300
Baner,house,sale,fully-furnished,3,1698,3,25,5,8,13,1,17524200
Viman Nagar,studio,rent,semi-furnished,1,527,1,21,9,10,12,1,13600
Undri,house,sale,fully-furnished,3,1314,3,15,3,6,6,0,8581400
Kondhwa,apartment,sale,semi-furnished,3,1433,3,8,3,8,12,0,9436100
Hadapsar,apartment,rent,semi-furnished,4,1675,4,19,3,17,18,0,87300
Magarpatta,house,rent,semi-furnished,2,887,2,31,3,0,9,0,34700
Pisoli,apartment,sale,unfurnished,5,1944,5,14,3,3,10,0,11465000
Baner,apartment,rent,semi-furnished,1,1000,1,17,5,2,10,1,20600
Chinchwad,studio,sale,unfurnished,1,536,1,22,1,1,2,0,2129500
Pimpri,villa,sale,semi-furnished,2,3471,2,0,5,6,11,0,29831800
Wagholi,apartment,sale,unfurnished,2,1122,2,31,3,4,4,0,4044700
Chinchwad,apartment,sale,semi-furnished,2,1011,2,25,2,12,12,0,4608300
Magarpatta,studio,rent,semi-furnished,1,435,1,30,3,14,14,0,17300
Hinjewadi,apartment,sale,unfurnished,3,1641,3,12,2,10,11,1,11428300
Kharadi,commercial,rent,fully-furnished,0,3832,1,10,2,0,1,1,165700
Aundh,apartment,rent,unfurnished,2,1177,2,24,5,5,11,1,56100
Magarpatta,studio,sale,fully-furnished,1,337,1,31,0,5,7,0,2356600
Hinjewadi,apartment,sale,semi-furnished,1,446,1,25,1,8,8,1,2838300
Pisoli,studio,sale,semi-furnished,1,778,1,25,4,2,11,0,2977100
Aundh,apartment,sale,semi-furnished,3,1170,3,5,3,4,6,1,12982200
Chinchwad,studio,rent,unfurnished,1,468,1,5,2,14,20,0,12700
Magarpatta,apartment,rent,unfurnished,2,1208,2,27,3,11,13,0,35700
Chinchwad,villa,rent,semi-furnished,2,2091,2,7,3,0,7,0,157300
Viman Nagar,apartment,rent,fully-furnished,1,675,1,26,3,10,10,1,21400
Viman Nagar,apartment,rent,semi-furnished,3,1373,3,6,8,9,9,1,100300
Chinchwad,apartment,sale,semi-furnished,2,721,2,1,3,9,9,0,5690500
Bavdhan,plot,sale,unfurnished,0,1125,1,12,3,0,1,0,6714800
Camp,commercial,sale,fully-furnished,0,1446,1,31,4,0,1,0,6321300
Wakad,studio,rent,semi-furnished,1,454,1,15,5,11,17,1,22200
Baner,apartment,sale,semi-furnished,2,1020,2,23,10,0,12,1,10471100
Aundh,apartment,sale,fully-furnished,3,1504,3,9,4,16,22,1,19268900
Wagholi,apartment,sale,semi-furnished,3,1347,3,1,4,0,7,0,8245200
Kothrud,commercial,sale,unfurnished,0,1522,1,15,3,0,1,1,16538900
Kalyani Nagar,apartment,sale,semi-furnished,3,1122,3,9,10,7,12,0,15064700
Pimpri,apartment,sale,unfurnished,2,872,2,13,4,11,14,0,5485000
Undri,apartment,sale,unfurnished,4,1324,4,8,2,5,13,0,9763300
Bavdhan,apartment,sale,semi-furnished,2,852,2,12,4,6,10,0,4871700
Balewadi,house,sale,fully-furnished,2,966,2,13,3,0,2,0,8685200
Undri,house,sale,semi-furnished,2,882,2,19,0,9,11,0,4953800
Kothrud,plot,sale,semi-furnished,0,822,1,17,4,0,1,1,6003900
Baner,apartment,sale,semi-furnished,4,1803,4,22,5,15,15,1,20514400
Koregaon Park,studio,rent,unfurnished,1,579,1,15,7,1,22,0,23800
Hinjewadi,studio,sale,fully-furnished,1,300,1,17,3,12,19,1,1929600
Pisoli,house,sale,fully-furnished,2,837,2,13,3,10,19,0,5267400
Aundh,apartment,rent,unfurnished,4,1886,4,3,3,10,15,1,143600
Magarpatta,house,rent,unfurnished,2,1060,2,23,9,3,13,0,41600
Bavdhan,apartment,sale,semi-furnished,2,1051,2,18,3,9,9,0,6787200
Viman Nagar,apartment,sale,semi-furnished,2,897,2,31,8,7,9,1,9668000
Aundh,studio,sale,semi-furnished,1,433,1,8,3,1,6,1,3727000
Kondhwa,apartment,sale,semi-furnished,2,947,2,22,3,13,13,0,4776900
Koregaon Park,apartment,rent,unfurnished,1,916,1,6,8,5,5,0,23100
Pimpri,apartment,rent,semi-furnished,5,2206,5,23,2,3,3,0,145000
Balewadi,apartment,sale,fully-furnished,2,1243,2,11,7,12,13,0,15614400
Wakad,apartment,sale,semi-furnished,3,1177,3,17,3,12,15,1,10205600
Pashan,apartment,rent,semi-furnished,3,1331,3,8,3,3,4,0,65400
Bavdhan,apartment,rent,unfurnished,2,730,2,1,4,1,6,0,21000
Pimple Saudagar,commercial,sale,fully-furnished,0,1729,1,21,4,0,1,0,9597200
Chinchwad,studio,sale,unfurnished,1,527,1,11,1,1,6,0,1972800
Baner,house,rent,unfurnished,2,905,2,31,6,6,6,1,44300
Pimple Saudagar,plot,sale,fully-furnished,0,1299,1,28,3,0,1,0,4475000
Hinjewadi,apartment,rent,semi-furnished,2,1238,2,14,1,5,8,1,36700
Kharadi,apartment,sale,semi-furnished,2,1314,2,0,6,0,10,1,11256600
Pimpri,plot,sale,fully-furnished,0,2501,1,27,2,0,1,0,10678800
Hadapsar,apartment,rent,unfurnished,2,808,2,2,4,13,16,0,17500
Kalyani Nagar,apartment,sale,semi-furnished,2,1224,2,27,8,7,9,0,10511300
Balewadi,villa,sale,unfurnished,3,3207,3,27,6,7,11,0,30510900
Wakad,villa,sale,fully-furnished,3,3078,3,12,6,4,9,1,38272900
Wakad,apartment,rent,semi-furnished,3,1655,3,1,4,13,14,1,75200
Pimple Saudagar,commercial,sale,semi-furnished,0,4007,1,21,3,0,1,0,28716100
Hadapsar,studio,rent,unfurnished,1,452,1,9,5,17,19,0,11200
Viman Nagar,apartment,rent,unfurnished,2,850,2,17,8,2,14,1,44500
Pimpri,plot,sale,fully-furnished,0,1204,1,16,0,0,1,0,6075000
Chinchwad,plot,rent,unfurnished,0,3197,1,20,1,0,1,0,68900
Baner,apartment,sale,semi-furnished,2,793,2,5,2,9,9,1,8669500
Hadapsar,studio,sale,fully-furnished,1,578,1,11,5,4,4,0,4156500
Koregaon Park,house,rent,unfurnished,3,1175,3,27,8,0,21,0,95800
Undri,apartment,rent,fully-furnished,3,1325,3,20,0,1,12,0,44900
Hadapsar,apartment,rent,semi-furnished,1,645,1,19,2,0,6,0,11800
Pimpri,apartment,sale,semi-furnished,3,1118,3,11,2,0,5,0,5411200
Viman Nagar,villa,sale,unfurnished,2,2241,2,4,5,15,15,1,27166700
Wakad,studio,sale,fully-furnished,1,446,1,5,5,0,7,1,4140600
Pimple Saudagar,apartment,sale,semi-furnished,2,1015,2,31,2,8,11,0,5603800
Balewadi,apartment,rent,fully-furnished,4,1369,4,4,7,28,28,0,138800
Hinjewadi,apartment,sale,unfurnished,2,1113,2,16,2,9,11,1,8634300
Balewadi,apartment,sale,semi-furnished,2,828,2,21,8,2,13,0,7552100
Hadapsar,house,rent,unfurnished,4,1681,4,0,4,16,16,0,78300
Hinjewadi,house,sale,unfurnished,5,1640,5,6,6,1,9,1,17240300
Magarpatta,apartment,sale,semi-furnished,3,1249,3,13,2,2,13,0,11152800
Aundh,apartment,sale,unfurnished,3,1360,3,17,4,11,17,1,12467300
Shivajinagar,apartment,sale,fully-furnished,2,719,2,27,8,14,18,1,7588600
Baner,apartment,sale,fully-furnished,2,1009,2,0,4,10,13,1,14813100
Boat Club Road,villa,sale,fully-furnished,2,1447,2,3,6,4,8,0,30517400
Hinjewadi,apartment,rent,unfurnished,2,641,2,11,4,2,17,1,24400
Kharadi,villa,sale,semi-furnished,1,2017,1,7,7,5,6,1,23681400
Pimple Saudagar,apartment,rent,semi-furnished,2,412,2,1,3,1,7,0,20400
Hadapsar,apartment,rent,unfurnished,2,954,2,8,5,1,2,0,24100
Shivajinagar,apartment,sale,unfurnished,5,1813,5,9,9,8,9,1,31440200
Kharadi,apartment,sale,semi-furnished,2,1257,2,26,6,10,14,1,10360400
Magarpatta,apartment,sale,semi-furnished,2,678,2,29,3,9,14,0,4365400
Viman Nagar,apartment,rent,unfurnished,2,1184,2,24,5,2,10,1,41500
Baner,apartment,rent,semi-furnished,2,955,2,18,8,1,15,1,36700
Hinjewadi,villa,rent,fully-furnished,1,3516,1,26,4,2,5,1,692200
Baner,apartment,sale,unfurnished,2,779,2,10,3,2,4,1,7830000
Hinjewadi,apartment,rent,fully-furnished,1,882,1,2,2,1,8,1,29300
Baner,apartment,rent,semi-furnished,3,1304,3,3,9,0,17,1,82300
Koregaon Park,commercial,sale,fully-furnished,0,1222,1,9,8,0,1,0,20887900
Wagholi,plot,sale,fully-furnished,0,2823,1,13,1,0,1,0,9922600
Hadapsar,house,sale,semi-furnished,3,831,3,29,3,4,13,0,3914700
Pisoli,studio,rent,semi-furnished,1,570,1,12,2,11,14,0,13900
Balewadi,apartment,rent,unfurnished,3,1041,3,21,5,2,7,0,54100
Pimpri,apartment,sale,unfurnished,3,1632,3,1,2,4,15,0,10379200
Pimpri,apartment,sale,fully-furnished,3,1123,3,24,1,9,9,0,6313800
Wakad,apartment,sale,semi-furnished,4,1593,4,12,7,0,15,1,15424900
Baner,house,rent,fully-furnished,2,1076,2,8,4,3,12,1,51100
Magarpatta,villa,rent,fully-furnished,3,2748,3,5,3,3,16,0,252500
Baner,apartment,rent,semi-furnished,2,915,2,8,4,12,14,1,41100
Hinjewadi,commercial,rent,unfurnished,0,2701,1,18,1,0,1,1,220000
Hadapsar,house,sale,unfurnished,3,1243,3,4,2,1,2,0,8128900
Wakad,plot,sale,unfurnished,0,3389,1,17,2,0,1,1,11120700
Baner,house,sale,unfurnished,5,1935,5,12,4,5,13,1,26581700
Undri,commercial,rent,semi-furnished,0,4933,1,18,3,0,1,0,333600
Wagholi,apartment,sale,fully-furnished,3,1219,3,11,0,0,13,0,7354000
Kothrud,apartment,sale,semi-furnished,1,855,1,19,7,2,6,1,8186300
Wagholi,plot,rent,semi-furnished,0,1035,1,12,3,0,1,0,26600
Pimpri,house,rent,semi-furnished,2,816,2,16,1,2,5,0,33100
Hinjewadi,apartment,rent,unfurnished,2,1016,2,14,3,1,2,1,27200
Baner,apartment,sale,semi-furnished,3,1515,3,0,4,0,8,1,14914900
Baner,apartment,rent,semi-furnished,2,1226,2,11,8,0,2,1,68600
Hinjewadi,apartment,rent,fully-furnished,4,1512,4,28,5,0,7,1,137000
Balewadi,apartment,sale,semi-furnished,5,1666,5,27,6,0,2,0,15712400
Wagholi,plot,sale,semi-furnished,0,4138,1,9,1,0,1,0,10424000
Aundh,studio,rent,fully-furnished,1,558,1,3,2,8,13,1,18100
Boat Club Road,apartment,rent,semi-furnished,3,1279,3,8,8,7,10,0,142000
Bavdhan,apartment,sale,fully-furnished,3,1244,3,27,1,6,8,0,7555400
Kharadi,studio,sale,fully-furnished,1,361,1,5,3,2,2,1,4675100
Hinjewadi,villa,rent,semi-furnished,3,2949,3,4,5,6,8,1,533500
Pimple Saudagar,apartment,sale,semi-furnished,2,623,2,0,5,6,13,0,5471200
Koregaon Park,studio,rent,semi-furnished,1,618,1,11,6,2,7,0,36400
Aundh,villa,rent,unfurnished,2,3345,2,17,3,6,11,1,604900
Boat Club Road,apartment,sale,fully-furnished,2,897,2,14,6,5,8,0,11273200
Kalyani Nagar,commercial,sale,semi-furnished,0,2305,1,27,7,0,1,0,31056500
Kondhwa,apartment,sale,fully-furnished,3,1107,3,19,5,2,18,0,7986600
Wagholi,apartment,rent,fully-furnished,5,1947,5,11,3,8,9,0,161500
Bavdhan,apartment,sale,unfurnished,2,1167,2,25,2,2,5,0,5317600
Wanowrie,apartment,rent,semi-furnished,3,1231,3,4,3,2,10,0,59300
Hinjewadi,apartment,rent,semi-furnished,2,997,2,25,0,11,16,1,38600
Kothrud,studio,rent,unfurnished,1,369,1,25,2,1,15,1,18200
Pisoli,villa,sale,semi-furnished,2,3292,2,21,1,2,7,0,17643600
Viman Nagar,commercial,sale,unfurnished,0,3000,1,30,5,0,1,1,24301400
Aundh,commercial,rent,unfurnished,0,2292,1,22,7,0,1,1,320200
Wakad,apartment,rent,semi-furnished,3,1826,3,24,8,5,11,1,79800
Kondhwa,apartment,rent,semi-furnished,3,1179,3,18,2,3,6,0,51900
Pimple Saudagar,apartment,rent,fully-furnished,1,828,1,24,4,12,13,0,17800
Boat Club Road,apartment,sale,semi-furnished,2,837,2,6,3,4,8,0,14395500
Koregaon Park,apartment,rent,semi-furnished,4,1438,4,3,9,1,14,0,171200
Baner,apartment,rent,semi-furnished,2,1068,2,15,2,6,14,1,50200
Hinjewadi,studio,sale,fully-furnished,1,545,1,12,4,0,3,1,4923500
Chinchwad,apartment,rent,semi-furnished,2,948,2,20,2,0,12,0,18900
Kondhwa,apartment,rent,semi-furnished,3,1145,3,20,3,6,10,0,45100
Pimple Saudagar,house,rent,unfurnished,2,1071,2,5,6,3,6,0,22200
Hadapsar,studio,sale,semi-furnished,1,324,1,22,5,6,14,0,1598200
Viman Nagar,villa,rent,unfurnished,3,3033,3,8,5,12,13,1,480900
Kalyani Nagar,house,sale,fully-furnished,3,1246,3,22,7,0,17,0,14781100
Hinjewadi,villa,rent,semi-furnished,3,2693,3,22,4,2,2,1,453400
Boat Club Road,apartment,rent,unfurnished,3,1390,3,30,6,1,5,0,109600
Wakad,villa,sale,unfurnished,2,2260,2,7,3,7,8,1,27522200
Chinchwad,apartment,sale,semi-furnished,1,738,1,0,4,7,10,0,4464300
Aundh,studio,rent,semi-furnished,1,371,1,10,4,4,4,1,23100
Pimpri,apartment,sale,fully-furnished,1,828,1,0,5,5,15,0,5429900
Kothrud,apartment,sale,fully-furnished,2,849,2,13,3,5,6,1,10198500
Wakad,plot,rent,semi-furnished,0,4552,1,8,4,0,1,1,127600
Balewadi,house,sale,fully-furnished,2,784,2,24,3,1,2,0,6719600
Viman Nagar,apartment,sale,fully-furnished,4,1470,4,26,1,6,11,1,16921300
Kharadi,apartment,rent,semi-furnished,3,1387,3,7,3,2,2,1,75100
Aundh,apartment,rent,unfurnished,3,1387,3,1,3,4,6,1,71300
Balewadi,apartment,rent,semi-furnished,1,729,1,2,3,2,11,0,31600
Hinjewadi,apartment,sale,fully-furnished,2,1146,2,27,3,1,15,1,6905600
Kondhwa,villa,rent,semi-furnished,2,4055,2,23,3,7,11,0,458400
Balewadi,commercial,sale,semi-furnished,0,3920,1,24,3,0,1,0,35780400
Wakad,studio,rent,semi-furnished,1,556,1,23,6,1,2,1,18800
Koregaon Park,plot,rent,unfurnished,0,4917,1,6,10,0,1,0,322000
Wakad,villa,sale,semi-furnished,3,1393,3,1,5,13,15,1,14792100
Kothrud,studio,sale,semi-furnished,1,617,1,22,6,2,2,1,5256400
Pimple Saudagar,apartment,sale,unfurnished,3,1519,3,25,0,3,4,0,8493100
Pashan,apartment,sale,unfurnished,2,1081,2,23,6,4,9,0,6782200
Kothrud,house,rent,unfurnished,3,1170,3,15,2,6,11,1,69200
Viman Nagar,apartment,sale,unfurnished,4,1447,4,26,5,4,11,1,10302300
Kondhwa,apartment,rent,fully-furnished,3,1232,3,16,3,10,14,0,51800
Boat Club Road,house,sale,fully-furnished,4,1289,4,23,3,6,8,0,20707900
Kothrud,studio,sale,semi-furnished,1,686,1,28,3,9,10,1,5094600
Kondhwa,apartment,sale,semi-furnished,2,1226,2,9,5,0,2,0,6124800
Undri,apartment,sale,unfurnished,1,401,1,13,2,9,10,0,2029300
Hinjewadi,apartment,sale,semi-furnished,3,1315,3,18,4,9,18,1,11971200
Kharadi,apartment,rent,fully-furnished,4,1525,4,7,3,0,4,1,136600
Bavdhan,villa,rent,semi-furnished,2,3753,2,23,3,3,11,0,464500
Wagholi,apartment,rent,fully-furnished,2,1322,2,24,1,4,8,0,43300
Shivajinagar,studio,sale,fully-furnished,1,620,1,8,10,2,4,1,10816000
Kharadi,house,rent,fully-furnished,1,751,1,20,1,1,6,1,20100
Viman Nagar,apartment,rent,semi-furnished,4,1573,4,19,6,5,11,1,142400
Kalyani Nagar,studio,sale,fully-furnished,1,572,1,1,6,8,10,0,8781200
Hinjewadi,studio,sale,semi-furnished,1,598,1,7,5,8,20,1,5655900
Balewadi,apartment,sale,fully-furnished,2,1103,2,17,5,4,12,0,10139400
Kharadi,apartment,rent,semi-furnished,2,889,2,2,5,6,17,1,22900
Kharadi,plot,sale,fully-furnished,0,887,1,18,4,0,1,1,6804700
Magarpatta,apartment,rent,fully-furnished,5,1811,5,21,6,5,13,0,240700
Wagholi,studio,rent,fully-furnished,1,635,1,1,0,1,4,0,18400
Kondhwa,studio,sale,semi-furnished,1,549,1,13,5,3,5,0,4075200
Hadapsar,studio,sale,semi-furnished,1,459,1,31,5,9,15,0,2541000
Koregaon Park,villa,rent,semi-furnished,3,2150,3,28,7,7,7,0,636000
Aundh,studio,sale,semi-furnished,1,331,1,12,5,0,9,1,3239500
Pimple Saudagar,plot,sale,semi-furnished,0,3586,1,16,1,0,1,0,13979000
Pimple Saudagar,apartment,rent,semi-furnished,2,1037,2,16,3,4,15,0,36700
Kondhwa,villa,sale,fully-furnished,3,2469,3,0,3,4,13,0,26496400
Kalyani Nagar,apartment,sale,fully-furnished,2,860,2,27,4,7,15,0,9901400
Kothrud,apartment,rent,semi-furnished,3,1172,3,17,5,11,11,1,66400
Koregaon Park,apartment,sale,semi-furnished,3,1191,3,4,5,3,13,0,19095600
Pimple Saudagar,apartment,rent,semi-furnished,2,693,2,1,1,15,15,0,34600
Baner,apartment,rent,unfurnished,3,1491,3,17,7,4,5,1,96400
Hinjewadi,plot,sale,unfurnished,0,814,1,23,3,0,1,1,3755300
Kondhwa,house,rent,unfurnished,1,837,1,4,3,4,6,0,20800
Kothrud,villa,rent,semi-furnished,2,3838,2,26,5,8,10,1,349400
Wanowrie,apartment,sale,unfurnished,4,1654,4,28,2,7,13,0,9589900
Wakad,apartment,sale,semi-furnished,4,1658,4,30,5,12,15,1,14315500
Baner,apartment,sale,fully-furnished,2,849,2,26,5,7,10,1,6548300
Bavdhan,house,sale,semi-furnished,3,1347,3,18,4,7,7,0,11103500
Baner,apartment,sale,semi-furnished,2,843,2,27,7,4,9,1,5956100
Kothrud,apartment,rent,semi-furnished,3,1227,3,31,0,6,11,1,55300
Kothrud,apartment,sale,semi-furnished,5,1863,5,2,6,0,4,1,26971100
Wanowrie,studio,rent,unfurnished,1,512,1,30,3,6,14,0,14200
Baner,apartment,rent,fully-furnished,3,1260,3,7,5,10,16,1,104400
Pimpri,commercial,rent,semi-furnished,0,5612,1,11,4,0,1,0,444100
Shivajinagar,commercial,sale,semi-furnished,0,1363,1,24,5,0,1,1,16749000
Kharadi,villa,rent,fully-furnished,3,3077,3,13,7,0,5,1,663400
Wagholi,studio,rent,semi-furnished,1,594,1,30,0,16,16,0,13800
Aundh,commercial,rent,fully-furnished,0,3448,1,13,5,0,1,1,371100
Hinjewadi,apartment,sale,semi-furnished,3,1361,3,14,2,2,4,1,9918500
Kondhwa,studio,sale,semi-furnished,1,449,1,6,0,6,11,0,2922600
Kharadi,apartment,sale,fully-furnished,1,1077,1,15,3,2,2,1,9770200
Pimple Saudagar,plot,sale,semi-furnished,0,4767,1,30,1,0,1,0,15638600
Kothrud,apartment,sale,fully-furnished,2,922,2,22,4,4,8,1,8402100
Hinjewadi,plot,sale,unfurnished,0,4007,1,5,2,0,1,1,19318200
Kondhwa,apartment,rent,semi-furnished,2,1095,2,25,3,0,4,0,30600
Viman Nagar,apartment,sale,semi-furnished,1,671,1,0,5,4,19,1,6919900
Kharadi,apartment,sale,fully-furnished,1,649,1,6,2,3,14,1,6222600
Hadapsar,apartment,rent,semi-furnished,2,826,2,5,0,0,5,0,22300
Viman Nagar,apartment,sale,unfurnished,4,1718,4,22,7,7,9,1,17428100
Kondhwa,apartment,rent,fully-furnished,2,937,2,13,0,3,14,0,24000
Balewadi,house,rent,semi-furnished,2,1000,2,12,6,1,11,0,48000
Kondhwa,apartment,sale,fully-furnished,2,806,2,27,5,2,9,0,4080800
Chinchwad,apartment,sale,fully-furnished,4,1522,4,6,2,4,6,0,11383300
Wagholi,studio,rent,semi-furnished,1,440,1,26,1,2,6,0,9100
Bavdhan,house,sale,fully-furnished,3,1087,3,16,6,7,8,0,10959900
Pimpri,studio,sale,fully-furnished,1,645,1,21,4,14,14,0,4464900
Baner,apartment,sale,fully-furnished,2,1085,2,8,7,0,14,1,13277600
Koregaon Park,studio,rent,semi-furnished,1,459,1,16,3,4,5,0,26600
Hinjewadi,apartment,sale,fully-furnished,2,1147,2,24,2,5,11,1,9015500
Kharadi,plot,rent,unfurnished,0,737,1,15,5,0,1,1,32800
Shivajinagar,apartment,rent,semi-furnished,4,2000,4,21,8,2,2,1,214400
Magarpatta,apartment,rent,semi-furnished,3,1261,3,1,3,5,15,0,73400
Koregaon Park,apartment,rent,fully-furnished,3,1381,3,20,8,9,11,0,143300
Viman Nagar,house,sale,fully-furnished,5,2206,5,19,8,5,12,1,33137700
Undri,commercial,sale,unfurnished,0,3032,1,19,5,0,1,0,11233600
Aundh,apartment,sale,semi-furnished,3,1495,3,26,4,7,10,1,12808500
Koregaon Park,studio,sale,unfurnished,1,573,1,4,8,3,6,0,7655300
Magarpatta,villa,rent,semi-furnished,3,3529,3,6,5,3,4,0,603900
Hadapsar,apartment,sale,fully-furnished,4,1562,4,20,4,1,10,0,11675800
Viman Nagar,villa,rent,semi-furnished,2,3212,2,22,6,1,11,1,421800
Boat Club Road,apartment,sale,fully-furnished,2,835,2,13,7,5,10,0,14600900
Pimple Saudagar,apartment,sale,semi-furnished,4,1772,4,18,2,12,15,0,15899800
Wakad,apartment,rent,semi-furnished,2,911,2,0,5,10,10,1,43800
Magarpatta,studio,rent,unfurnished,1,444,1,8,5,5,10,0,23600
Aundh,studio,sale,semi-furnished,1,432,1,9,1,0,7,1,3752700
Koregaon Park,studio,rent,fully-furnished,1,719,1,23,7,3,6,0,53600
Wakad,apartment,rent,semi-furnished,3,1650,3,14,5,6,7,1,77900
Wakad,house,rent,unfurnished,2,987,2,29,6,5,12,1,38500
Hinjewadi,apartment,rent,fully-furnished,3,1337,3,19,6,0,5,1,94900
Hinjewadi,apartment,rent,semi-furnished,2,849,2,27,6,4,12,1,24200
Viman Nagar,commercial,sale,fully-furnished,0,3248,1,23,8,0,1,1,16904100
Shivajinagar,apartment,sale,fully-furnished,4,1363,4,3,4,4,8,1,19931700
Balewadi,apartment,sale,semi-furnished,3,1168,3,21,5,1,15,0,9320300
Kalyani Nagar,apartment,sale,fully-furnished,3,1491,3,11,4,4,19,0,18813800
Kalyani Nagar,apartment,sale,semi-furnished,3,1510,3,17,4,2,8,0,15158400
Wakad,apartment,sale,semi-furnished,3,1453,3,0,2,1,4,1,15711000
Hinjewadi,studio,rent,semi-furnished,1,381,1,22,0,0,4,1,13700
Koregaon Park,studio,sale,fully-furnished,1,457,1,28,7,13,14,0,5438400
Pashan,villa,sale,semi-furnished,3,2522,3,14,3,5,14,0,25262600
Koregaon Park,apartment,sale,semi-furnished,3,1023,3,29,5,2,16,0,8968100
Hinjewadi,villa,sale,semi-furnished,2,3185,2,28,2,9,12,1,17281700
Kondhwa,villa,rent,semi-furnished,1,2395,1,25,6,3,11,0,323500
Bavdhan,apartment,sale,semi-furnished,2,607,2,10,0,4,4,0,4043300
Hadapsar,apartment,rent,fully-furnished,2,1645,2,8,5,12,16,0,47000
Viman Nagar,house,rent,unfurnished,3,1543,3,22,6,2,3,1,92100
Koregaon Park,villa,rent,semi-furnished,3,3005,3,10,5,9,16,0,915700
Kondhwa,apartment,sale,unfurnished,2,1121,2,21,3,4,7,0,4890500
Viman Nagar,house,sale,fully-furnished,2,1075,2,25,8,5,10,1,10788300
Viman Nagar,apartment,sale,semi-furnished,4,1652,4,12,7,2,8,1,18154000
Baner,villa,sale,fully-furnished,2,2051,2,23,4,8,16,1,20453000
Pashan,apartment,sale,semi-furnished,3,1246,3,12,9,4,6,0,12512200
Pisoli,house,rent,semi-furnished,2,1068,2,3,2,4,5,0,26200
Wakad,apartment,rent,unfurnished,2,966,2,13,7,4,10,1,39000
Kondhwa,apartment,sale,unfurnished,2,999,2,7,1,10,15,0,6020700
Hinjewadi,apartment,sale,semi-furnished,2,1154,2,1,3,2,6,1,9878000
Wagholi,apartment,sale,unfurnished,2,1048,2,9,3,17,17,0,5723100
Shivajinagar,villa,rent,fully-furnished,2,3238,2,1,5,13,13,1,1060700
Baner,apartment,sale,fully-furnished,2,755,2,13,4,7,12,1,6993900
Hadapsar,plot,sale,fully-furnished,0,1723,1,26,6,0,1,0,7529400
Koregaon Park,villa,rent,semi-furnished,4,3622,4,9,7,1,11,0,424000
Kharadi,apartment,rent,fully-furnished,3,1632,3,29,5,3,3,1,98300
Kharadi,villa,sale,semi-furnished,3,3254,3,27,2,9,12,1,24347900
Wakad,apartment,rent,semi-furnished,2,880,2,9,6,16,18,1,28200
Hadapsar,apartment,rent,semi-furnished,3,1219,3,19,0,2,10,0,50400
Koregaon Park,apartment,rent,unfurnished,3,1127,3,20,9,7,15,0,64700
Hinjewadi,apartment,sale,semi-furnished,3,1241,3,27,0,2,8,1,8587300
Magarpatta,house,rent,unfurnished,3,1282,3,6,8,8,8,0,69200
Wakad,studio,rent,semi-furnished,1,431,1,9,8,2,11,1,21400
Magarpatta,apartment,rent,semi-furnished,3,1272,3,9,4,10,15,0,74000
Kharadi,apartment,sale,semi-furnished,1,1012,1,26,3,10,10,1,5761200
Baner,house,rent,semi-furnished,2,1189,2,27,5,3,8,1,48400
Kothrud,villa,rent,fully-furnished,4,2920,4,27,3,7,12,1,815100
Kalyani Nagar,apartment,rent,semi-furnished,3,1342,3,25,8,5,10,0,96400
Pimple Saudagar,studio,sale,semi-furnished,1,355,1,21,4,15,15,0,2033200
Pisoli,apartment,rent,semi-furnished,3,1214,3,29,1,5,13,0,32800
Baner,studio,sale,semi-furnished,1,556,1,20,3,4,10,1,4579700
Wagholi,commercial,rent,semi-furnished,0,2101,1,26,2,0,1,0,104400
Wakad,apartment,rent,unfurnished,4,1549,4,28,5,2,7,1,112300
Kharadi,apartment,sale,fully-furnished,2,999,2,6,2,3,9,1,9735500
Viman Nagar,plot,sale,unfurnished,0,664,1,3,8,0,1,1,4018900
Undri,apartment,sale,unfurnished,2,949,2,19,2,13,13,0,4520800
Kharadi,villa,sale,semi-furnished,5,2828,5,9,3,3,6,1,23680000
Wakad,apartment,sale,fully-furnished,2,895,2,5,6,3,18,1,9003200
Viman Nagar,apartment,sale,unfurnished,2,1018,2,5,4,1,17,1,11135300
Kalyani Nagar,apartment,sale,unfurnished,3,1630,3,21,9,6,12,0,17210700
Hinjewadi,house,sale,fully-furnished,1,579,1,2,5,0,8,1,5369900
Hinjewadi,commercial,rent,unfurnished,0,3872,1,29,2,0,1,1,346400
Pimpri,apartment,sale,semi-furnished,5,1877,5,9,4,3,3,0,16650400
Kharadi,apartment,sale,fully-furnished,2,908,2,27,6,4,14,1,7294600
Kondhwa,house,sale,semi-furnished,3,1509,3,14,0,1,11,0,7999800
Koregaon Park,house,sale,semi-furnished,2,972,2,20,4,0,7,0,11298800
Pisoli,villa,rent,fully-furnished,2,3740,2,30,5,0,7,0,361300
Bavdhan,house,sale,fully-furnished,1,622,1,29,4,15,15,0,4404400
Hinjewadi,apartment,rent,unfurnished,1,876,1,28,6,3,13,1,11600
Wagholi,house,sale,semi-furnished,3,1090,3,6,3,0,5,0,6200900
Aundh,studio,sale,semi-furnished,1,522,1,14,2,0,4,1,4925700
Viman Nagar,house,sale,unfurnished,2,1141,2,23,8,3,12,1,9225300
Magarpatta,apartment,rent,unfurnished,2,923,2,6,4,13,15,0,38100
Koregaon Park,villa,sale,semi-furnished,1,1550,1,8,6,7,8,0,22891000
Koregaon Park,apartment,rent,unfurnished,2,1121,2,14,6,3,12,0,60300
Aundh,studio,sale,unfurnished,1,444,1,15,4,0,7,1,3275600
Pimpri,house,sale,unfurnished,1,909,1,25,4,3,12,0,3761400
Baner,plot,rent,semi-furnished,0,1028,1,28,4,0,1,1,40300
Kothrud,house,sale,semi-furnished,2,1230,2,24,6,0,2,1,9247200
Balewadi,apartment,rent,semi-furnished,5,1912,5,1,3,4,7,0,194100
Undri,studio,rent,fully-furnished,1,611,1,15,2,3,17,0,23200
Viman Nagar,villa,sale,semi-furnished,4,1665,4,12,9,1,2,1,19596100
Koregaon Park,plot,sale,semi-furnished,0,4876,1,2,4,0,1,0,44735200
Kalyani Nagar,apartment,rent,fully-furnished,2,942,2,12,7,1,6,0,67200
Viman Nagar,apartment,sale,fully-furnished,2,779,2,10,4,1,2,1,11778100
Wakad,villa,sale,semi-furnished,4,2629,4,15,7,2,20,1,27664700
Kalyani Nagar,apartment,sale,unfurnished,4,1673,4,30,9,0,2,0,17217700
Magarpatta,house,rent,semi-furnished,2,764,2,30,0,8,15,0,34100
Wagholi,plot,rent,fully-furnished,0,3628,1,0,0,0,1,0,80600
Wanowrie,apartment,rent,fully-furnished,1,1202,1,2,3,6,10,0,10600
Pashan,apartment,sale,semi-furnished,2,851,2,30,10,1,8,0,5625900
Magarpatta,apartment,rent,unfurnished,1,536,1,28,6,7,7,0,18800
Wakad,house,rent,semi-furnished,2,886,2,27,6,10,12,1,34800
Koregaon Park,apartment,rent,fully-furnished,3,1694,3,21,6,5,15,0,154300
Undri,studio,sale,fully-furnished,1,369,1,7,2,1,6,0,2502300
Viman Nagar,apartment,sale,fully-furnished,5,2071,5,30,5,14,21,1,23265600
Balewadi,plot,sale,unfurnished,0,1303,1,19,2,0,1,0,4597600
Pisoli,apartment,rent,fully-furnished,1,680,1,0,4,0,12,0,8400
Kothrud,commercial,rent,semi-furnished,0,4031,1,19,7,0,1,1,347000
Kalyani Nagar,studio,rent,fully-furnished,1,636,1,15,5,10,14,0,28800
Wanowrie,apartment,rent,semi-furnished,3,1402,3,13,3,6,19,0,81900
Undri,house,sale,semi-furnished,2,856,2,14,3,1,9,0,4335500
Kharadi,apartment,sale,fully-furnished,2,585,2,13,6,12,15,1,5213100
Viman Nagar,apartment,rent,semi-furnished,2,814,2,27,5,5,8,1,45500
Kalyani Nagar,villa,rent,fully-furnished,3,2950,3,10,4,5,9,0,576300
Wanowrie,house,sale,fully-furnished,2,856,2,24,3,4,14,0,6332300
Kalyani Nagar,apartment,sale,unfurnished,3,1003,3,16,1,3,9,0,10954300
Pisoli,villa,rent,semi-furnished,1,2612,1,8,3,6,11,0,185500
Magarpatta,apartment,sale,semi-furnished,5,2214,5,16,4,0,2,0,23217500
Kharadi,house,sale,unfurnished,2,736,2,20,9,7,10,1,5540100
Baner,apartment,sale,semi-furnished,1,586,1,16,4,3,17,1,5184900
Baner,plot,rent,fully-furnished,0,4329,1,20,2,0,1,1,152100
Aundh,apartment,sale,semi-furnished,2,817,2,21,8,12,16,1,8605700
Baner,apartment,rent,unfurnished,2,660,2,5,2,0,7,1,26200
Wakad,villa,rent,fully-furnished,5,2294,5,5,5,0,8,1,598200
Aundh,apartment,sale,semi-furnished,4,1697,4,19,2,1,5,1,16793000
Wagholi,apartment,sale,fully-furnished,2,1002,2,6,0,1,12,0,6292100
Koregaon Park,house,rent,semi-furnished,3,1336,3,31,6,14,14,0,115700
Hinjewadi,apartment,rent,semi-furnished,3,1466,3,15,3,9,14,1,85700
Kalyani Nagar,studio,rent,unfurnished,1,601,1,7,1,14,17,0,28600
Pimpri,house,rent,fully-furnished,3,1130,3,13,3,11,11,0,54900
Pimple Saudagar,villa,sale,semi-furnished,4,3107,4,11,4,6,6,0,29654400
Pisoli,apartment,sale,fully-furnished,3,1623,3,17,1,6,10,0,9104400
Baner,studio,sale,semi-furnished,1,338,1,28,3,1,5,1,2592500
Hadapsar,studio,sale,semi-furnished,1,491,1,23,2,10,11,0,2683800
Kalyani Nagar,studio,sale,semi-furnished,1,640,1,8,7,2,2,0,10812900
Hinjewadi,commercial,sale,unfurnished,0,2662,1,30,4,0,1,1,11517800
Kharadi,apartment,sale,fully-furnished,2,1176,2,5,7,6,13,1,15322900
Kothrud,villa,rent,semi-furnished,3,2831,3,17,4,1,18,1,532000
Kondhwa,apartment,rent,semi-furnished,4,1724,4,29,5,5,13,0,84200
Chinchwad,apartment,rent,unfurnished,3,1513,3,30,3,1,6,0,49700
Kothrud,villa,rent,semi-furnished,1,3240,1,10,6,2,6,1,292200
Wakad,apartment,sale,fully-furnished,3,1242,3,29,5,8,8,1,11293400
Viman Nagar,commercial,rent,unfurnished,0,5837,1,10,6,0,1,1,1010800
Aundh,apartment,sale,fully-furnished,3,1293,3,23,3,3,14,1,12026100
Hinjewadi,apartment,rent,fully-furnished,2,1068,2,4,4,8,12,1,58500
Baner,apartment,rent,semi-furnished,3,1059,3,20,5,8,14,1,51200
Aundh,apartment,rent,unfurnished,2,788,2,16,3,5,15,1,21900
Baner,villa,sale,semi-furnished,3,1979,3,11,4,1,2,1,22996600
Kharadi,apartment,rent,semi-furnished,4,1752,4,22,7,5,8,1,150400
Viman Nagar,apartment,rent,fully-furnished,2,1210,2,19,7,3,5,1,60400
Wakad,plot,rent,fully-furnished,0,1549,1,10,6,0,1,1,63800
Viman Nagar,apartment,rent,semi-furnished,2,1270,2,31,6,8,14,1,74300
Hinjewadi,house,rent,unfurnished,2,1095,2,0,1,5,5,1,39200
Hinjewadi,house,rent,semi-furnished,2,1095,2,23,2,5,12,1,45400
Balewadi,house,rent,semi-furnished,3,1163,3,11,1,19,20,0,66900
Wakad,apartment,sale,unfurnished,2,1071,2,25,4,10,16,1,6442200
Pashan,villa,sale,semi-furnished,1,2337,1,21,7,9,11,0,16325900
Magarpatta,house,sale,semi-furnished,2,1031,2,6,3,2,15,0,8122000
Magarpatta,apartment,sale,unfurnished,2,1209,2,12,7,12,16,0,9841000
Hadapsar,apartment,sale,fully-furnished,2,1187,2,21,0,0,2,0,6441700
Hinjewadi,apartment,sale,unfurnished,3,1408,3,10,2,1,7,1,9024200
Koregaon Park,apartment,rent,unfurnished,2,993,2,17,5,2,14,0,59400
Hinjewadi,villa,rent,unfurnished,3,2763,3,3,2,13,21,1,317500
Viman Nagar,apartment,sale,semi-furnished,2,784,2,29,7,8,16,1,5998400
Shivajinagar,apartment,rent,semi-furnished,4,1531,4,18,6,4,5,1,169900
Magarpatta,apartment,sale,fully-furnished,4,1769,4,8,2,3,9,0,16403400
Kharadi,apartment,sale,semi-furnished,2,859,2,24,6,8,19,1,6281500
Balewadi,apartment,rent,unfurnished,2,1214,2,14,5,3,9,0,42500
Kalyani Nagar,studio,rent,fully-furnished,1,505,1,29,6,3,7,0,32600
Viman Nagar,apartment,sale,semi-furnished,2,1138,2,27,2,4,11,1,8500800
Baner,apartment,rent,semi-furnished,2,958,2,25,5,6,9,1,43700
Kharadi,studio,rent,unfurnished,1,368,1,17,3,3,8,1,20700
Wakad,apartment,rent,semi-furnished,2,1179,2,28,4,4,8,1,53900
Kalyani Nagar,studio,rent,semi-furnished,1,608,1,25,8,9,20,0,36000
Pimpri,apartment,sale,semi-furnished,3,1409,3,16,0,2,2,0,7715100
Undri,apartment,sale,unfurnished,1,862,1,13,3,2,9,0,3552000
Baner,studio,sale,fully-furnished,1,624,1,27,6,17,20,1,7053000
Shivajinagar,commercial,rent,semi-furnished,0,4013,1,10,2,0,1,1,187700
Kalyani Nagar,apartment,sale,unfurnished,2,1252,2,13,10,1,4,0,13598700
Koregaon Park,apartment,sale,fully-furnished,3,1005,3,31,8,4,4,0,15149300
Aundh,plot,sale,semi-furnished,0,2967,1,22,3,0,1,1,18603200
Wakad,apartment,rent,fully-furnished,2,1287,2,21,10,1,11,1,50700
Pimple Saudagar,apartment,rent,unfurnished,2,1300,2,3,0,9,9,0,32500
Hadapsar,apartment,sale,unfurnished,3,1129,3,6,4,1,6,0,7235600
Viman Nagar,apartment,rent,semi-furnished,2,904,2,5,8,1,16,1,50300
Aundh,apartment,sale,unfurnished,4,1403,4,13,4,2,11,1,14939400
Viman Nagar,apartment,sale,semi-furnished,2,870,2,13,6,9,11,1,7297300
Bavdhan,apartment,rent,semi-furnished,2,812,2,15,2,8,16,0,32000
Magarpatta,plot,sale,unfurnished,0,4740,1,28,6,0,1,0,18735300
Kothrud,villa,rent,fully-furnished,3,2682,3,26,2,6,8,1,946200
Shivajinagar,apartment,sale,fully-furnished,2,1095,2,27,8,1,2,1,11463000
Hadapsar,apartment,rent,semi-furnished,4,1659,4,18,4,1,7,0,98000
Koregaon Park,apartment,sale,unfurnished,2,927,2,19,5,11,11,0,9384100
Kondhwa,commercial,rent,unfurnished,0,2374,1,18,2,0,1,0,180400
Kharadi,commercial,sale,fully-furnished,0,5512,1,0,3,0,1,1,68867800
Kharadi,commercial,sale,semi-furnished,0,863,1,4,3,0,1,1,11729500
Kothrud,commercial,rent,semi-furnished,0,3946,1,23,6,0,1,1,329900
Chinchwad,apartment,sale,unfurnished,3,1230,3,25,1,8,14,0,4944200
Undri,plot,sale,semi-furnished,0,3424,1,25,3,0,1,0,12943000
Magarpatta,studio,sale,fully-furnished,1,406,1,8,1,4,13,0,2668500
Pisoli,commercial,rent,fully-furnished,0,5923,1,13,5,0,1,0,315500
Balewadi,plot,rent,semi-furnished,0,4000,1,15,6,0,1,0,141700
Pisoli,apartment,rent,unfurnished,3,1237,3,9,2,7,7,0,40800
Boat Club Road,house,rent,fully-furnished,2,980,2,27,7,0,10,0,67500
Wagholi,apartment,sale,unfurnished,3,1100,3,13,2,0,7,0,5609900
Boat Club Road,apartment,rent,semi-furnished,4,1492,4,5,7,4,7,0,211700
Chinchwad,apartment,sale,unfurnished,2,1194,2,5,6,10,18,0,8605900
Wagholi,apartment,rent,fully-furnished,3,1524,3,30,4,5,10,0,50900
Hinjewadi,plot,rent,semi-furnished,0,3342,1,21,0,0,1,1,111600
Chinchwad,villa,sale,fully-furnished,2,2768,2,19,0,8,11,0,22884200
Bavdhan,studio,rent,unfurnished,1,453,1,11,0,0,10,0,11400
Pisoli,house,rent,unfurnished,1,718,1,10,3,5,8,0,16400
Boat Club Road,apartment,rent,semi-furnished,3,1411,3,2,8,5,6,0,132100
Hadapsar,apartment,rent,unfurnished,4,1873,4,11,3,4,11,0,105500
Hadapsar,house,sale,unfurnished,3,1407,3,5,3,3,18,0,9083900
Pimple Saudagar,apartment,rent,semi-furnished,2,1108,2,0,6,13,15,0,33700
Pimple Saudagar,studio,rent,unfurnished,1,300,1,4,2,11,15,0,8900
Kalyani Nagar,apartment,sale,semi-furnished,3,1394,3,25,3,8,13,0,12686300
Undri,commercial,sale,semi-furnished,0,5080,1,6,3,0,1,0,35739100
Boat Club Road,commercial,sale,semi-furnished,0,1487,1,17,6,0,1,0,20097200
Baner,commercial,sale,unfurnished,0,4380,1,6,5,0,1,1,56876900
Balewadi,apartment,sale,semi-furnished,2,1172,2,12,2,0,6,0,7380200
Balewadi,apartment,sale,unfurnished,2,1137,2,21,4,11,12,0,6335000
Kharadi,apartment,sale,semi-furnished,2,862,2,7,2,1,12,1,6323200
Wagholi,apartment,sale,unfurnished,2,956,2,12,2,0,10,0,4102100
Bavdhan,apartment,sale,fully-furnished,2,930,2,30,1,9,13,0,6305700
Pisoli,plot,sale,fully-furnished,0,3609,1,20,2,0,1,0,11015000
Camp,apartment,rent,semi-furnished,4,1295,4,19,9,5,18,0,144300
Baner,apartment,rent,fully-furnished,3,1526,3,15,6,2,6,1,115800
Baner,apartment,sale,unfurnished,3,1640,3,4,6,0,2,1,15542100
Magarpatta,apartment,sale,semi-furnished,3,1364,3,14,5,0,10,0,11421500
Camp,apartment,sale,semi-furnished,3,907,3,18,3,5,8,0,7553700
Kothrud,house,rent,fully-furnished,1,682,1,18,6,5,5,1,21400
Pashan,apartment,rent,unfurnished,3,1314,3,12,4,4,15,0,53400
Undri,apartment,sale,semi-furnished,4,1397,4,24,0,10,14,0,7026700
Kothrud,apartment,sale,fully-furnished,3,1370,3,7,2,4,15,1,16460500
Kondhwa,apartment,sale,unfurnished,4,1352,4,12,1,3,11,0,7637200
Magarpatta,apartment,sale,unfurnished,3,1578,3,0,6,14,15,0,15627100
Pimpri,studio,sale,unfurnished,1,601,1,16,5,10,15,0,3438300
Hinjewadi,house,sale,unfurnished,3,1422,3,28,0,1,10,1,7533200
Camp,plot,rent,fully-furnished,0,4120,1,12,2,0,1,0,121300
Aundh,apartment,rent,semi-furnished,4,1692,4,18,5,6,7,1,150700
Koregaon Park,villa,rent,semi-furnished,1,2541,1,2,7,2,6,0,953100
Balewadi,studio,rent,unfurnished,1,464,1,13,3,8,9,0,17000
Wakad,apartment,rent,fully-furnished,3,1347,3,27,0,4,10,1,74300
Wagholi,apartment,rent,semi-furnished,2,1101,2,7,3,7,15,0,28600
Pisoli,studio,sale,unfurnished,1,419,1,9,4,16,18,0,2473000
Kalyani Nagar,villa,sale,unfurnished,2,1870,2,3,4,5,5,0,28609000
Hadapsar,house,sale,fully-furnished,2,970,2,25,3,4,10,0,5199800
Kharadi,plot,rent,semi-furnished,0,2443,1,8,5,0,1,1,84600
Kondhwa,house,rent,fully-furnished,3,1503,3,4,3,5,12,0,73000
Balewadi,apartment,sale,fully-furnished,4,1722,4,25,2,5,7,0,17773200
Kothrud,apartment,rent,semi-furnished,2,1193,2,30,2,2,2,1,69800
Kondhwa,apartment,sale,semi-furnished,2,969,2,14,1,4,7,0,4015400
Baner,studio,rent,semi-furnished,1,509,1,12,7,5,5,1,33200
Pimple Saudagar,house,sale,unfurnished,3,1185,3,27,2,7,12,0,5783900
Pimple Saudagar,apartment,sale,unfurnished,3,1467,3,23,1,2,5,0,7438800
Koregaon Park,apartment,sale,unfurnished,3,1079,3,17,8,7,11,0,16145300
Kharadi,apartment,sale,unfurnished,1,504,1,27,10,6,9,1,3331900
Kothrud,commercial,rent,semi-furnished,0,5109,1,30,5,0,1,1,296100
Kharadi,apartment,rent,semi-furnished,4,1853,4,15,8,9,19,1,139600
Pisoli,apartment,sale,semi-furnished,1,655,1,26,4,3,10,0,2388000
Baner,apartment,rent,unfurnished,2,842,2,11,5,11,14,1,34300
Wanowrie,apartment,sale,fully-furnished,2,1150,2,30,3,2,16,0,6475100
Kalyani Nagar,apartment,rent,unfurnished,1,545,1,25,6,0,3,0,18000
Pimpri,apartment,sale,unfurnished,3,1494,3,5,1,0,13,0,8317000
Balewadi,apartment,rent,semi-furnished,3,1462,3,23,4,0,7,0,73300
Pimpri,apartment,rent,fully-furnished,3,1339,3,20,5,2,13,0,62700
Hinjewadi,apartment,sale,semi-furnished,2,1219,2,0,5,13,13,1,13685600
Baner,plot,sale,unfurnished,0,2071,1,5,3,0,1,1,15432200
Koregaon Park,apartment,sale,unfurnished,2,1135,2,19,8,1,18,0,12036200
Undri,villa,sale,semi-furnished,2,2561,2,16,5,3,8,0,17187000
Hinjewadi,apartment,rent,unfurnished,4,1747,4,31,3,10,12,1,117900
Kothrud,studio,rent,fully-furnished,1,551,1,12,2,0,9,1,25300
Wanowrie,commercial,sale,unfurnished,0,3942,1,19,3,0,1,0,28277900
Pashan,house,rent,unfurnished,3,1328,3,20,5,0,13,0,71700
Aundh,apartment,rent,fully-furnished,3,1255,3,4,6,13,14,1,78600
Wagholi,apartment,rent,unfurnished,3,1454,3,20,4,1,18,0,52500
Magarpatta,apartment,sale,semi-furnished,4,1873,4,18,5,3,4,0,18495400
Koregaon Park,house,rent,semi-furnished,2,985,2,10,4,2,2,0,65200
Magarpatta,apartment,rent,fully-furnished,1,609,1,8,4,3,9,0,20900
Pimple Saudagar,commercial,rent,unfurnished,0,2826,1,7,3,0,1,0,143300
Pimple Saudagar,villa,rent,semi-furnished,3,1352,3,27,1,5,5,0,164900
Hinjewadi,apartment,rent,unfurnished,3,1285,3,16,2,2,2,1,59800
Aundh,apartment,sale,semi-furnished,1,756,1,3,4,1,2,1,7478100
Koregaon Park,apartment,rent,fully-furnished,2,992,2,28,8,3,8,0,55400
Wagholi,studio,rent,semi-furnished,1,391,1,25,6,0,3,0,11100
Hinjewadi,apartment,rent,unfurnished,3,874,3,1,0,1,18,1,42100
Koregaon Park,studio,sale,unfurnished,1,480,1,25,9,6,7,0,3945100
Wakad,plot,rent,unfurnished,0,3111,1,24,4,0,1,1,88300
Magarpatta,house,sale,unfurnished,3,1188,3,13,8,13,15,0,13166900
Pimpri,apartment,rent,semi-furnished,3,1220,3,19,3,1,10,0,45300
Kharadi,plot,sale,semi-furnished,0,4429,1,11,6,0,1,1,27582400
Kondhwa,apartment,sale,semi-furnished,3,1159,3,5,6,7,15,0,9828500
Baner,house,rent,semi-furnished,3,1373,3,25,2,8,11,1,85000
Kharadi,apartment,rent,semi-furnished,4,1945,4,27,3,0,5,1,130200
Kondhwa,villa,rent,semi-furnished,1,3166,1,17,0,1,4,0,451200
Koregaon Park,plot,sale,semi-furnished,0,1014,1,9,3,0,1,0,7693500
Hinjewadi,apartment,sale,unfurnished,3,1400,3,15,4,1,3,1,10018400
Balewadi,apartment,sale,semi-furnished,1,441,1,30,3,9,9,0,3036300
Aundh,commercial,rent,unfurnished,0,5150,1,31,5,0,1,1,553400
Koregaon Park,house,sale,semi-furnished,2,1302,2,16,7,1,15,0,14748200
Undri,commercial,rent,unfurnished,0,5871,1,8,5,0,1,0,212900
Viman Nagar,house,sale,fully-furnished,2,1195,2,23,8,0,6,1,13294900
Pimpri,house,rent,unfurnished,2,1112,2,4,4,3,7,0,24100
Koregaon Park,villa,sale,unfurnished,3,3812,3,7,6,2,13,0,55714400
Balewadi,villa,sale,fully-furnished,2,3216,2,10,2,3,13,0,31326700
Undri,apartment,sale,semi-furnished,2,1052,2,4,8,2,5,0,5763700
Pimpri,apartment,rent,unfurnished,3,1281,3,15,4,5,12,0,49300
Camp,studio,sale,semi-furnished,1,717,1,24,1,0,16,0,4148200
Balewadi,apartment,rent,unfurnished,1,445,1,16,6,10,14,0,17900
Wagholi,apartment,rent,semi-furnished,1,783,1,10,3,2,9,0,16000
Koregaon Park,apartment,sale,fully-furnished,2,1137,2,4,10,0,5,0,19448200
Balewadi,commercial,sale,fully-furnished,0,4419,1,29,4,0,1,0,39312400
Baner,apartment,rent,semi-furnished,5,2027,5,15,3,10,24,1,246700
Chinchwad,apartment,rent,unfurnished,3,1137,3,1,1,0,6,0,30700
Viman Nagar,studio,sale,unfurnished,1,453,1,22,7,7,8,1,3701300
Viman Nagar,studio,sale,semi-furnished,1,341,1,9,7,2,2,1,4206400
Koregaon Park,apartment,sale,semi-furnished,1,1024,1,15,6,4,4,0,14507900
Koregaon Park,apartment,sale,unfurnished,3,1106,3,24,4,2,2,0,12046500
Viman Nagar,villa,sale,fully-furnished,2,2841,2,24,10,2,18,1,31191400
Kharadi,studio,rent,fully-furnished,1,523,1,19,5,7,9,1,24600
Wagholi,house,sale,fully-furnished,1,885,1,26,6,2,5,0,4546000
Bavdhan,apartment,sale,fully-furnished,3,1351,3,5,6,0,11,0,12967700
Chinchwad,apartment,rent,fully-furnished,2,1087,2,2,2,4,8,0,33100
Hadapsar,apartment,rent,fully-furnished,3,1294,3,26,3,2,2,0,61600
Kharadi,apartment,rent,unfurnished,2,808,2,18,3,14,19,1,35400
Bavdhan,studio,sale,unfurnished,1,442,1,15,4,9,19,0,2869300
Kondhwa,apartment,sale,unfurnished,3,1162,3,11,5,2,11,0,7421600
Aundh,apartment,sale,fully-furnished,3,1329,3,17,7,9,14,1,15649600
Wakad,plot,sale,unfurnished,0,3267,1,4,4,0,1,1,25269500
Kharadi,commercial,sale,unfurnished,0,4635,1,4,2,0,1,1,27459200
Kharadi,villa,sale,semi-furnished,2,2863,2,23,4,4,5,1,27302100
Kalyani Nagar,villa,rent,semi-furnished,5,4041,5,13,7,5,12,0,1191500
Aundh,studio,sale,semi-furnished,1,490,1,12,2,1,2,1,4818100
Balewadi,apartment,sale,fully-furnished,2,760,2,12,3,19,22,0,8745200
Viman Nagar,apartment,sale,unfurnished,3,840,3,3,4,10,12,1,9811600
Viman Nagar,house,rent,unfurnished,3,1599,3,20,5,2,3,1,75800
Magarpatta,studio,sale,fully-furnished,1,632,1,29,4,9,14,0,4792600
Hadapsar,villa,rent,semi-furnished,3,3843,3,22,5,2,2,0,413700
Kharadi,apartment,sale,semi-furnished,2,1184,2,8,3,6,8,1,9655700
Baner,villa,sale,fully-furnished,2,2920,2,1,1,7,7,1,50037400
Wanowrie,apartment,rent,semi-furnished,1,821,1,17,1,17,17,0,10500
Koregaon Park,apartment,rent,semi-furnished,5,2112,5,23,8,0,7,0,380800
Pashan,apartment,rent,fully-furnished,2,858,2,17,4,11,12,0,45100
Balewadi,apartment,sale,unfurnished,1,876,1,18,9,0,11,0,6897800
Balewadi,house,rent,unfurnished,2,1315,2,14,5,3,15,0,54400
Baner,apartment,sale,fully-furnished,3,1384,3,8,2,5,8,1,14307100
Chinchwad,villa,sale,semi-furnished,1,3635,1,26,3,3,12,0,17476100
Undri,apartment,rent,semi-furnished,2,1209,2,26,3,6,9,0,23300
Kharadi,apartment,sale,semi-furnished,1,661,1,15,3,13,17,1,5111100
Hinjewadi,apartment,sale,fully-furnished,2,851,2,10,3,0,4,1,6970800
Kothrud,apartment,rent,semi-furnished,1,504,1,31,2,9,9,1,24500
Chinchwad,apartment,rent,semi-furnished,2,878,2,21,1,3,9,0,31000
Koregaon Park,plot,sale,semi-furnished,0,916,1,13,5,0,1,0,8911500
Pisoli,apartment,sale,semi-furnished,2,535,2,0,3,0,2,0,3204300
Hinjewadi,apartment,rent,unfurnished,3,1494,3,3,4,6,16,1,61800
Bavdhan,house,sale,fully-furnished,2,1039,2,9,0,1,8,0,7739900
Viman Nagar,apartment,sale,semi-furnished,2,1225,2,5,7,12,13,1,14240000
Kharadi,house,rent,semi-furnished,2,1236,2,31,6,2,2,1,39600
Hinjewadi,apartment,rent,unfurnished,3,1346,3,21,5,6,13,1,64300
Wagholi,apartment,rent,unfurnished,1,521,1,2,4,5,14,0,13200
Balewadi,house,rent,fully-furnished,3,1506,3,0,7,0,6,0,111200
Shivajinagar,apartment,rent,semi-furnished,2,871,2,6,9,5,8,1,41900
Balewadi,apartment,rent,unfurnished,1,692,1,19,3,8,8,0,14500
Pashan,house,rent,fully-furnished,2,1033,2,15,4,2,13,0,49100
Viman Nagar,studio,rent,semi-furnished,1,466,1,25,9,8,12,1,27700
Kharadi,apartment,rent,fully-furnished,2,928,2,14,8,3,7,1,52300
Magarpatta,plot,sale,unfurnished,0,4115,1,15,7,0,1,0,22660200
Kharadi,apartment,rent,unfurnished,4,1496,4,23,3,2,4,1,89200
Kharadi,apartment,sale,unfurnished,2,818,2,14,4,0,4,1,5190800
Wakad,apartment,sale,fully-furnished,2,795,2,15,2,0,8,1,6355400
Bavdhan,apartment,sale,unfurnished,4,1862,4,7,3,2,9,0,14104100
Hinjewadi,villa,rent,semi-furnished,3,2424,3,0,0,4,6,1,531600
Viman Nagar,apartment,sale,fully-furnished,2,1108,2,13,4,0,10,1,13829300
Hadapsar,apartment,sale,semi-furnished,2,920,2,29,2,9,15,0,4163800
Wakad,plot,sale,semi-furnished,0,2953,1,18,1,0,1,1,17300700
Pimple Saudagar,apartment,sale,unfurnished,1,959,1,3,5,6,6,0,7437200
Undri,apartment,sale,semi-furnished,3,1389,3,19,4,16,17,0,8370000
Hinjewadi,apartment,sale,unfurnished,5,1453,5,10,0,3,8,1,13203800
Boat Club Road,studio,sale,semi-furnished,1,454,1,14,7,11,13,0,6422500
Hadapsar,plot,sale,unfurnished,0,3469,1,31,1,0,1,0,10618500
Undri,apartment,sale,unfurnished,1,1042,1,12,3,13,16,0,5033900
Magarpatta,commercial,sale,unfurnished,0,3236,1,1,7,0,1,0,35207300
Aundh,house,rent,fully-furnished,3,1370,3,22,1,2,12,1,100900
Pisoli,apartment,rent,unfurnished,1,580,1,7,2,2,2,0,9200
Wanowrie,apartment,rent,semi-furnished,1,783,1,27,0,1,7,0,12200
Kondhwa,studio,rent,unfurnished,1,548,1,29,1,10,12,0,12000
Wagholi,apartment,sale,fully-furnished,1,629,1,3,0,3,11,0,4393900
Pisoli,apartment,sale,fully-furnished,3,1248,3,6,2,13,13,0,10216700
Viman Nagar,apartment,sale,fully-furnished,4,1665,4,2,2,6,6,1,25405900
Viman Nagar,plot,sale,unfurnished,0,4877,1,5,2,0,1,1,35923300
Chinchwad,house,rent,semi-furnished,3,1401,3,24,1,0,2,0,47100
Pimple Saudagar,apartment,rent,unfurnished,4,1820,4,13,1,2,2,0,97200
Kalyani Nagar,house,sale,unfurnished,2,1009,2,8,5,6,6,0,12680400
Wakad,apartment,sale,fully-furnished,1,557,1,2,6,16,17,1,6724800
Kalyani Nagar,apartment,sale,fully-furnished,2,843,2,20,9,6,15,0,10230400
Chinchwad,apartment,rent,semi-furnished,2,835,2,17,2,2,7,0,21000
Kharadi,commercial,sale,fully-furnished,0,2654,1,2,4,0,1,1,31098600
Baner,studio,sale,semi-furnished,1,490,1,3,7,3,6,1,6850900
Kalyani Nagar,villa,rent,semi-furnished,2,2380,2,13,4,8,8,0,622900
Kondhwa,apartment,rent,unfurnished,4,1502,4,16,3,0,4,0,82700
Kothrud,apartment,rent,unfurnished,3,977,3,14,5,4,22,1,61100
Pimple Saudagar,apartment,rent,semi-furnished,2,686,2,4,0,0,2,0,29600
Kharadi,studio,rent,fully-furnished,1,574,1,24,5,2,11,1,27000
Baner,apartment,rent,semi-furnished,3,1311,3,17,8,6,9,1,86100
Balewadi,studio,rent,semi-furnished,1,491,1,12,7,8,10,0,19100
Wakad,studio,rent,unfurnished,1,396,1,0,5,4,9,1,15700
Aundh,plot,rent,unfurnished,0,3895,1,6,4,0,1,1,135000
Kalyani Nagar,apartment,sale,semi-furnished,1,367,1,28,8,9,11,0,2805400
Baner,apartment,rent,semi-furnished,1,556,1,19,2,0,7,1,20700
Baner,studio,sale,semi-furnished,1,421,1,27,5,0,7,1,3167000
Balewadi,apartment,sale,unfurnished,3,1159,3,22,3,8,19,0,8849900
Hadapsar,studio,sale,semi-furnished,1,604,1,16,4,2,4,0,3228100
Pimple Saudagar,apartment,sale,fully-furnished,4,1547,4,21,2,0,7,0,14975200
Pimpri,apartment,sale,unfurnished,3,1326,3,1,1,0,10,0,6668100
Kalyani Nagar,house,sale,semi-furnished,5,1993,5,23,7,6,9,0,27873100
Hinjewadi,apartment,rent,fully-furnished,2,920,2,19,3,5,16,1,38200
Balewadi,apartment,rent,semi-furnished,3,1181,3,17,2,15,18,0,65200
Wakad,commercial,sale,fully-furnished,0,5689,1,3,4,0,1,1,44337100
Kalyani Nagar,villa,rent,fully-furnished,2,3183,2,15,9,15,15,0,1122100
Hinjewadi,studio,rent,semi-furnished,1,414,1,10,0,2,5,1,12400
Viman Nagar,apartment,sale,unfurnished,2,1213,2,18,2,8,11,1,9454100
Koregaon Park,apartment,sale,semi-furnished,3,1457,3,10,6,4,19,0,22979400
Viman Nagar,apartment,sale,fully-furnished,1,810,1,23,6,3,14,1,7629200
Kothrud,apartment,rent,unfurnished,2,797,2,9,8,3,10,1,48300
Aundh,apartment,rent,semi-furnished,3,1672,3,2,5,6,11,1,97500
Kothrud,plot,sale,unfurnished,0,2624,1,13,4,0,1,1,18728600
Viman Nagar,studio,rent,semi-furnished,1,457,1,10,8,8,11,1,19200
Magarpatta,apartment,rent,fully-furnished,2,930,2,26,2,2,3,0,27500
Kharadi,house,rent,semi-furnished,3,1402,3,29,7,5,14,1,95300
Baner,house,sale,fully-furnished,2,974,2,20,3,6,8,1,9460200
Aundh,apartment,rent,fully-furnished,2,468,2,6,2,8,9,1,23000
Wakad,apartment,rent,unfurnished,1,485,1,28,5,7,9,1,14300
Hinjewadi,apartment,sale,semi-furnished,1,675,1,30,3,5,15,1,4533100
Shivajinagar,house,sale,fully-furnished,1,810,1,16,5,8,8,1,8348900
Hinjewadi,apartment,sale,semi-furnished,4,1079,4,17,1,0,2,1,9619500
Baner,house,rent,unfurnished,3,1039,3,2,7,5,11,1,62500
Magarpatta,villa,sale,unfurnished,3,2435,3,24,2,1,6,0,11127800
Magarpatta,apartment,rent,semi-furnished,4,1510,4,30,2,9,14,0,110000
Koregaon Park,commercial,sale,fully-furnished,0,5777,1,16,6,0,1,0,80978400
Wanowrie,apartment,sale,semi-furnished,4,1668,4,22,1,1,14,0,10962800
Pashan,apartment,sale,semi-furnished,2,718,2,16,5,0,8,0,4283100
Hinjewadi,studio,sale,unfurnished,1,481,1,10,2,5,13,1,3209700
Aundh,apartment,sale,fully-furnished,2,1112,2,27,5,2,2,1,10074900
Koregaon Park,studio,rent,fully-furnished,1,435,1,19,7,2,5,0,47900
Viman Nagar,apartment,rent,unfurnished,2,1069,2,6,9,1,10,1,45000
Baner,apartment,rent,semi-furnished,1,490,1,1,4,1,10,1,14500
Koregaon Park,apartment,sale,semi-furnished,2,1252,2,15,7,8,14,0,18086400
Magarpatta,apartment,sale,unfurnished,2,1204,2,18,7,10,13,0,10973000
Wakad,studio,sale,fully-furnished,1,486,1,25,2,1,3,1,3258300
Balewadi,plot,sale,semi-furnished,0,3337,1,27,4,0,1,0,16560100
Baner,villa,sale,unfurnished,2,3349,2,6,6,0,2,1,37632600
Koregaon Park,apartment,sale,unfurnished,1,329,1,19,7,2,5,0,3747200
Wagholi,apartment,sale,semi-furnished,4,1400,4,5,5,4,14,0,9735000
Kondhwa,studio,sale,fully-furnished,1,665,1,8,0,0,5,0,4427000
Kothrud,commercial,sale,unfurnished,0,3217,1,1,3,0,1,1,25908900
Kharadi,apartment,sale,semi-furnished,1,613,1,23,8,1,4,1,4817700
Hinjewadi,commercial,sale,semi-furnished,0,2861,1,6,3,0,1,1,24584200
Aundh,villa,rent,semi-furnished,3,3317,3,25,3,7,8,1,606300
Hinjewadi,apartment,rent,semi-furnished,2,802,2,1,4,12,15,1,31300
Kalyani Nagar,apartment,sale,fully-furnished,2,1134,2,17,6,2,14,0,14462300
Magarpatta,apartment,sale,fully-furnished,2,1361,2,29,5,3,5,0,9359100
Hinjewadi,studio,sale,semi-furnished,1,482,1,14,3,6,6,1,3394100
Kothrud,apartment,sale,fully-furnished,2,776,2,5,4,4,12,1,9422700
Koregaon Park,apartment,sale,semi-furnished,3,1150,3,4,7,7,18,0,17617300
Baner,house,sale,semi-furnished,2,1026,2,13,8,4,6,1,11463300
Pimpri,apartment,rent,semi-furnished,2,1059,2,3,3,11,12,0,27200
Balewadi,apartment,rent,semi-furnished,1,750,1,7,3,5,6,0,22600
Kalyani Nagar,house,sale,semi-furnished,2,1251,2,18,5,6,6,0,12812200
Wakad,apartment,rent,fully-furnished,2,1046,2,12,7,12,15,1,47300
Aundh,apartment,sale,fully-furnished,3,1615,3,13,9,2,10,1,20854000
Pashan,apartment,sale,unfurnished,2,1118,2,25,3,2,2,0,7304900
Baner,house,sale,semi-furnished,1,533,1,29,4,3,4,1,4472000
Pimpri,house,rent,unfurnished,2,965,2,16,2,1,11,0,20900
Wanowrie,apartment,sale,unfurnished,2,440,2,13,2,7,12,0,2877700
Viman Nagar,house,sale,unfurnished,3,1311,3,14,4,9,15,1,12929800
Baner,plot,rent,semi-furnished,0,1132,1,1,4,0,1,1,39000
Pimpri,apartment,sale,semi-furnished,4,1680,4,3,1,5,5,0,14072200
Hinjewadi,apartment,sale,fully-furnished,2,985,2,16,0,11,11,1,7962700
Hinjewadi,plot,rent,semi-furnished,0,2940,1,8,0,0,1,1,92700
Kothrud,apartment,sale,semi-furnished,2,1190,2,16,7,2,7,1,11697600
Kothrud,studio,sale,semi-furnished,1,412,1,20,4,5,9,1,3800900
Kharadi,apartment,rent,unfurnished,5,1826,5,28,8,0,10,1,182800
Kothrud,studio,sale,fully-furnished,1,422,1,7,2,10,10,1,4259000
Koregaon Park,commercial,rent,unfurnished,0,303,1,11,7,0,1,0,109600
Bavdhan,house,sale,unfurnished,3,1141,3,17,0,4,5,0,5536500
Chinchwad,house,rent,semi-furnished,1,346,1,29,5,1,2,0,9600
Wanowrie,apartment,sale,semi-furnished,4,1515,4,9,4,4,7,0,13084100
Balewadi,apartment,rent,semi-furnished,1,548,1,4,5,0,14,0,16700
Kalyani Nagar,studio,sale,semi-furnished,1,665,1,30,10,4,6,0,6082300
Wanowrie,house,rent,semi-furnished,2,908,2,17,4,9,10,0,22600
Wakad,apartment,rent,unfurnished,4,1880,4,28,2,0,8,1,116500
Koregaon Park,apartment,sale,semi-furnished,2,912,2,0,3,0,6,0,12580800
Pimple Saudagar,plot,rent,unfurnished,0,1276,1,6,4,0,1,0,44100
Aundh,apartment,rent,fully-furnished,3,1327,3,20,6,2,2,1,105700
Hinjewadi,apartment,sale,fully-furnished,2,925,2,27,5,4,11,1,7113500
Wakad,apartment,sale,semi-furnished,3,1389,3,12,2,4,15,1,10924500
Hinjewadi,apartment,rent,semi-furnished,2,830,2,9,0,2,10,1,30600
Wakad,house,sale,fully-furnished,1,814,1,3,5,4,5,1,10022600
Undri,apartment,sale,semi-furnished,3,1462,3,31,5,2,10,0,5465600
Bavdhan,apartment,sale,unfurnished,2,1079,2,22,2,4,12,0,6089400
Pimple Saudagar,apartment,rent,fully-furnished,2,798,2,1,3,10,10,0,41900
Chinchwad,apartment,rent,semi-furnished,3,1405,3,23,0,0,2,0,34200
Hinjewadi,apartment,sale,semi-furnished,2,1155,2,18,3,6,12,1,9086500
Hinjewadi,commercial,rent,unfurnished,0,2987,1,29,2,0,1,1,114000
Aundh,apartment,sale,unfurnished,2,1038,2,27,6,2,4,1,8577500
Aundh,apartment,rent,semi-furnished,1,588,1,17,3,2,2,1,22800
Pashan,apartment,sale,unfurnished,2,978,2,10,5,2,5,0,8164800
Kharadi,house,rent,fully-furnished,2,1084,2,20,5,7,22,1,49300
Wagholi,commercial,sale,fully-furnished,0,3120,1,4,5,0,1,0,31567400
Koregaon Park,apartment,rent,fully-furnished,2,1237,2,23,7,3,3,0,60900
Bavdhan,house,rent,fully-furnished,2,1125,2,23,3,6,14,0,47000
Magarpatta,apartment,sale,semi-furnished,3,1344,3,13,4,4,12,0,13881800
Koregaon Park,plot,sale,semi-furnished,0,3272,1,22,5,0,1,0,32863500
Baner,apartment,rent,semi-furnished,2,1080,2,9,5,3,4,1,48000
Baner,studio,sale,semi-furnished,1,602,1,14,8,2,9,1,6092100
Hadapsar,apartment,sale,fully-furnished,2,1167,2,26,2,17,19,0,5530700
Viman Nagar,studio,rent,semi-furnished,1,547,1,19,10,3,13,1,23800
Kharadi,apartment,rent,unfurnished,2,1099,2,29,5,7,10,1,40300
Magarpatta,apartment,sale,unfurnished,1,946,1,24,1,10,10,0,6125200
Viman Nagar,commercial,sale,semi-furnished,0,450,1,29,10,0,1,1,4668900
Shivajinagar,apartment,sale,semi-furnished,2,574,2,1,9,2,14,1,7864000
Kothrud,apartment,sale,semi-furnished,2,572,2,24,4,0,10,1,4490000
Viman Nagar,apartment,rent,semi-furnished,4,1628,4,28,5,0,12,1,162400
Pashan,commercial,sale,unfurnished,0,1830,1,19,8,0,1,0,13538800
Kalyani Nagar,commercial,rent,fully-furnished,0,4119,1,22,4,0,1,0,596100
Pimple Saudagar,commercial,sale,unfurnished,0,928,1,3,1,0,1,0,6578000
Pimpri,studio,sale,unfurnished,1,413,1,27,2,8,10,0,2018600
Kharadi,apartment,rent,fully-furnished,2,1021,2,29,3,3,13,1,52200
Kharadi,apartment,sale,fully-furnished,1,397,1,31,4,1,3,1,2638400
Kothrud,plot,rent,semi-furnished,0,4124,1,8,1,0,1,1,152700
Wagholi,apartment,sale,semi-furnished,3,1034,3,0,3,7,14,0,5947000
Baner,studio,sale,fully-furnished,1,427,1,23,4,7,8,1,3614400
Kothrud,villa,sale,semi-furnished,2,2280,2,5,7,0,14,1,36232000
Camp,apartment,rent,fully-furnished,3,1324,3,15,3,1,13,0,80500
Hadapsar,plot,rent,fully-furnished,0,996,1,22,2,0,1,0,25200
Pimpri,apartment,rent,unfurnished,5,2094,5,23,0,6,7,0,132000
Koregaon Park,apartment,rent,semi-furnished,3,1500,3,25,8,4,5,0,157800
Hinjewadi,apartment,sale,semi-furnished,3,1266,3,29,2,1,6,1,7230200
Hinjewadi,apartment,sale,semi-furnished,2,910,2,13,1,1,5,1,5747100
Magarpatta,villa,rent,semi-furnished,5,3243,5,29,4,3,5,0,770000
Wagholi,apartment,rent,fully-furnished,3,1483,3,14,1,1,12,0,58400
Baner,apartment,rent,semi-furnished,1,727,1,27,3,2,11,1,28000
Wakad,studio,rent,semi-furnished,1,644,1,1,3,6,7,1,22000
Kothrud,plot,sale,semi-furnished,0,2384,1,1,9,0,1,1,22987300
Wagholi,apartment,rent,semi-furnished,5,1966,5,26,2,8,8,0,125900
Kothrud,commercial,rent,semi-furnished,0,481,1,13,9,0,1,1,133400
Hinjewadi,apartment,sale,semi-furnished,4,1385,4,3,1,5,9,1,12970800
Baner,apartment,sale,semi-furnished,2,836,2,24,7,2,5,1,8395900
Pimpri,apartment,sale,unfurnished,1,487,1,10,4,15,17,0,3122000
Shivajinagar,plot,sale,fully-furnished,0,4589,1,2,7,0,1,1,67513300
Viman Nagar,studio,rent,fully-furnished,1,417,1,28,5,3,5,1,20800
Hadapsar,apartment,sale,unfurnished,1,734,1,22,5,0,2,0,2641100
Boat Club Road,studio,rent,semi-furnished,1,421,1,14,8,7,9,0,31800
Balewadi,apartment,rent,semi-furnished,2,821,2,23,1,1,2,0,37000
Chinchwad,commercial,rent,fully-furnished,0,4046,1,21,0,0,1,0,357000
Undri,villa,sale,unfurnished,2,3000,2,26,3,3,11,0,14156900
Chinchwad,house,sale,semi-furnished,3,1161,3,19,3,1,14,0,6456900
Wakad,house,rent,fully-furnished,1,604,1,3,5,5,16,1,22900
Magarpatta,house,rent,fully-furnished,4,1738,4,5,4,14,20,0,142400
Undri,apartment,sale,unfurnished,3,1272,3,27,4,16,20,0,6762400
Balewadi,house,rent,unfurnished,1,583,1,3,6,5,6,0,8000
Aundh,apartment,sale,unfurnished,2,1224,2,27,4,3,16,1,7348800
Viman Nagar,apartment,rent,unfurnished,2,1248,2,31,8,9,18,1,59700
Magarpatta,apartment,rent,fully-furnished,3,1401,3,12,4,1,8,0,95000
Chinchwad,apartment,rent,fully-furnished,3,1006,3,20,3,2,16,0,44200
Pimpri,apartment,sale,semi-furnished,2,788,2,25,3,2,12,0,4478100
Magarpatta,villa,sale,unfurnished,3,2178,3,21,6,3,8,0,15116700
Hinjewadi,commercial,sale,semi-furnished,0,5357,1,14,0,0,1,1,44027200
Viman Nagar,studio,rent,unfurnished,1,574,1,21,5,7,11,1,22900
Koregaon Park,commercial,sale,semi-furnished,0,1754,1,1,10,0,1,0,36094400
Kalyani Nagar,apartment,rent,unfurnished,4,1378,4,7,7,6,7,0,147500
Baner,apartment,rent,semi-furnished,2,1096,2,4,5,1,8,1,45900
Kondhwa,apartment,rent,unfurnished,2,679,2,12,2,2,2,0,19100
Pimple Saudagar,villa,sale,semi-furnished,2,2343,2,2,1,12,12,0,25493700
Wagholi,apartment,sale,fully-furnished,2,1085,2,24,4,2,13,0,5405500
Wagholi,apartment,rent,unfurnished,2,1109,2,15,1,0,4,0,27400
Aundh,house,sale,semi-furnished,2,1313,2,11,3,1,7,1,12358700
Aundh,apartment,rent,semi-furnished,3,1376,3,9,5,1,7,1,82100
Hinjewadi,studio,rent,unfurnished,1,592,1,7,3,4,5,1,24600
Wagholi,apartment,sale,unfurnished,3,1443,3,7,4,4,13,0,9105000
Hinjewadi,house,sale,unfurnished,3,1404,3,25,5,10,15,1,9255700
Viman Nagar,house,rent,fully-furnished,3,1458,3,13,7,7,7,1,105600
Kharadi,apartment,sale,semi-furnished,2,1188,2,0,9,16,17,1,14154000
Wanowrie,apartment,sale,fully-furnished,3,999,3,21,2,7,10,0,8129500
Kothrud,apartment,rent,semi-furnished,2,1025,2,4,5,6,11,1,47600
Bavdhan,commercial,sale,fully-furnished,0,2920,1,1,1,0,1,0,21006500
Chinchwad,apartment,sale,fully-furnished,2,1195,2,19,2,13,16,0,6143700
Koregaon Park,apartment,sale,unfurnished,3,1451,3,6,3,2,21,0,21138200
Aundh,apartment,rent,fully-furnished,1,1004,1,25,4,0,13,1,39400
Kharadi,apartment,sale,unfurnished,3,768,3,3,3,2,11,1,6586300
Kharadi,apartment,sale,semi-furnished,3,1198,3,22,5,2,16,1,8794400
Wakad,apartment,sale,semi-furnished,2,984,2,12,6,10,20,1,9027100
Pimple Saudagar,plot,rent,fully-furnished,0,2463,1,10,5,0,1,0,74300
Viman Nagar,apartment,rent,semi-furnished,2,918,2,7,6,8,14,1,61300
Undri,apartment,sale,semi-furnished,4,1563,4,5,0,9,11,0,10389200
Chinchwad,studio,rent,semi-furnished,1,488,1,30,3,5,7,0,13500
Hinjewadi,studio,sale,semi-furnished,1,598,1,28,1,3,13,1,2592600
Pimpri,studio,sale,unfurnished,1,539,1,5,1,9,14,0,2557100
Wakad,villa,rent,fully-furnished,3,2668,3,20,6,6,7,1,422400
Viman Nagar,apartment,sale,semi-furnished,3,1460,3,21,5,2,12,1,15237500
Kalyani Nagar,apartment,rent,fully-furnished,3,1340,3,19,9,2,8,0,104900
Aundh,commercial,sale,unfurnished,0,5473,1,26,4,0,1,1,45681300
Kothrud,villa,rent,semi-furnished,2,3544,2,14,6,4,9,1,831000
Shivajinagar,studio,rent,semi-furnished,1,436,1,20,7,0,8,1,30800
Pimpri,apartment,sale,fully-furnished,2,969,2,22,2,5,5,0,5341400
Wakad,apartment,sale,fully-furnished,2,966,2,23,4,13,17,1,7299300
Wakad,apartment,sale,semi-furnished,1,788,1,6,3,5,19,1,8363600
Kondhwa,apartment,sale,unfurnished,4,1466,4,28,3,4,5,0,7188000
Koregaon Park,apartment,sale,unfurnished,3,1293,3,9,5,0,17,0,14513300
Hinjewadi,studio,sale,unfurnished,1,520,1,28,2,0,7,1,2964800
Pashan,commercial,rent,unfurnished,0,1306,1,7,6,0,1,0,128700
Koregaon Park,house,sale,fully-furnished,4,1679,4,7,7,2,2,0,38181200
Wagholi,apartment,sale,unfurnished,3,1399,3,18,1,0,2,0,5510800
Balewadi,apartment,rent,unfurnished,4,1726,4,16,3,2,13,0,123500
Viman Nagar,commercial,rent,semi-furnished,0,1729,1,12,8,0,1,1,386300
Pimpri,villa,rent,fully-furnished,4,2176,4,26,2,0,13,0,335300
Wanowrie,villa,sale,semi-furnished,4,3837,4,11,3,1,6,0,38229400
Aundh,plot,sale,semi-furnished,0,1287,1,15,7,0,1,1,10475400
Pimpri,studio,sale,semi-furnished,1,518,1,24,3,3,5,0,2375100
Magarpatta,apartment,rent,unfurnished,2,996,2,31,3,5,7,0,42500
Undri,villa,rent,unfurnished,1,3821,1,16,4,2,12,0,347100
Baner,apartment,sale,semi-furnished,5,2007,5,2,3,7,10,1,29857500
Kondhwa,commercial,rent,unfurnished,0,1546,1,11,0,0,1,0,20500
Aundh,apartment,sale,fully-furnished,2,878,2,25,1,8,15,1,6845400
Viman Nagar,apartment,sale,semi-furnished,3,1561,3,13,4,3,12,1,14582800
Hinjewadi,apartment,rent,semi-furnished,1,827,1,16,2,1,6,1,24400
Hinjewadi,studio,sale,semi-furnished,1,488,1,9,0,0,3,1,3338000
Pimpri,apartment,rent,semi-furnished,3,1450,3,16,2,8,17,0,57100
Baner,apartment,rent,semi-furnished,4,1646,4,2,5,2,6,1,144400
Wakad,plot,sale,unfurnished,0,1904,1,26,3,0,1,1,8412800
Baner,house,sale,semi-furnished,2,1243,2,8,5,3,5,1,14248500
Wagholi,house,sale,semi-furnished,3,1443,3,20,2,13,16,0,7393000
Baner,apartment,rent,semi-furnished,2,1538,2,9,4,1,2,1,62700
Camp,apartment,sale,unfurnished,5,1967,5,3,3,2,2,0,22686100
Wakad,house,sale,unfurnished,2,806,2,15,1,4,7,1,5952100
Baner,apartment,sale,semi-furnished,1,695,1,2,2,5,5,1,7539900
Koregaon Park,apartment,rent,semi-furnished,2,997,2,5,6,8,14,0,78400
Balewadi,apartment,rent,semi-furnished,4,1765,4,10,2,2,5,0,147700
Hinjewadi,plot,sale,semi-furnished,0,2780,1,16,7,0,1,1,17387400
Koregaon Park,apartment,rent,semi-furnished,1,982,1,5,6,4,5,0,37200
Camp,apartment,sale,semi-furnished,3,1365,3,18,2,1,7,0,14168600
Pimpri,house,sale,semi-furnished,3,1329,3,30,4,0,2,0,5523700
Camp,plot,rent,fully-furnished,0,611,1,17,3,0,1,0,35600
Kharadi,apartment,rent,semi-furnished,1,822,1,29,5,9,19,1,19600
Balewadi,house,sale,fully-furnished,3,976,3,11,4,5,7,0,10695400
Pimpri,studio,sale,semi-furnished,1,364,1,8,0,0,13,0,1595800
Baner,apartment,sale,fully-furnished,2,1077,2,16,6,4,4,1,11443600
Kalyani Nagar,apartment,rent,semi-furnished,4,1600,4,27,5,3,17,0,172200
Koregaon Park,apartment,sale,semi-furnished,2,1252,2,15,6,11,11,0,17920000
Undri,apartment,sale,semi-furnished,2,623,2,7,5,17,17,0,4005800
Pashan,apartment,sale,unfurnished,3,1312,3,29,7,1,11,0,7970600
Aundh,apartment,rent,unfurnished,3,1525,3,10,5,3,10,1,76400
Wakad,apartment,rent,fully-furnished,1,511,1,29,5,2,7,1,20400
Kothrud,plot,sale,unfurnished,0,4403,1,14,5,0,1,1,30707900
Kharadi,villa,sale,fully-furnished,3,3209,3,19,5,7,10,1,27190300
Baner,apartment,sale,fully-furnished,3,1117,3,29,3,4,11,1,11100100
Shivajinagar,commercial,sale,semi-furnished,0,3031,1,25,5,0,1,1,12928300
Boat Club Road,apartment,rent,fully-furnished,2,1110,2,19,9,1,2,0,102500
Kothrud,villa,rent,fully-furnished,4,2895,4,12,5,3,10,1,1238300
Pashan,apartment,rent,fully-furnished,3,1527,3,23,4,2,3,0,87100
Shivajinagar,apartment,rent,semi-furnished,3,1106,3,0,7,1,9,1,93100
Hinjewadi,apartment,rent,fully-furnished,3,1062,3,18,1,3,10,1,63500
Wagholi,apartment,sale,unfurnished,2,920,2,26,2,0,12,0,3352100
Baner,apartment,sale,fully-furnished,5,1834,5,22,2,6,10,1,23927700
Koregaon Park,house,rent,semi-furnished,4,1356,4,23,8,2,15,0,175800
Kalyani Nagar,villa,rent,unfurnished,1,1833,1,10,5,3,10,0,602600
Kondhwa,apartment,sale,unfurnished,2,914,2,29,4,1,11,0,4075900
Boat Club Road,studio,sale,unfurnished,1,702,1,6,7,1,12,0,10620700
Pimple Saudagar,plot,sale,semi-furnished,0,2503,1,19,2,0,1,0,12723300
Magarpatta,villa,rent,unfurnished,4,2654,4,12,1,1,3,0,360700
Koregaon Park,apartment,sale,fully-furnished,2,1128,2,0,5,2,6,0,20766400
Magarpatta,apartment,sale,semi-furnished,2,808,2,15,3,7,13,0,5923400
Baner,apartment,rent,unfurnished,2,898,2,4,2,6,16,1,30900
Pimpri,studio,sale,unfurnished,1,369,1,14,3,2,2,0,2403700
Aundh,apartment,rent,fully-furnished,3,1197,3,4,7,0,7,1,91500
Undri,apartment,rent,fully-furnished,3,1508,3,7,3,0,17,0,56700
Kalyani Nagar,studio,sale,unfurnished,1,376,1,9,6,15,18,0,5218400
Wakad,apartment,sale,semi-furnished,3,1434,3,0,0,0,5,1,13170000
Pimple Saudagar,house,rent,unfurnished,2,906,2,29,3,2,11,0,22200
Pimpri,villa,sale,unfurnished,2,2651,2,3,8,4,14,0,15549800
Magarpatta,villa,sale,semi-furnished,2,2726,2,9,6,0,8,0,19705100
Balewadi,house,sale,semi-furnished,2,1115,2,19,2,3,6,0,8514300
Hadapsar,apartment,rent,semi-furnished,1,836,1,9,4,3,7,0,9500
Hinjewadi,apartment,sale,unfurnished,2,938,2,18,2,6,8,1,6436900
Viman Nagar,apartment,rent,unfurnished,2,1348,2,16,7,2,9,1,48100
Balewadi,apartment,rent,unfurnished,2,800,2,7,7,9,10,0,30000
Pimple Saudagar,apartment,sale,fully-furnished,3,1515,3,11,2,18,23,0,14678200
Baner,apartment,sale,unfurnished,2,1147,2,16,5,5,13,1,8762200
Pisoli,villa,sale,semi-furnished,2,2932,2,25,4,2,11,0,15918000
Bavdhan,apartment,sale,fully-furnished,3,1211,3,6,4,6,8,0,11738700
Hinjewadi,studio,rent,semi-furnished,1,568,1,6,3,2,10,1,21200
Viman Nagar,apartment,rent,unfurnished,3,714,3,5,5,7,8,1,61400
Pimple Saudagar,apartment,sale,unfurnished,2,995,2,4,4,10,17,0,7636600
Kharadi,apartment,sale,unfurnished,4,1728,4,8,7,0,2,1,16249400
Pisoli,studio,sale,semi-furnished,1,627,1,17,1,3,12,0,2595400
Pisoli,plot,sale,semi-furnished,0,2443,1,4,5,0,1,0,14132800
Hinjewadi,house,rent,semi-furnished,5,1972,5,3,0,1,5,1,187300
Hadapsar,apartment,sale,semi-furnished,3,1427,3,27,3,7,11,0,8219000
Hinjewadi,commercial,rent,unfurnished,0,4131,1,13,0,0,1,1,140000
Wakad,studio,sale,unfurnished,1,677,1,29,2,3,6,1,3881100
Koregaon Park,apartment,sale,unfurnished,2,788,2,28,9,2,6,0,8112000
Pimpri,apartment,sale,unfurnished,3,1139,3,26,5,7,9,0,5982300
Shivajinagar,commercial,rent,unfurnished,0,1802,1,7,5,0,1,1,146600
Bavdhan,apartment,sale,unfurnished,2,665,2,12,5,1,17,0,2592500
Hinjewadi,apartment,sale,semi-furnished,2,1091,2,24,3,2,9,1,6639800
Kothrud,apartment,rent,semi-furnished,3,1288,3,25,6,10,10,1,59100
Wagholi,apartment,sale,fully-furnished,2,1035,2,29,0,1,9,0,4417500
Viman Nagar,apartment,sale,fully-furnished,1,745,1,30,6,6,12,1,5776900
Magarpatta,apartment,rent,unfurnished,2,778,2,23,4,3,18,0,37000
Bavdhan,plot,rent,unfurnished,0,2009,1,1,2,0,1,0,42700
Pimpri,plot,sale,unfurnished,0,1383,1,22,0,0,1,0,4591700
Wanowrie,apartment,sale,unfurnished,2,1086,2,18,3,2,11,0,6179300
Aundh,apartment,rent,unfurnished,5,1924,5,23,4,4,6,1,186100
Kothrud,apartment,sale,unfurnished,5,2115,5,16,2,0,17,1,23215300
Kharadi,studio,rent,semi-furnished,1,434,1,24,4,2,11,1,15100
Pimple Saudagar,villa,sale,semi-furnished,2,2953,2,29,2,6,7,0,20019700
Kondhwa,studio,sale,semi-furnished,1,511,1,21,5,9,10,0,2871000
Pisoli,villa,rent,semi-furnished,1,2701,1,12,1,2,12,0,403800
Camp,studio,rent,semi-furnished,1,516,1,18,4,5,10,0,29300
Hinjewadi,apartment,rent,fully-furnished,3,1085,3,23,4,6,16,1,73900
Undri,apartment,rent,fully-furnished,2,1375,2,26,1,2,2,0,26600
Kharadi,plot,rent,unfurnished,0,3851,1,3,6,0,1,1,101700
Aundh,apartment,sale,fully-furnished,3,1111,3,27,5,3,3,1,8861500
Aundh,apartment,sale,unfurnished,2,1066,2,23,2,0,8,1,7072000
Hadapsar,plot,sale,semi-furnished,0,944,1,12,6,0,1,0,4188500
Hinjewadi,apartment,sale,unfurnished,5,2127,5,15,4,0,17,1,18544000
Aundh,apartment,rent,semi-furnished,3,910,3,4,5,1,7,1,58200
Pimpri,studio,rent,unfurnished,1,513,1,0,4,4,4,0,14900
Magarpatta,apartment,sale,fully-furnished,1,607,1,25,3,0,10,0,3942900
Koregaon Park,apartment,rent,semi-furnished,3,1201,3,12,5,0,5,0,103600
Kothrud,apartment,rent,semi-furnished,2,1432,2,30,3,8,14,1,57800
Aundh,plot,rent,semi-furnished,0,3433,1,21,5,0,1,1,144500
Baner,apartment,sale,semi-furnished,1,849,1,22,6,11,14,1,5837300
Baner,apartment,sale,fully-furnished,2,905,2,3,5,3,4,1,10648400
Hinjewadi,apartment,rent,semi-furnished,3,1555,3,16,0,8,12,1,75000
Pisoli,apartment,rent,unfurnished,2,885,2,24,5,14,24,0,25600
Aundh,apartment,rent,unfurnished,1,860,1,17,3,3,3,1,30000
Kalyani Nagar,villa,sale,semi-furnished,3,3255,3,26,6,5,11,0,43037400
Wagholi,apartment,rent,semi-furnished,1,709,1,5,2,2,4,0,12200
Kothrud,villa,sale,semi-furnished,5,3756,5,10,6,5,8,1,51615900
Koregaon Park,apartment,sale,semi-furnished,4,1486,4,24,9,6,6,0,20962400
Pimpri,apartment,rent,semi-furnished,2,1102,2,22,4,7,8,0,16400
Koregaon Park,apartment,rent,semi-furnished,3,1673,3,15,10,0,8,0,154500
Viman Nagar,house,rent,fully-furnished,3,1114,3,2,10,3,5,1,123800
Viman Nagar,villa,rent,semi-furnished,3,2929,3,24,9,3,13,1,757500
Aundh,apartment,rent,semi-furnished,3,1048,3,3,4,4,4,1,76400
Baner,studio,sale,fully-furnished,1,300,1,2,2,1,3,1,3061400
Bavdhan,studio,sale,fully-furnished,1,359,1,18,4,5,13,0,2385800
Wakad,villa,rent,semi-furnished,3,2808,3,30,5,12,13,1,290900
Viman Nagar,commercial,sale,semi-furnished,0,4099,1,1,6,0,1,1,60258400
Kharadi,apartment,rent,semi-furnished,2,1053,2,16,3,9,15,1,36800
Kalyani Nagar,apartment,sale,unfurnished,3,1625,3,6,8,7,7,0,24098200
Wagholi,apartment,rent,semi-furnished,2,1300,2,14,3,0,9,0,28500
Wakad,house,sale,unfurnished,2,782,2,15,7,5,10,1,5855700
Kondhwa,villa,sale,semi-furnished,3,3693,3,24,1,1,6,0,16336900
Pashan,apartment,rent,semi-furnished,1,985,1,24,5,2,6,0,29700
Undri,apartment,rent,semi-furnished,1,495,1,27,0,4,11,0,10900
Chinchwad,apartment,sale,unfurnished,3,1680,3,21,1,4,4,0,8670600
Pimpri,plot,rent,unfurnished,0,2506,1,8,1,0,1,0,61900
Boat Club Road,apartment,sale,semi-furnished,2,696,2,17,9,6,13,0,9511700
Kalyani Nagar,studio,rent,fully-furnished,1,354,1,3,5,10,16,0,26900
Undri,apartment,sale,unfurnished,1,496,1,29,1,2,2,0,1707600
Aundh,studio,rent,fully-furnished,1,560,1,9,4,1,2,1,28700
Pashan,apartment,rent,semi-furnished,4,1578,4,30,1,13,14,0,115300
Koregaon Park,apartment,rent,unfurnished,1,589,1,13,7,9,14,0,10300
Viman Nagar,apartment,rent,unfurnished,3,1178,3,25,8,0,8,1,89900
Wakad,apartment,rent,fully-furnished,2,1167,2,17,4,16,20,1,36600
Undri,plot,rent,unfurnished,0,3591,1,18,3,0,1,0,82400
Hinjewadi,villa,rent,semi-furnished,2,2902,2,5,1,9,9,1,464800
Aundh,villa,sale,unfurnished,3,3016,3,21,5,4,8,1,27700900
Pimpri,apartment,sale,unfurnished,3,1187,3,0,3,5,15,0,6566600
Chinchwad,villa,sale,fully-furnished,2,2110,2,2,0,4,13,0,12946900
Koregaon Park,house,sale,unfurnished,3,1472,3,30,8,0,11,0,12541800
Hinjewadi,apartment,sale,unfurnished,2,950,2,0,1,6,6,1,9290600
Hadapsar,apartment,rent,fully-furnished,3,906,3,26,4,2,5,0,36700
Koregaon Park,apartment,sale,unfurnished,3,933,3,1,10,11,14,0,14013200
Wanowrie,apartment,sale,unfurnished,2,1000,2,5,1,1,9,0,5289700
Shivajinagar,apartment,sale,fully-furnished,1,614,1,24,10,7,14,1,6915600
Aundh,apartment,rent,unfurnished,2,1159,2,3,10,2,7,1,58800
Aundh,apartment,sale,unfurnished,4,1597,4,22,5,0,4,1,12616200
Hinjewadi,studio,rent,fully-furnished,1,409,1,2,5,8,11,1,19400
Kharadi,apartment,rent,semi-furnished,1,384,1,27,3,4,4,1,8600
Pimpri,commercial,rent,fully-furnished,0,5948,1,20,4,0,1,0,144600
Baner,apartment,rent,unfurnished,2,1159,2,22,5,0,5,1,31100
Pashan,apartment,sale,fully-furnished,4,1647,4,1,3,5,18,0,19559600
Baner,apartment,sale,semi-furnished,2,804,2,11,4,8,11,1,7090500
Baner,apartment,sale,semi-furnished,1,742,1,23,0,1,6,1,4556700
Hinjewadi,apartment,rent,fully-furnished,2,1192,2,24,3,6,7,1,47400
Hinjewadi,plot,sale,unfurnished,0,1553,1,20,4,0,1,1,10163400
Baner,house,rent,unfurnished,3,1451,3,22,2,1,2,1,68100
Viman Nagar,apartment,sale,fully-furnished,5,2016,5,26,7,18,18,1,29971000
Chinchwad,studio,sale,unfurnished,1,460,1,22,0,8,9,0,1617300
Wakad,apartment,sale,semi-furnished,3,1416,3,24,2,0,10,1,10903800
Baner,studio,rent,unfurnished,1,488,1,31,7,1,2,1,19300
Balewadi,apartment,sale,unfurnished,4,1648,4,11,3,10,12,0,13710300
Kondhwa,apartment,sale,semi-furnished,3,1419,3,21,7,1,2,0,8342600
Aundh,apartment,rent,fully-furnished,2,1018,2,20,5,9,13,1,49000
Hinjewadi,apartment,sale,fully-furnished,2,1015,2,4,3,6,15,1,10058400
Magarpatta,apartment,rent,unfurnished,3,942,3,11,5,10,13,0,62400
Kharadi,apartment,sale,unfurnished,2,972,2,6,4,3,9,1,5886000
Undri,villa,sale,fully-furnished,5,3831,5,11,0,4,16,0,30216400
Hinjewadi,studio,rent,unfurnished,1,404,1,28,1,3,4,1,15700
Koregaon Park,apartment,rent,semi-furnished,2,955,2,25,3,7,13,0,67400
Kothrud,apartment,sale,semi-furnished,3,1077,3,20,5,2,14,1,9944700
Wagholi,villa,rent,semi-furnished,1,1934,1,17,0,2,11,0,102400
Aundh,commercial,rent,fully-furnished,0,2009,1,26,6,0,1,1,189200
Wakad,plot,rent,semi-furnished,0,910,1,15,2,0,1,1,33300
Pimple Saudagar,villa,rent,semi-furnished,2,2219,2,31,4,6,13,0,369800
Koregaon Park,villa,sale,semi-furnished,2,3087,2,17,4,14,14,0,43213000
Bavdhan,apartment,sale,fully-furnished,2,919,2,3,3,3,5,0,8960700
Koregaon Park,apartment,rent,fully-furnished,2,955,2,1,5,5,14,0,48200
Camp,studio,rent,fully-furnished,1,398,1,22,1,11,14,0,25900
Hadapsar,villa,sale,fully-furnished,4,2555,4,8,5,2,15,0,22598900
Pimpri,apartment,rent,unfurnished,2,843,2,14,0,2,8,0,23300
Magarpatta,house,rent,unfurnished,2,977,2,14,3,7,10,0,25100
Viman Nagar,apartment,rent,unfurnished,4,1309,4,4,9,9,11,1,139800
Chinchwad,plot,sale,unfurnished,0,2971,1,15,3,0,1,0,8049300
Undri,studio,sale,fully-furnished,1,561,1,21,4,0,2,0,2577000
Pimpri,plot,sale,unfurnished,0,4444,1,24,4,0,1,0,11185700
Kothrud,house,sale,semi-furnished,2,1080,2,0,6,3,8,1,9288200
Magarpatta,villa,rent,fully-furnished,2,3678,2,14,5,2,6,0,808500
Baner,commercial,sale,semi-furnished,0,325,1,30,4,0,1,1,3635200
Kalyani Nagar,studio,rent,unfurnished,1,450,1,14,7,3,13,0,26600
Kothrud,studio,sale,semi-furnished,1,594,1,0,5,7,8,1,6034700
Aundh,apartment,rent,unfurnished,2,833,2,25,7,6,7,1,35600
Shivajinagar,apartment,sale,fully-furnished,4,1687,4,5,8,8,9,1,32213700
Chinchwad,apartment,sale,unfurnished,2,1298,2,9,3,2,3,0,5653400
Kothrud,studio,sale,semi-furnished,1,468,1,20,5,2,2,1,4379000
Baner,apartment,sale,semi-furnished,1,633,1,19,4,5,12,1,4516600
Bavdhan,apartment,sale,fully-furnished,2,837,2,16,3,3,8,0,5379100
Pisoli,studio,rent,semi-furnished,1,389,1,23,2,17,17,0,9600
Hadapsar,apartment,sale,unfurnished,3,1313,3,14,0,2,10,0,7068900
Chinchwad,apartment,rent,semi-furnished,2,1011,2,11,0,9,11,0,19700
Koregaon Park,apartment,sale,fully-furnished,2,1278,2,4,5,2,6,0,20662500
Balewadi,apartment,sale,semi-furnished,2,1064,2,3,4,3,12,0,9367500
Pimpri,apartment,rent,fully-furnished,1,491,1,20,6,1,8,0,16700
Kothrud,apartment,sale,unfurnished,1,682,1,25,4,7,10,1,4825700
Aundh,house,sale,semi-furnished,3,1051,3,14,5,5,7,1,10823900
Pimple Saudagar,apartment,sale,unfurnished,2,840,2,28,1,7,8,0,4127200
Undri,villa,sale,semi-furnished,2,2281,2,2,3,3,8,0,19007200
Pimple Saudagar,house,sale,semi-furnished,3,1136,3,11,2,1,4,0,9432500
Magarpatta,apartment,sale,semi-furnished,3,1369,3,17,2,2,20,0,10370100
Bavdhan,studio,sale,unfurnished,1,649,1,7,2,4,12,0,4131400
Kharadi,apartment,rent,fully-furnished,2,654,2,29,5,5,5,1,37300
Wakad,apartment,sale,unfurnished,2,1286,2,29,5,6,13,1,7555300
Wanowrie,house,sale,unfurnished,3,1386,3,29,4,7,15,0,7240700
Balewadi,villa,sale,unfurnished,5,2721,5,14,6,3,4,0,36526900
Camp,apartment,sale,unfurnished,3,1344,3,19,5,2,2,0,13522900
Pimpri,apartment,sale,semi-furnished,2,1099,2,17,2,3,4,0,6381300
Koregaon Park,commercial,sale,fully-furnished,0,1259,1,17,6,0,1,0,17036200
Wagholi,house,sale,fully-furnished,2,1141,2,11,7,1,7,0,6411900
Balewadi,house,rent,semi-furnished,2,994,2,5,6,3,5,0,52200
Hinjewadi,apartment,sale,semi-furnished,2,971,2,21,5,2,16,1,6846000
Bavdhan,apartment,rent,fully-furnished,2,1117,2,23,6,5,11,0,51200
Bavdhan,villa,sale,semi-furnished,4,3469,4,4,1,4,7,0,33141500
Koregaon Park,apartment,rent,semi-furnished,1,480,1,11,10,4,7,0,28000
Kharadi,apartment,sale,fully-furnished,3,1426,3,29,6,8,11,1,11023000
Pimple Saudagar,studio,sale,fully-furnished,1,517,1,25,9,0,3,0,4107600
Balewadi,villa,sale,fully-furnished,2,2989,2,3,1,2,6,0,41335600
Camp,apartment,sale,semi-furnished,2,1289,2,4,6,5,8,0,13842700
Kondhwa,apartment,sale,unfurnished,2,908,2,11,1,7,7,0,4953900
Balewadi,apartment,rent,fully-furnished,3,1551,3,15,2,0,14,0,90700
Wakad,studio,rent,fully-furnished,1,800,1,11,2,14,16,1,32600
Chinchwad,plot,sale,fully-furnished,0,744,1,19,4,0,1,0,3082100
Chinchwad,house,rent,unfurnished,2,795,2,5,4,1,5,0,19900
Kalyani Nagar,apartment,sale,unfurnished,2,956,2,1,6,6,9,0,11870100
Kothrud,studio,rent,semi-furnished,1,370,1,3,2,3,10,1,15300
Viman Nagar,apartment,sale,semi-furnished,4,1916,4,30,7,1,14,1,18543600
Pisoli,apartment,sale,unfurnished,1,734,1,26,1,0,11,0,2493100
Magarpatta,apartment,rent,fully-furnished,2,820,2,21,6,1,9,0,35000
Baner,apartment,sale,unfurnished,3,1475,3,20,7,4,5,1,13322600
Shivajinagar,studio,sale,unfurnished,1,568,1,17,7,5,6,1,5154500
Hadapsar,apartment,sale,semi-furnished,2,1124,2,28,3,8,13,0,5647500
Baner,apartment,rent,semi-furnished,2,960,2,19,2,10,12,1,38800
Wakad,apartment,rent,semi-furnished,1,842,1,22,5,5,10,1,14200
Koregaon Park,apartment,sale,unfurnished,3,1248,3,26,3,10,12,0,12940200
Aundh,apartment,rent,unfurnished,5,1932,5,3,4,5,14,1,213100
Pashan,house,rent,unfurnished,4,1544,4,16,5,5,7,0,102700
Balewadi,villa,sale,semi-furnished,3,2926,3,15,6,16,17,0,30897700
Hadapsar,villa,sale,semi-furnished,2,2743,2,8,1,0,2,0,24407700
Baner,apartment,sale,unfurnished,4,1757,4,1,3,0,2,1,21389500
Chinchwad,studio,sale,semi-furnished,1,467,1,16,1,2,5,0,1860800
Koregaon Park,villa,rent,semi-furnished,2,4428,2,0,5,2,13,0,1554700
Baner,plot,sale,fully-furnished,0,1783,1,13,7,0,1,1,16857900
Pisoli,house,rent,semi-furnished,2,1073,2,21,2,7,7,0,33800
Chinchwad,villa,sale,semi-furnished,4,2893,4,4,1,8,10,0,19063600
Pisoli,apartment,sale,unfurnished,1,673,1,29,2,6,14,0,2708700
Wanowrie,apartment,rent,semi-furnished,2,1222,2,23,1,10,10,0,31100
Baner,villa,rent,semi-furnished,2,3254,2,30,6,9,9,1,651400
Baner,apartment,sale,fully-furnished,1,676,1,16,2,12,15,1,8140700
Aundh,studio,rent,unfurnished,1,475,1,15,5,4,7,1,22000
Koregaon Park,house,rent,fully-furnished,3,1475,3,23,7,2,8,0,162500
Kothrud,studio,rent,fully-furnished,1,452,1,22,3,3,8,1,24000
Kothrud,apartment,rent,fully-furnished,3,1248,3,28,5,2,13,1,85200
Wanowrie,apartment,sale,fully-furnished,5,2070,5,20,0,1,2,0,19349500
Chinchwad,studio,rent,unfurnished,1,370,1,20,2,6,7,0,12900
Magarpatta,commercial,sale,fully-furnished,0,3007,1,3,4,0,1,0,32005100
Undri,apartment,sale,semi-furnished,3,1426,3,23,3,2,9,0,6486100
Undri,studio,rent,fully-furnished,1,527,1,24,0,3,6,0,11200
Chinchwad,plot,sale,semi-furnished,0,2940,1,20,1,0,1,0,15397300
Wagholi,apartment,rent,semi-furnished,5,1970,5,12,5,12,12,0,140300
Kothrud,apartment,rent,fully-furnished,1,617,1,9,2,5,16,1,25400
Kharadi,commercial,sale,fully-furnished,0,832,1,4,5,0,1,1,8091000
Undri,apartment,sale,semi-furnished,2,601,2,8,0,0,6,0,2669100
Magarpatta,apartment,rent,unfurnished,2,998,2,5,4,5,15,0,31800
Kharadi,studio,rent,fully-furnished,1,436,1,9,4,8,13,1,27300
Shivajinagar,villa,rent,fully-furnished,3,3270,3,6,6,0,2,1,938300
Kharadi,house,rent,semi-furnished,2,968,2,29,5,7,11,1,46100
Kothrud,apartment,sale,fully-furnished,4,1684,4,27,5,3,12,1,16651700
Balewadi,apartment,sale,semi-furnished,1,792,1,12,4,6,11,0,7595600
Aundh,apartment,sale,semi-furnished,1,415,1,24,1,6,16,1,2759800
Koregaon Park,house,rent,unfurnished,1,637,1,20,8,1,3,0,16800
Undri,commercial,sale,unfurnished,0,696,1,23,1,0,1,0,1500000
Aundh,commercial,rent,semi-furnished,0,5176,1,14,4,0,1,1,287500
Koregaon Park,villa,sale,unfurnished,2,2038,2,4,7,7,14,0,24822000
Magarpatta,apartment,rent,semi-furnished,1,669,1,31,4,0,2,0,25100
Hadapsar,villa,sale,unfurnished,3,3555,3,17,2,1,6,0,23695900
Aundh,apartment,rent,unfurnished,4,1492,4,16,5,8,15,1,112700
Magarpatta,apartment,rent,fully-furnished,3,1158,3,22,6,5,12,0,81000
Wanowrie,plot,sale,unfurnished,0,4983,1,4,3,0,1,0,25062800
Undri,villa,sale,semi-furnished,1,2252,1,6,4,4,11,0,14914200
Wagholi,apartment,rent,semi-furnished,1,815,1,9,3,5,12,0,9800
Hinjewadi,apartment,sale,semi-furnished,1,598,1,27,0,0,4,1,2393700
Baner,villa,rent,unfurnished,2,2819,2,29,7,3,12,1,451600
Kothrud,apartment,sale,unfurnished,3,1323,3,25,4,1,7,1,9476300
Viman Nagar,apartment,sale,fully-furnished,5,1732,5,26,6,3,7,1,24924800
Hinjewadi,apartment,rent,unfurnished,3,1030,3,22,3,3,15,1,45400
Aundh,apartment,sale,semi-furnished,3,966,3,23,0,0,3,1,7213100
Baner,apartment,rent,semi-furnished,2,889,2,4,7,1,2,1,49100
Hadapsar,plot,rent,fully-furnished,0,2120,1,26,4,0,1,0,78000
Hinjewadi,commercial,sale,fully-furnished,0,2574,1,1,2,0,1,1,29622700
Wakad,house,sale,fully-furnished,4,2071,4,11,7,1,12,1,22937000
Kothrud,studio,rent,semi-furnished,1,582,1,10,7,2,3,1,20900
Koregaon Park,commercial,rent,semi-furnished,0,5807,1,6,6,0,1,0,798500
Kharadi,commercial,sale,semi-furnished,0,1902,1,21,1,0,1,1,13277300
Magarpatta,apartment,sale,fully-furnished,2,973,2,10,4,6,10,0,10763900
Viman Nagar,studio,sale,semi-furnished,1,424,1,29,4,2,7,1,3506800
Magarpatta,apartment,sale,unfurnished,2,1184,2,13,4,2,15,0,7839100
Viman Nagar,apartment,rent,unfurnished,2,1302,2,13,8,8,11,1,72100
Baner,studio,sale,fully-furnished,1,491,1,14,4,10,15,1,6627300
Chinchwad,apartment,rent,unfurnished,1,687,1,13,3,2,2,0,12000
Pimple Saudagar,plot,sale,semi-furnished,0,1725,1,29,4,0,1,0,5350200
Kalyani Nagar,apartment,sale,fully-furnished,4,1683,4,29,2,1,5,0,19309800
Pisoli,apartment,sale,unfurnished,2,896,2,9,3,8,8,0,3529400
Kondhwa,apartment,sale,fully-furnished,2,1148,2,19,2,2,6,0,6018600
Magarpatta,studio,rent,semi-furnished,1,570,1,10,3,6,9,0,24100
Kharadi,apartment,sale,semi-furnished,2,1054,2,16,5,0,5,1,6136500
Kothrud,apartment,sale,unfurnished,3,1057,3,2,5,10,10,1,11758100
Camp,apartment,sale,unfurnished,2,1044,2,13,4,3,9,0,10218300
Baner,commercial,rent,semi-furnished,0,4258,1,5,5,0,1,1,273700
Chinchwad,apartment,sale,semi-furnished,3,1309,3,13,2,3,8,0,7809800
Magarpatta,villa,rent,fully-furnished,2,2886,2,7,5,1,10,0,937700
Hadapsar,apartment,sale,unfurnished,2,696,2,2,1,11,17,0,4138900
Baner,apartment,rent,semi-furnished,3,1218,3,23,2,2,9,1,62800
Magarpatta,studio,rent,semi-furnished,1,438,1,17,7,2,6,0,23300
Kothrud,apartment,rent,semi-furnished,2,1056,2,11,5,6,8,1,42500
Hinjewadi,apartment,sale,semi-furnished,1,811,1,31,1,16,16,1,4583400
Undri,plot,sale,fully-furnished,0,2645,1,24,2,0,1,0,8892900
Pimple Saudagar,apartment,sale,semi-furnished,2,1063,2,1,2,0,12,0,8481300
Chinchwad,apartment,rent,semi-furnished,1,582,1,31,0,3,10,0,13100
Hinjewadi,apartment,rent,fully-furnished,1,661,1,6,6,3,4,1,8700
Hinjewadi,apartment,sale,semi-furnished,3,1600,3,20,4,4,9,1,11532400
Viman Nagar,apartment,sale,semi-furnished,2,826,2,9,3,1,14,1,7013500
Boat Club Road,commercial,rent,fully-furnished,0,5757,1,14,6,0,1,0,657800
Kharadi,apartment,rent,unfurnished,4,1625,4,9,4,2,5,1,113100
Bavdhan,studio,sale,fully-furnished,1,623,1,12,6,2,2,0,5084700
Wakad,apartment,sale,semi-furnished,2,1069,2,30,4,2,12,1,7553800
Bavdhan,apartment,sale,fully-furnished,3,1208,3,23,4,10,17,0,9789100
Baner,apartment,sale,semi-furnished,4,1564,4,14,7,0,2,1,21042200
Hinjewadi,apartment,sale,fully-furnished,2,856,2,9,3,0,2,1,6872300
Kalyani Nagar,villa,rent,unfurnished,2,2899,2,20,10,7,10,0,837600
Magarpatta,house,rent,semi-furnished,3,1078,3,1,4,1,2,0,59800
Pimple Saudagar,plot,rent,fully-furnished,0,1356,1,26,1,0,1,0,45400
Kothrud,apartment,rent,semi-furnished,2,819,2,16,5,3,11,1,47900
Pimpri,plot,sale,unfurnished,0,4074,1,5,5,0,1,0,14436200
Pashan,studio,sale,unfurnished,1,403,1,8,7,6,12,0,2936700
Balewadi,plot,rent,fully-furnished,0,2375,1,8,4,0,1,0,109400
Kothrud,apartment,sale,unfurnished,1,1130,1,3,3,0,8,1,9407200
Hadapsar,studio,sale,fully-furnished,1,475,1,8,4,5,15,0,2303700
Kharadi,commercial,sale,semi-furnished,0,4742,1,10,5,0,1,1,82537900
Wanowrie,apartment,rent,semi-furnished,3,1395,3,2,5,4,9,0,57400
Camp,apartment,rent,semi-furnished,2,953,2,7,1,0,2,0,40000
Baner,apartment,rent,fully-furnished,2,960,2,17,5,7,9,1,62400
Undri,studio,sale,fully-furnished,1,498,1,12,1,2,10,0,2773700
Pimple Saudagar,apartment,sale,semi-furnished,2,752,2,23,4,8,16,0,5047400
Viman Nagar,apartment,rent,fully-furnished,4,1598,4,1,5,1,2,1,171500
Pisoli,plot,rent,semi-furnished,0,2406,1,30,5,0,1,0,48100
Wakad,studio,sale,unfurnished,1,490,1,2,3,8,13,1,4035100
Pashan,house,sale,fully-furnished,5,2185,5,11,6,6,13,0,25871600
Wakad,apartment,sale,unfurnished,3,1307,3,19,8,1,10,1,10515800
Hadapsar,apartment,sale,unfurnished,2,823,2,26,4,7,11,0,3664700
Undri,apartment,rent,semi-furnished,1,685,1,11,5,3,7,0,16800
Pimpri,apartment,sale,fully-furnished,3,1323,3,0,5,8,12,0,13562800
Hadapsar,villa,sale,unfurnished,3,1294,3,18,0,0,3,0,6078600
Hadapsar,villa,sale,fully-furnished,3,3546,3,9,2,3,7,0,33789500
Viman Nagar,house,sale,fully-furnished,5,2288,5,15,7,3,10,1,39925700
Kothrud,apartment,rent,semi-furnished,2,1192,2,13,4,0,9,1,50700
Kondhwa,apartment,sale,semi-furnished,1,536,1,15,3,2,17,0,1749900
Chinchwad,apartment,rent,unfurnished,3,1578,3,28,0,3,12,0,49800
Wagholi,apartment,rent,unfurnished,3,967,3,23,1,4,10,0,24100
Magarpatta,apartment,rent,unfurnished,5,2345,5,11,4,6,15,0,217600
Hadapsar,apartment,rent,semi-furnished,2,1310,2,27,5,4,6,0,35300
Baner,house,sale,semi-furnished,3,1256,3,17,6,7,10,1,16855700
Viman Nagar,apartment,rent,semi-furnished,3,769,3,2,5,8,9,1,72100
Hadapsar,studio,sale,semi-furnished,1,467,1,19,0,0,11,0,2121200
Viman Nagar,apartment,rent,semi-furnished,1,567,1,28,3,4,8,1,17300
Viman Nagar,apartment,sale,unfurnished,4,1566,4,12,3,7,12,1,18863200
Undri,apartment,rent,fully-furnished,4,1606,4,29,0,16,16,0,80000
Magarpatta,plot,sale,fully-furnished,0,2199,1,30,7,0,1,0,11677100
Bavdhan,plot,sale,semi-furnished,0,3972,1,16,2,0,1,0,17282200
Undri,apartment,sale,unfurnished,2,929,2,11,3,10,11,0,5264200
Hadapsar,studio,sale,unfurnished,1,456,1,23,4,18,18,0,2475800
Wagholi,commercial,rent,semi-furnished,0,1939,1,25,6,0,1,0,126500
Kothrud,studio,rent,unfurnished,1,322,1,0,5,3,9,1,8400
Hadapsar,apartment,rent,semi-furnished,2,1245,2,1,2,5,7,0,31400
Hinjewadi,plot,rent,semi-furnished,0,1182,1,20,4,0,1,1,41900
Hinjewadi,house,sale,unfurnished,2,1056,2,15,2,1,12,1,6115900
Kalyani Nagar,house,sale,fully-furnished,3,1278,3,23,2,0,2,0,13360400
Pimpri,apartment,sale,unfurnished,2,1118,2,19,3,0,6,0,5807600
Undri,plot,rent,fully-furnished,0,3070,1,10,4,0,1,0,65300
Kharadi,apartment,rent,fully-furnished,2,1158,2,29,5,9,12,1,50700
Balewadi,commercial,sale,unfurnished,0,5869,1,12,3,0,1,0,64506100
Viman Nagar,villa,rent,semi-furnished,3,3364,3,3,8,5,12,1,412500
Pashan,apartment,sale,unfurnished,2,997,2,13,5,9,10,0,8076700
Magarpatta,apartment,rent,semi-furnished,3,1642,3,27,1,3,17,0,75700
Aundh,studio,rent,semi-furnished,1,554,1,21,4,5,12,1,25800
Kondhwa,plot,sale,unfurnished,0,2154,1,16,2,0,1,0,8607200
Hinjewadi,apartment,rent,unfurnished,2,1144,2,3,4,2,5,1,35800
Undri,studio,rent,unfurnished,1,592,1,29,0,2,7,0,16600
Wakad,studio,rent,fully-furnished,1,468,1,17,5,11,12,1,23600
Kothrud,villa,rent,unfurnished,2,1888,2,3,7,3,17,1,315800
Chinchwad,apartment,sale,semi-furnished,1,683,1,1,3,6,14,0,4167100
Pashan,apartment,rent,unfurnished,3,1233,3,27,6,2,7,0,69500
Pimple Saudagar,studio,sale,semi-furnished,1,615,1,0,2,8,9,0,4929100
Shivajinagar,apartment,sale,unfurnished,3,1341,3,19,6,7,10,1,16011300
Kothrud,apartment,sale,semi-furnished,2,977,2,16,4,6,9,1,8775400
Viman Nagar,studio,sale,semi-furnished,1,372,1,1,2,4,11,1,4160800
Pimpri,apartment,sale,unfurnished,1,617,1,28,0,10,13,0,2798500
Wakad,commercial,rent,fully-furnished,0,1355,1,14,4,0,1,1,112800
Aundh,commercial,sale,fully-furnished,0,852,1,23,9,0,1,1,12437400
Wagholi,villa,sale,unfurnished,4,4000,4,6,2,2,6,0,22938300
Koregaon Park,house,sale,semi-furnished,3,1296,3,8,6,9,11,0,15352000
Pimpri,apartment,rent,semi-furnished,5,2266,5,16,4,24,25,0,173400
Pashan,studio,sale,fully-furnished,1,453,1,0,4,4,9,0,5084800
Wanowrie,apartment,rent,fully-furnished,2,859,2,22,3,0,8,0,42200
Pashan,apartment,rent,fully-furnished,2,1290,2,27,6,1,13,0,43500
Koregaon Park,house,sale,fully-furnished,5,1760,5,30,10,8,14,0,29033400
Kothrud,house,sale,semi-furnished,3,1342,3,18,4,11,19,1,12481200
Wakad,apartment,rent,unfurnished,2,534,2,25,5,4,4,1,32700
Pimpri,apartment,sale,semi-furnished,3,1313,3,0,3,4,5,0,10455700
Shivajinagar,plot,sale,unfurnished,0,3430,1,13,5,0,1,1,33622600
Wakad,apartment,sale,semi-furnished,2,746,2,25,4,3,14,1,4862000
Wakad,apartment,sale,fully-furnished,2,1127,2,31,8,7,20,1,7657900
Magarpatta,studio,sale,unfurnished,1,458,1,15,7,1,20,0,2916400
Chinchwad,studio,rent,fully-furnished,1,609,1,2,3,2,12,0,21500
Bavdhan,apartment,rent,fully-furnished,1,812,1,0,7,0,2,0,9300
Baner,apartment,sale,semi-furnished,3,1305,3,22,3,6,7,1,10979200
Aundh,apartment,sale,fully-furnished,2,1229,2,11,3,7,12,1,15369600
Hinjewadi,apartment,rent,unfurnished,2,1000,2,24,1,5,20,1,35900
Balewadi,plot,rent,fully-furnished,0,1814,1,24,4,0,1,0,65800
Magarpatta,apartment,sale,unfurnished,1,675,1,6,3,4,4,0,6014800
Balewadi,apartment,sale,semi-furnished,4,1823,4,25,4,10,17,0,12713400
Baner,apartment,sale,unfurnished,3,1232,3,7,2,0,7,1,11260900
Aundh,villa,rent,unfurnished,2,2958,2,18,1,5,9,1,563000
Kothrud,apartment,sale,semi-furnished,3,1373,3,22,0,3,10,1,10205300
Pisoli,apartment,sale,semi-furnished,3,1143,3,16,2,1,10,0,5889200
Kothrud,apartment,rent,semi-furnished,3,1364,3,3,6,0,8,1,92400
Pashan,apartment,sale,fully-furnished,1,668,1,7,9,1,3,0,7436400
Hinjewadi,apartment,sale,semi-furnished,2,1099,2,16,5,4,10,1,6748100
Pimpri,plot,sale,semi-furnished,0,4825,1,15,1,0,1,0,22228400
Wakad,apartment,sale,semi-furnished,3,1271,3,12,6,2,2,1,13114900
Koregaon Park,studio,sale,unfurnished,1,544,1,30,6,9,9,0,6185300
Chinchwad,apartment,rent,unfurnished,2,1468,2,17,4,6,6,0,36300
Hinjewadi,apartment,sale,fully-furnished,3,1144,3,6,2,2,11,1,11203100
Wanowrie,villa,rent,fully-furnished,4,3306,4,3,1,6,10,0,558600
Aundh,apartment,rent,semi-furnished,2,1318,2,14,6,0,2,1,51300
Koregaon Park,studio,rent,semi-furnished,1,544,1,19,5,4,13,0,32200
Viman Nagar,apartment,sale,semi-furnished,2,810,2,15,2,9,9,1,6712200
Wagholi,apartment,sale,semi-furnished,1,831,1,8,4,2,2,0,4962800
Pashan,commercial,rent,semi-furnished,0,392,1,9,6,0,1,0,62000
Wagholi,villa,sale,fully-furnished,4,2065,4,8,4,11,11,0,15811500
Kharadi,apartment,sale,unfurnished,3,1227,3,22,5,6,9,1,8243200
Camp,villa,rent,unfurnished,2,1590,2,13,5,5,5,0,560200
Pashan,apartment,sale,fully-furnished,2,1088,2,11,5,5,6,0,11384800
Shivajinagar,plot,sale,unfurnished,0,1097,1,7,4,0,1,1,8213400
Pimple Saudagar,commercial,rent,fully-furnished,0,4769,1,23,5,0,1,0,272800
Viman Nagar,house,sale,fully-furnished,3,1089,3,20,8,14,17,1,13820500
Koregaon Park,commercial,rent,fully-furnished,0,4361,1,19,6,0,1,0,1051000
Kothrud,apartment,sale,fully-furnished,2,1035,2,9,3,5,9,1,11819200
Magarpatta,studio,sale,fully-furnished,1,504,1,26,4,6,6,0,4059900
Bavdhan,apartment,sale,fully-furnished,2,999,2,21,1,2,2,0,6125200
Kothrud,apartment,sale,fully-furnished,2,1006,2,8,8,0,5,1,11280500
Kothrud,house,sale,unfurnished,5,1990,5,7,7,4,5,1,25819500
Wagholi,commercial,sale,fully-furnished,0,2790,1,11,0,0,1,0,18852700
Kothrud,house,rent,semi-furnished,2,1121,2,6,4,1,2,1,38400
Kothrud,studio,sale,semi-furnished,1,515,1,25,3,1,6,1,3250100
Pimpri,apartment,rent,semi-furnished,3,1125,3,14,3,10,18,0,46700
Pimple Saudagar,studio,rent,semi-furnished,1,598,1,5,3,4,4,0,21800
Magarpatta,commercial,rent,semi-furnished,0,1007,1,3,5,0,1,0,88200
Kharadi,house,sale,unfurnished,3,879,3,0,4,10,18,1,8205300
Viman Nagar,studio,sale,unfurnished,1,303,1,22,6,1,2,1,2296300
Kharadi,house,sale,semi-furnished,2,837,2,6,5,0,15,1,6050600
Pimple Saudagar,house,sale,fully-furnished,4,1512,4,22,2,3,10,0,12203200
Kondhwa,studio,sale,semi-furnished,1,300,1,23,7,2,12,0,1500000
Hinjewadi,house,sale,fully-furnished,3,1214,3,26,2,1,2,1,9577700
Viman Nagar,studio,sale,semi-furnished,1,405,1,20,3,5,19,1,3967000
Hadapsar,apartment,sale,semi-furnished,2,1155,2,31,5,0,2,0,5432800
Kharadi,studio,sale,semi-furnished,1,484,1,27,6,1,6,1,3658000
Pimpri,commercial,sale,fully-furnished,0,830,1,31,3,0,1,0,6464700
Pimple Saudagar,house,rent,semi-furnished,2,936,2,11,0,0,2,0,25300
Hinjewadi,villa,rent,fully-furnished,4,2628,4,5,0,10,15,1,699500
Wakad,studio,sale,semi-furnished,1,612,1,19,3,7,17,1,4384800
Kharadi,apartment,rent,fully-furnished,2,1057,2,30,1,0,14,1,67300
Hinjewadi,apartment,rent,semi-furnished,3,1572,3,7,6,2,2,1,80600
Kothrud,plot,rent,fully-furnished,0,3984,1,1,5,0,1,1,188500
Hinjewadi,apartment,sale,unfurnished,1,678,1,26,2,2,12,1,2781600
Balewadi,apartment,sale,unfurnished,3,1272,3,8,5,5,5,0,11466900
Koregaon Park,commercial,sale,semi-furnished,0,4080,1,1,6,0,1,0,93369700
Koregaon Park,studio,rent,fully-furnished,1,399,1,19,7,7,7,0,36700
Pashan,apartment,sale,semi-furnished,2,1285,2,19,2,3,10,0,9773300
Shivajinagar,apartment,sale,fully-furnished,3,1299,3,27,7,0,3,1,16909400
Viman Nagar,apartment,sale,fully-furnished,2,550,2,31,9,4,6,1,5811000
Camp,villa,rent,semi-furnished,2,2860,2,21,1,5,10,0,718500
Bavdhan,house,sale,semi-furnished,3,998,3,20,3,1,5,0,8400700
Magarpatta,house,sale,semi-furnished,3,1425,3,15,5,5,18,0,12256400
Baner,house,sale,semi-furnished,1,720,1,20,3,1,5,1,5510600
Hinjewadi,commercial,rent,fully-furnished,0,3050,1,1,3,0,1,1,49100
Aundh,studio,sale,unfurnished,1,397,1,9,2,4,11,1,3870500
Hinjewadi,villa,sale,unfurnished,3,1542,3,21,2,2,2,1,9263500
Wakad,house,sale,fully-furnished,4,1900,4,13,4,4,13,1,23303700
Aundh,apartment,rent,semi-furnished,3,1216,3,1,2,1,6,1,69500
Viman Nagar,apartment,sale,unfurnished,2,770,2,1,5,13,14,1,8975300
Hadapsar,studio,sale,unfurnished,1,543,1,8,4,5,25,0,3081300
Pimple Saudagar,apartment,rent,fully-furnished,2,1068,2,12,5,7,9,0,29000
Kharadi,apartment,rent,fully-furnished,3,1051,3,21,7,2,6,1,62200
Baner,villa,sale,semi-furnished,3,1790,3,25,4,1,5,1,13506500
Pashan,apartment,rent,semi-furnished,2,869,2,16,5,12,14,0,30200
Kalyani Nagar,commercial,sale,semi-furnished,0,5522,1,29,8,0,1,0,62890500
Boat Club Road,villa,sale,fully-furnished,3,2265,3,4,4,4,17,0,44554000
Chinchwad,apartment,sale,semi-furnished,4,1611,4,14,5,9,11,0,12386900
Wanowrie,apartment,sale,fully-furnished,3,1106,3,14,1,9,11,0,8694000
Kondhwa,apartment,sale,unfurnished,2,669,2,14,1,6,13,0,3373300
Camp,commercial,sale,fully-furnished,0,2912,1,0,7,0,1,0,45883100
Koregaon Park,studio,sale,unfurnished,1,479,1,3,7,0,3,0,6468700
Undri,commercial,rent,semi-furnished,0,1068,1,13,0,0,1,0,36400
Kharadi,apartment,sale,semi-furnished,2,937,2,9,5,1,9,1,8794500
Kharadi,apartment,sale,semi-furnished,4,1668,4,5,4,7,12,1,20083600
Camp,apartment,sale,semi-furnished,4,1812,4,17,5,5,12,0,21236700
Baner,villa,sale,semi-furnished,4,3296,4,8,7,7,7,1,41174600
Kharadi,apartment,sale,semi-furnished,2,897,2,5,5,6,10,1,9879500
Kothrud,villa,sale,unfurnished,2,1890,2,16,4,2,11,1,17050000
Viman Nagar,apartment,rent,semi-furnished,2,914,2,31,5,2,8,1,43500
Pimpri,commercial,rent,semi-furnished,0,5224,1,1,2,0,1,0,531000
Undri,villa,sale,fully-furnished,2,2941,2,2,3,0,8,0,26855100
Chinchwad,apartment,rent,semi-furnished,3,1313,3,21,0,5,16,0,52900
Balewadi,plot,sale,semi-furnished,0,3467,1,5,5,0,1,0,16014600
Baner,apartment,rent,semi-furnished,2,1065,2,0,8,3,5,1,46200
Balewadi,apartment,rent,fully-furnished,3,989,3,25,2,6,11,0,63600
Chinchwad,commercial,rent,semi-furnished,0,5066,1,10,4,0,1,0,347400
Pimpri,apartment,rent,unfurnished,2,847,2,7,5,0,12,0,18000
Hadapsar,commercial,rent,unfurnished,0,2420,1,7,0,0,1,0,161500
Pimple Saudagar,apartment,rent,semi-furnished,2,877,2,0,4,4,11,0,31200
Koregaon Park,plot,rent,semi-furnished,0,4066,1,6,3,0,1,0,186500
Hinjewadi,apartment,sale,unfurnished,2,1014,2,9,3,3,9,1,8185400
Kharadi,studio,sale,fully-furnished,1,555,1,15,4,2,4,1,5360200
Koregaon Park,apartment,rent,fully-furnished,3,913,3,22,8,4,5,0,82800
Hinjewadi,apartment,sale,fully-furnished,1,740,1,24,1,5,17,1,4853900
Undri,apartment,sale,semi-furnished,4,1583,4,29,1,7,17,0,8085800
Hinjewadi,house,rent,unfurnished,3,1366,3,23,1,1,10,1,75900
Kalyani Nagar,apartment,rent,fully-furnished,2,1333,2,13,10,2,2,0,83900
Wanowrie,apartment,sale,semi-furnished,2,909,2,1,1,10,17,0,7601300
Hinjewadi,plot,rent,fully-furnished,0,4666,1,3,1,0,1,1,139600
Undri,apartment,sale,semi-furnished,3,1362,3,17,1,2,10,0,6131400
Chinchwad,apartment,rent,fully-furnished,4,1408,4,16,1,14,16,0,81400
Kondhwa,apartment,rent,unfurnished,2,1258,2,23,0,0,15,0,31300
Baner,apartment,sale,fully-furnished,3,1067,3,12,2,1,4,1,10526800
Koregaon Park,house,rent,fully-furnished,3,1165,3,23,3,11,14,0,122300
Pimpri,house,rent,semi-furnished,4,1606,4,10,3,2,5,0,96500
Wagholi,apartment,sale,unfurnished,2,828,2,10,5,2,2,0,4583300
Wakad,commercial,rent,semi-furnished,0,2832,1,0,7,0,1,1,361600
Wanowrie,villa,sale,unfurnished,4,2745,4,7,3,1,9,0,24548400
Koregaon Park,apartment,rent,fully-furnished,2,983,2,7,6,8,18,0,61700
Viman Nagar,apartment,sale,fully-furnished,5,1800,5,22,4,3,9,1,23437200
Wagholi,apartment,rent,unfurnished,3,1401,3,23,3,5,9,0,45700
Kharadi,plot,rent,fully-furnished,0,3319,1,5,3,0,1,1,122300
Boat Club Road,apartment,sale,unfurnished,3,1517,3,14,9,4,14,0,20447400
Kothrud,villa,sale,unfurnished,2,2367,2,25,3,0,14,1,19837800
Hadapsar,studio,sale,fully-furnished,1,300,1,13,3,0,3,0,1798900
Wagholi,house,sale,semi-furnished,3,969,3,21,6,2,7,0,5330600
Wakad,apartment,rent,fully-furnished,1,444,1,16,3,0,16,1,15300
Pimpri,apartment,sale,semi-furnished,3,1306,3,6,0,3,9,0,7952300
Bavdhan,plot,sale,unfurnished,0,2630,1,18,0,0,1,0,8629900
Kalyani Nagar,commercial,rent,unfurnished,0,1434,1,4,3,0,1,0,200600
Wagholi,commercial,rent,semi-furnished,0,679,1,7,5,0,1,0,65500
Pimple Saudagar,apartment,rent,semi-furnished,3,1129,3,21,2,4,8,0,55700
Baner,villa,rent,fully-furnished,1,2890,1,28,7,4,4,1,754800
Pisoli,apartment,sale,semi-furnished,2,1104,2,17,3,12,15,0,6457900
Koregaon Park,apartment,sale,unfurnished,3,1284,3,26,5,2,2,0,14623800
Pimpri,apartment,rent,unfurnished,1,681,1,14,2,9,15,0,9400
Aundh,house,sale,semi-furnished,2,1038,2,5,4,3,14,1,6999100
Undri,commercial,rent,unfurnished,0,766,1,20,4,0,1,0,14700
Kothrud,apartment,rent,semi-furnished,2,1073,2,3,7,6,10,1,30700
Wakad,villa,sale,fully-furnished,5,2639,5,17,7,8,11,1,27452100
Hinjewadi,house,rent,semi-furnished,4,1640,4,14,4,6,9,1,119500
Hinjewadi,apartment,rent,semi-furnished,2,1028,2,4,3,8,11,1,38100
Boat Club Road,apartment,rent,fully-furnished,3,1582,3,28,7,2,10,0,147300
Kothrud,apartment,sale,unfurnished,3,1391,3,5,3,8,10,1,13902500
Kharadi,apartment,rent,semi-furnished,4,1356,4,3,5,9,9,1,119800
Aundh,apartment,rent,semi-furnished,1,320,1,22,5,6,14,1,16800
Camp,studio,rent,fully-furnished,1,443,1,30,6,5,6,0,34000
Balewadi,house,rent,fully-furnished,2,1165,2,12,2,5,6,0,74900
Kothrud,house,sale,fully-furnished,5,1859,5,17,2,9,20,1,24586800
Viman Nagar,studio,sale,semi-furnished,1,310,1,1,6,2,8,1,4564900
Undri,house,sale,semi-furnished,3,955,3,26,0,0,2,0,4245900
Pashan,apartment,rent,unfurnished,2,1140,2,10,3,6,8,0,31200
Wagholi,studio,sale,semi-furnished,1,574,1,5,3,3,10,0,3240900
Viman Nagar,house,rent,fully-furnished,4,2008,4,9,7,8,12,1,226300
Kondhwa,apartment,sale,semi-furnished,1,765,1,8,2,3,8,0,4067200
Wagholi,studio,sale,fully-furnished,1,562,1,4,4,6,7,0,2920200
Hinjewadi,house,sale,semi-furnished,3,1085,3,31,2,6,9,1,7857900
Wanowrie,villa,rent,fully-furnished,4,2623,4,4,0,1,2,0,547400
Kharadi,studio,sale,fully-furnished,1,532,1,31,4,2,10,1,3164600
Viman Nagar,apartment,sale,unfurnished,3,1468,3,12,7,6,6,1,15866400
Kondhwa,apartment,rent,semi-furnished,2,994,2,15,4,6,9,0,36600
Baner,apartment,sale,semi-furnished,1,357,1,5,6,10,13,1,3500900
Kondhwa,commercial,rent,fully-furnished,0,1395,1,20,7,0,1,0,85200
Wakad,apartment,sale,fully-furnished,2,1083,2,14,6,3,9,1,9425200
Koregaon Park,apartment,rent,fully-furnished,3,1648,3,18,5,1,2,0,146100
Pimple Saudagar,apartment,sale,unfurnished,3,1267,3,14,2,6,7,0,8633900
Aundh,apartment,rent,fully-furnished,2,892,2,19,5,0,8,1,42500
Kondhwa,apartment,rent,semi-furnished,5,1943,5,2,4,15,15,0,146100
Pimpri,villa,sale,unfurnished,2,2338,2,30,0,3,5,0,14570000
Kalyani Nagar,house,sale,semi-furnished,3,1275,3,22,5,1,12,0,12505600
Kothrud,villa,sale,fully-furnished,3,2372,3,8,7,3,6,1,34710700
Chinchwad,apartment,sale,semi-furnished,2,893,2,17,2,3,14,0,4616900
Koregaon Park,apartment,sale,semi-furnished,5,1881,5,26,7,17,21,0,26184500
Magarpatta,apartment,rent,unfurnished,2,813,2,11,5,0,6,0,26800
Baner,apartment,sale,semi-furnished,2,1005,2,13,9,3,10,1,11914100
Aundh,house,rent,semi-furnished,2,990,2,18,4,1,3,1,40100
Kothrud,apartment,sale,fully-furnished,3,886,3,14,5,4,9,1,8609400
Baner,apartment,rent,fully-furnished,1,807,1,31,3,4,10,1,36300
Kalyani Nagar,house,rent,semi-furnished,4,1435,4,31,6,6,7,0,163700
Hinjewadi,house,sale,unfurnished,3,1260,3,28,0,13,16,1,5597200
Hinjewadi,apartment,sale,fully-furnished,4,1258,4,30,7,6,6,1,13894100
Shivajinagar,commercial,rent,fully-furnished,0,2501,1,12,5,0,1,1,287200
Hinjewadi,apartment,sale,fully-furnished,3,1066,3,16,2,6,7,1,8978200
Viman Nagar,apartment,sale,fully-furnished,2,994,2,12,9,1,9,1,12204200
Bavdhan,studio,sale,unfurnished,1,505,1,28,3,0,4,0,2198800
Aundh,commercial,rent,unfurnished,0,3991,1,9,3,0,1,1,217800
Camp,house,rent,fully-furnished,3,1253,3,4,3,0,6,0,80200
Pisoli,house,sale,fully-furnished,3,1138,3,10,1,6,11,0,7933200
Undri,apartment,sale,fully-furnished,2,971,2,15,4,2,2,0,6850600
Pashan,apartment,sale,semi-furnished,2,1272,2,20,4,3,9,0,9063400
Pimpri,apartment,sale,semi-furnished,3,1286,3,3,4,1,2,0,8418700
Hadapsar,studio,rent,semi-furnished,1,439,1,31,2,7,9,0,10100
Magarpatta,apartment,rent,semi-furnished,1,930,1,21,4,6,6,0,19900
Baner,apartment,sale,fully-furnished,2,896,2,28,5,0,5,1,7509100
Baner,studio,rent,unfurnished,1,713,1,7,2,11,15,1,34000
Aundh,plot,sale,semi-furnished,0,1902,1,12,1,0,1,1,11635900
Shivajinagar,studio,sale,semi-furnished,1,371,1,0,5,8,16,1,4473300
Pimple Saudagar,villa,sale,fully-furnished,5,1653,5,3,3,0,8,0,21291100
Balewadi,apartment,rent,fully-furnished,5,1963,5,0,4,2,3,0,244600
Camp,apartment,rent,fully-furnished,1,788,1,17,5,7,7,0,46600
Wanowrie,studio,rent,semi-furnished,1,516,1,26,2,4,5,0,15200
Boat Club Road,studio,rent,fully-furnished,1,440,1,24,3,5,13,0,39100
Pashan,apartment,sale,fully-furnished,3,1164,3,22,6,1,2,0,9788400
Hinjewadi,villa,rent,semi-furnished,2,2886,2,23,3,2,13,1,333300
Kharadi,plot,sale,fully-furnished,0,658,1,9,3,0,1,1,3073000
Hinjewadi,house,sale,fully-furnished,5,1947,5,17,0,8,8,1,24173500
Koregaon Park,apartment,rent,unfurnished,1,568,1,8,7,3,5,0,23800
Koregaon Park,apartment,sale,semi-furnished,3,1215,3,11,3,0,4,0,14633700
Magarpatta,plot,rent,semi-furnished,0,1316,1,15,5,0,1,0,72000
Bavdhan,apartment,sale,unfurnished,3,1428,3,8,0,9,11,0,8723400
Pimple Saudagar,studio,rent,unfurnished,1,422,1,19,3,0,6,0,17400
Boat Club Road,house,rent,semi-furnished,2,1169,2,25,6,3,9,0,80300
Wakad,apartment,sale,fully-furnished,1,365,1,15,6,3,7,1,3801700
Kothrud,house,rent,semi-furnished,2,1000,2,20,6,4,4,1,45900
Baner,apartment,rent,unfurnished,2,1022,2,0,6,5,7,1,38900
Magarpatta,apartment,sale,unfurnished,2,950,2,13,4,0,2,0,6116400
Kharadi,house,rent,unfurnished,2,1074,2,2,8,0,9,1,39100
Hadapsar,plot,sale,fully-furnished,0,1926,1,18,1,0,1,0,9695100
Bavdhan,apartment,rent,unfurnished,4,1758,4,22,0,6,11,0,88000
Chinchwad,apartment,rent,unfurnished,2,932,2,12,2,3,9,0,13500
Wakad,house,sale,semi-furnished,3,1083,3,5,6,2,2,1,11101400
Pimple Saudagar,house,sale,semi-furnished,2,1190,2,9,3,4,14,0,9759800
Wanowrie,apartment,sale,semi-furnished,5,1693,5,25,2,2,4,0,12594300
Kondhwa,house,rent,fully-furnished,3,1614,3,5,1,0,13,0,74400
Kharadi,apartment,rent,semi-furnished,3,1626,3,3,7,7,10,1,92600
Undri,house,rent,unfurnished,1,449,1,28,6,15,15,0,13400
Hinjewadi,apartment,rent,fully-furnished,3,1350,3,4,0,14,16,1,69200
Baner,commercial,sale,fully-furnished,0,3916,1,7,2,0,1,1,30552100
Aundh,studio,rent,fully-furnished,1,503,1,6,0,7,16,1,25500
Kharadi,plot,rent,semi-furnished,0,1054,1,18,6,0,1,1,53100
Viman Nagar,villa,sale,semi-furnished,3,2733,3,0,5,9,10,1,44739000
Viman Nagar,commercial,sale,semi-furnished,0,990,1,24,7,0,1,1,11751100
Chinchwad,house,sale,fully-furnished,2,820,2,14,1,1,2,0,4627700
Hinjewadi,apartment,sale,unfurnished,2,748,2,16,1,3,8,1,4505600
Kothrud,apartment,rent,fully-furnished,2,1022,2,3,4,0,8,1,47800
Koregaon Park,apartment,rent,unfurnished,2,890,2,28,7,10,18,0,45500
Hinjewadi,studio,sale,unfurnished,1,406,1,27,4,3,13,1,1949600
Hadapsar,house,rent,unfurnished,5,2125,5,4,3,4,11,0,144400
Hinjewadi,apartment,sale,semi-furnished,1,593,1,22,4,6,13,1,3891000
Bavdhan,apartment,rent,semi-furnished,2,749,2,10,3,1,6,0,32200
Wagholi,studio,sale,fully-furnished,1,517,1,6,3,9,11,0,3346900
Kothrud,apartment,sale,semi-furnished,2,953,2,24,6,0,3,1,7891100
Pimple Saudagar,plot,sale,semi-furnished,0,2649,1,1,0,0,1,0,17734200
Magarpatta,commercial,rent,fully-furnished,0,381,1,25,8,0,1,0,53900
Kalyani Nagar,apartment,rent,unfurnished,5,2426,5,31,8,0,2,0,307500
Magarpatta,villa,rent,fully-furnished,2,2294,2,29,2,6,10,0,342100
Koregaon Park,apartment,rent,semi-furnished,2,787,2,6,8,8,10,0,46100
Koregaon Park,studio,rent,unfurnished,1,514,1,21,10,1,13,0,30600
Wagholi,house,sale,unfurnished,4,1563,4,7,3,8,13,0,9712900
Camp,studio,sale,unfurnished,1,523,1,13,0,1,8,0,4230600
Pisoli,apartment,rent,fully-furnished,2,1055,2,2,2,6,12,0,26900
Balewadi,apartment,sale,unfurnished,1,662,1,27,3,4,7,0,3787300
Hinjewadi,apartment,rent,semi-furnished,2,1173,2,12,0,5,5,1,41700
Wanowrie,apartment,sale,fully-furnished,4,1830,4,21,0,1,13,0,13073000
Magarpatta,house,sale,semi-furnished,2,1082,2,16,6,8,8,0,7551700
Shivajinagar,apartment,sale,fully-furnished,1,955,1,6,4,3,9,1,12001200
Kharadi,apartment,sale,semi-furnished,2,635,2,24,1,5,8,1,3732400
Chinchwad,commercial,sale,fully-furnished,0,3496,1,14,1,0,1,0,14504000
Baner,apartment,sale,semi-furnished,2,1041,2,14,9,4,14,1,8982500
Viman Nagar,apartment,rent,semi-furnished,2,930,2,8,3,10,11,1,44300
Balewadi,apartment,sale,semi-furnished,2,1343,2,29,4,7,11,0,9950300
Pashan,apartment,rent,fully-furnished,3,1076,3,22,8,1,2,0,58900
Hadapsar,apartment,rent,semi-furnished,2,1132,2,16,5,3,13,0,34900
Pisoli,apartment,sale,unfurnished,4,1528,4,10,2,7,10,0,8563300
Wakad,apartment,rent,unfurnished,1,685,1,11,5,3,8,1,23200
Baner,apartment,rent,fully-furnished,2,1107,2,25,7,0,9,1,57400
Pimpri,apartment,sale,unfurnished,2,1086,2,28,2,2,2,0,4125800
Undri,house,sale,unfurnished,3,1012,3,20,1,1,25,0,3441800
Koregaon Park,apartment,sale,semi-furnished,2,856,2,5,9,2,2,0,14554600
Koregaon Park,studio,rent,semi-furnished,1,439,1,25,5,1,2,0,27800
Kothrud,apartment,rent,fully-furnished,2,1124,2,19,0,11,13,1,49400
Kalyani Nagar,apartment,rent,fully-furnished,2,1132,2,31,4,3,17,0,63200
Kalyani Nagar,house,sale,unfurnished,4,1403,4,13,6,6,13,0,19648100
Kothrud,plot,sale,unfurnished,0,1023,1,2,5,0,1,1,8501100
Pashan,apartment,sale,fully-furnished,2,895,2,18,5,3,12,0,4565900
Kalyani Nagar,villa,rent,fully-furnished,1,2472,1,25,7,0,5,0,381800
Aundh,apartment,rent,semi-furnished,2,971,2,0,6,10,12,1,50800
Wakad,apartment,sale,fully-furnished,2,1035,2,27,5,1,9,1,8557800
Chinchwad,commercial,sale,unfurnished,0,2054,1,30,3,0,1,0,10257500
Magarpatta,house,rent,fully-furnished,4,1436,4,11,1,0,12,0,112500
Wagholi,apartment,rent,semi-furnished,3,1274,3,2,2,5,5,0,43700
Koregaon Park,house,sale,fully-furnished,2,857,2,3,6,6,10,0,11662200
Koregaon Park,plot,rent,semi-furnished,0,3117,1,15,7,0,1,0,153400
Wanowrie,apartment,rent,fully-furnished,5,1824,5,16,4,0,9,0,164600
Pimple Saudagar,apartment,rent,fully-furnished,2,797,2,18,3,0,5,0,39200
Wanowrie,apartment,sale,fully-furnished,3,1345,3,0,4,7,11,0,12997600
Kalyani Nagar,house,sale,semi-furnished,2,1017,2,31,6,3,4,0,10629500
Wakad,apartment,sale,unfurnished,1,783,1,7,0,0,2,1,5766700
Aundh,villa,sale,semi-furnished,4,3066,4,13,6,6,11,1,42022500
Bavdhan,commercial,rent,fully-furnished,0,796,1,18,3,0,1,0,153100
Kothrud,apartment,sale,unfurnished,2,851,2,22,6,4,9,1,5625300
Wakad,house,sale,fully-furnished,3,1183,3,20,6,2,2,1,12065200
Hinjewadi,plot,rent,semi-furnished,0,3254,1,0,1,0,1,1,82400
Chinchwad,villa,sale,unfurnished,4,2412,4,9,3,6,8,0,11231300
Boat Club Road,studio,sale,fully-furnished,1,424,1,24,4,2,5,0,5046500
Undri,house,sale,semi-furnished,3,947,3,23,5,17,17,0,5020900
Pashan,apartment,sale,fully-furnished,3,1188,3,26,4,2,6,0,9688400
Hinjewadi,apartment,rent,semi-furnished,1,440,1,13,2,5,9,1,20600
Baner,apartment,sale,unfurnished,2,1017,2,10,6,6,13,1,12174600
Kothrud,studio,sale,unfurnished,1,557,1,28,2,14,14,1,4245900
Hinjewadi,villa,sale,semi-furnished,2,3103,2,10,2,6,9,1,35562900
Koregaon Park,apartment,sale,fully-furnished,3,1287,3,14,6,6,6,0,23250200
Balewadi,apartment,sale,fully-furnished,3,1322,3,10,5,4,14,0,17540600
Kothrud,villa,sale,unfurnished,2,3241,2,3,6,8,11,1,51261600
Koregaon Park,studio,rent,semi-furnished,1,566,1,25,9,5,8,0,42000
Pashan,apartment,sale,unfurnished,5,1647,5,12,2,9,9,0,15648800
Wakad,commercial,rent,fully-furnished,0,816,1,26,1,0,1,1,88700
Pashan,villa,rent,semi-furnished,5,2963,5,0,6,13,13,0,505900
Baner,apartment,sale,semi-furnished,1,718,1,19,6,1,15,1,6028100
Kothrud,apartment,sale,fully-furnished,2,1051,2,11,6,0,9,1,8782200
Pimpri,plot,rent,fully-furnished,0,2413,1,30,5,0,1,0,61200
Kothrud,apartment,rent,fully-furnished,1,1112,1,15,4,7,9,1,27100
Pimpri,apartment,sale,semi-furnished,2,1278,2,24,4,5,10,0,6323300
Viman Nagar,apartment,sale,semi-furnished,2,1099,2,5,7,0,2,1,13741100
Wakad,apartment,rent,semi-furnished,2,1379,2,0,2,0,2,1,55400
Pisoli,villa,rent,semi-furnished,2,3322,2,27,5,0,4,0,232800
Wagholi,apartment,rent,semi-furnished,2,1038,2,6,3,12,12,0,23900
Kharadi,apartment,sale,unfurnished,4,1423,4,23,4,14,14,1,10645700
Kondhwa,commercial,rent,semi-furnished,0,2676,1,14,3,0,1,0,262700
Aundh,apartment,sale,fully-furnished,3,1724,3,25,7,6,7,1,17061000
Kharadi,villa,rent,fully-furnished,2,1844,2,18,1,10,15,1,209300
Chinchwad,apartment,sale,semi-furnished,3,1708,3,26,3,1,2,0,8280500
Kothrud,apartment,sale,unfurnished,2,1115,2,28,3,1,3,1,7688100
Kothrud,apartment,rent,unfurnished,2,1225,2,31,5,11,17,1,47100
Pashan,apartment,sale,fully-furnished,2,728,2,26,4,0,2,0,5270500
Kalyani Nagar,plot,rent,semi-furnished,0,3268,1,12,5,0,1,0,161300
Pimpri,apartment,rent,fully-furnished,2,717,2,21,3,6,18,0,22000
Kothrud,apartment,sale,fully-furnished,2,550,2,30,0,6,6,1,4554600
Hinjewadi,apartment,rent,unfurnished,1,781,1,21,3,5,7,1,13000
Aundh,villa,sale,fully-furnished,3,3061,3,7,6,7,18,1,39181400
Viman Nagar,plot,rent,unfurnished,0,693,1,0,8,0,1,1,36300
Kothrud,apartment,sale,semi-furnished,2,1214,2,4,6,1,11,1,12424600
Kalyani Nagar,apartment,sale,unfurnished,2,890,2,1,6,1,3,0,10696600
Kharadi,apartment,rent,unfurnished,4,1658,4,2,3,2,9,1,106200
Pimpri,apartment,sale,semi-furnished,3,1292,3,10,4,2,7,0,8358800
Pimple Saudagar,house,sale,fully-furnished,3,1060,3,26,1,6,7,0,9207300
Wakad,commercial,rent,semi-furnished,0,2855,1,9,5,0,1,1,202800
Hinjewadi,apartment,rent,unfurnished,1,545,1,23,0,12,12,1,5300
Wanowrie,apartment,sale,semi-furnished,2,1092,2,19,1,6,6,0,6710200
Kharadi,apartment,sale,fully-furnished,4,2060,4,24,5,1,5,1,20945100
Hinjewadi,apartment,rent,semi-furnished,2,1181,2,12,3,1,6,1,35200
Kondhwa,house,rent,semi-furnished,2,859,2,17,1,8,17,0,17800
Pashan,apartment,sale,semi-furnished,2,1037,2,20,6,8,11,0,7522500
Kothrud,apartment,sale,semi-furnished,2,995,2,9,5,3,4,1,9122100
Wagholi,apartment,sale,semi-furnished,3,1250,3,13,5,0,12,0,6540300
Undri,house,sale,fully-furnished,1,280,1,9,2,6,8,0,1777900
Koregaon Park,studio,sale,fully-furnished,1,378,1,31,9,5,10,0,5762600
Baner,studio,rent,unfurnished,1,704,1,24,5,7,9,1,26800
Aundh,apartment,sale,semi-furnished,3,1400,3,21,6,1,10,1,11418500
Hinjewadi,apartment,sale,fully-furnished,3,1330,3,5,0,3,6,1,11364900
Pimple Saudagar,commercial,rent,semi-furnished,0,250,1,21,2,0,1,0,45900
Baner,house,sale,unfurnished,2,1047,2,1,4,6,17,1,11432700
Hinjewadi,apartment,sale,fully-furnished,2,815,2,24,3,10,10,1,6049700
Hinjewadi,plot,sale,semi-furnished,0,4897,1,15,4,0,1,1,24660100
Baner,commercial,sale,fully-furnished,0,2648,1,24,4,0,1,1,15015800
Baner,apartment,sale,semi-furnished,4,1511,4,9,6,7,19,1,18183000
Hadapsar,apartment,sale,semi-furnished,2,544,2,14,2,8,14,0,2701000
Kalyani Nagar,apartment,rent,fully-furnished,3,1302,3,18,7,12,14,0,126600
Hinjewadi,plot,sale,fully-furnished,0,3706,1,21,1,0,1,1,16022300
Wanowrie,apartment,sale,semi-furnished,1,1094,1,26,1,0,4,0,5557600
Koregaon Park,plot,sale,unfurnished,0,2649,1,18,6,0,1,0,23967100
Hinjewadi,apartment,rent,semi-furnished,2,1176,2,6,4,0,4,1,36600
Kondhwa,plot,rent,unfurnished,0,1389,1,25,3,0,1,0,39400
Baner,commercial,rent,semi-furnished,0,1647,1,3,4,0,1,1,207500
Chinchwad,studio,sale,fully-furnished,1,300,1,15,6,0,16,0,1861500
Kothrud,apartment,sale,fully-furnished,2,1225,2,0,3,8,11,1,12759800
Hadapsar,studio,rent,semi-furnished,1,483,1,26,3,0,13,0,12700
Viman Nagar,commercial,rent,fully-furnished,0,3034,1,12,6,0,1,1,64200
Kharadi,apartment,sale,unfurnished,2,852,2,23,4,0,3,1,5172400
Koregaon Park,apartment,sale,unfurnished,4,1435,4,17,10,9,11,0,19728300
Magarpatta,apartment,sale,fully-furnished,4,1624,4,14,7,4,10,0,22424400
Undri,apartment,rent,fully-furnished,3,1232,3,9,4,17,20,0,56900
Baner,apartment,sale,fully-furnished,2,1023,2,19,8,2,4,1,9539500
Hinjewadi,apartment,rent,semi-furnished,3,1466,3,20,4,0,16,1,59200
Viman Nagar,apartment,rent,unfurnished,4,1457,4,15,10,3,6,1,146000
Kalyani Nagar,apartment,sale,fully-furnished,3,1493,3,18,6,3,8,0,20349600
Kalyani Nagar,apartment,rent,semi-furnished,2,711,2,27,9,0,2,0,46500
Undri,apartment,rent,semi-furnished,2,1280,2,20,4,5,9,0,29000
Hinjewadi,apartment,rent,unfurnished,1,858,1,25,1,9,17,1,23000
Hadapsar,apartment,rent,unfurnished,3,1460,3,5,4,1,2,0,59300
Chinchwad,villa,rent,semi-furnished,2,2018,2,8,1,1,6,0,347600
Wakad,apartment,sale,semi-furnished,4,1387,4,17,9,0,13,1,14052000
Undri,villa,sale,semi-furnished,1,3083,1,30,4,2,6,0,19971200
Wakad,plot,sale,unfurnished,0,2504,1,15,2,0,1,1,12614700
Baner,villa,sale,fully-furnished,2,1715,2,23,3,9,18,1,20091800
Wakad,apartment,sale,unfurnished,2,1084,2,21,4,0,14,1,6852000
Wakad,studio,rent,semi-furnished,1,681,1,15,8,4,12,1,12400
Koregaon Park,apartment,sale,unfurnished,2,1026,2,18,5,2,2,0,11968900
Hadapsar,house,sale,fully-furnished,2,1035,2,28,5,0,9,0,4708200
Baner,apartment,sale,unfurnished,4,1236,4,1,3,11,12,1,12734500
Aundh,commercial,rent,semi-furnished,0,778,1,5,6,0,1,1,127200
Balewadi,apartment,rent,unfurnished,1,725,1,18,4,0,3,0,13600
Wanowrie,apartment,sale,fully-furnished,3,990,3,28,3,3,7,0,6339900
Balewadi,apartment,rent,semi-furnished,2,937,2,28,7,4,14,0,45700
Pimpri,apartment,sale,semi-furnished,4,1640,4,31,4,4,8,0,10065200
Balewadi,apartment,rent,fully-furnished,5,1962,5,0,7,5,5,0,277200
Baner,apartment,rent,fully-furnished,2,574,2,6,5,3,6,1,37500
Wanowrie,commercial,sale,unfurnished,0,4206,1,15,5,0,1,0,38838900
Wagholi,apartment,sale,fully-furnished,2,985,2,11,0,10,12,0,4654200
Balewadi,apartment,sale,fully-furnished,4,1655,4,10,5,9,10,0,23578000
Bavdhan,apartment,sale,unfurnished,3,1357,3,5,6,2,5,0,11354700
Undri,studio,rent,fully-furnished,1,469,1,24,0,2,2,0,12100
Viman Nagar,plot,rent,fully-furnished,0,798,1,25,8,0,1,1,58000
Baner,apartment,rent,semi-furnished,2,765,2,3,4,1,2,1,46300
Koregaon Park,studio,sale,fully-furnished,1,653,1,24,6,0,10,0,6503400
Balewadi,apartment,sale,unfurnished,4,1498,4,24,4,6,15,0,12265300
Koregaon Park,commercial,rent,semi-furnished,0,5673,1,22,6,0,1,0,548500
Shivajinagar,apartment,rent,semi-furnished,1,684,1,2,8,2,25,1,30900
Wakad,apartment,sale,fully-furnished,4,1546,4,24,7,0,15,1,15033100
Chinchwad,commercial,sale,fully-furnished,0,1974,1,1,1,0,1,0,11607900
Hinjewadi,apartment,sale,semi-furnished,2,785,2,4,3,10,11,1,7877200
Hinjewadi,plot,sale,semi-furnished,0,2238,1,28,3,0,1,1,10109600
Aundh,apartment,sale,semi-furnished,2,1190,2,24,4,11,15,1,10733200
Koregaon Park,house,rent,unfurnished,2,1052,2,12,9,5,7,0,60600
Viman Nagar,apartment,sale,fully-furnished,3,1002,3,13,7,4,10,1,13419300
Pimple Saudagar,apartment,rent,fully-furnished,1,738,1,16,5,4,6,0,20300
Kalyani Nagar,apartment,sale,semi-furnished,3,1366,3,15,8,4,13,0,19498400
Magarpatta,apartment,rent,semi-furnished,3,1342,3,29,4,9,10,0,82600
Kharadi,villa,sale,semi-furnished,2,2348,2,27,7,13,13,1,24443400
Viman Nagar,apartment,rent,unfurnished,2,1185,2,16,10,15,17,1,58000
Pimple Saudagar,house,sale,unfurnished,3,1382,3,18,6,1,2,0,10641000
Pisoli,apartment,sale,fully-furnished,2,1069,2,14,1,6,7,0,5496500
Wakad,house,rent,fully-furnished,3,1150,3,22,1,10,14,1,61600
Koregaon Park,house,sale,fully-furnished,2,1102,2,11,9,5,8,0,20343500
Hinjewadi,house,sale,semi-furnished,1,572,1,9,4,5,5,1,4822800
Pimpri,apartment,rent,fully-furnished,2,774,2,23,2,0,10,0,37900
Aundh,apartment,rent,fully-furnished,3,1448,3,0,4,6,6,1,103000
Baner,apartment,sale,fully-furnished,2,876,2,24,6,7,8,1,7689500
Hinjewadi,apartment,sale,fully-furnished,2,900,2,10,2,0,9,1,6508000
Kothrud,apartment,sale,fully-furnished,2,1174,2,20,5,4,4,1,10959000
Viman Nagar,villa,sale,fully-furnished,2,2921,2,13,9,2,13,1,49612500
Kothrud,villa,rent,semi-furnished,2,3033,2,15,2,2,12,1,518800
Pashan,apartment,sale,semi-furnished,2,1144,2,9,3,3,10,0,7914700
Viman Nagar,studio,rent,unfurnished,1,390,1,26,9,1,3,1,22800
Baner,house,rent,fully-furnished,2,631,2,15,3,18,18,1,21000
Pimple Saudagar,apartment,sale,fully-furnished,4,1709,4,30,1,6,7,0,12798500
Kalyani Nagar,commercial,rent,semi-furnished,0,4630,1,2,8,0,1,0,220100
Hadapsar,apartment,rent,unfurnished,1,556,1,12,3,6,14,0,13800
Kalyani Nagar,house,sale,fully-furnished,3,1497,3,2,6,1,10,0,19328900
Kalyani Nagar,apartment,rent,fully-furnished,2,1113,2,29,7,2,10,0,84200
Hinjewadi,apartment,rent,semi-furnished,1,506,1,23,2,1,8,1,14500
Wagholi,apartment,rent,semi-furnished,3,1406,3,15,2,1,3,0,49600
Pisoli,house,sale,semi-furnished,4,1540,4,3,3,2,7,0,10470400
Boat Club Road,apartment,sale,unfurnished,2,952,2,25,6,1,2,0,10337300
Wanowrie,commercial,sale,semi-furnished,0,3595,1,25,3,0,1,0,32034100
Pisoli,villa,sale,fully-furnished,3,2634,3,16,8,7,8,0,19891200
Pashan,apartment,sale,semi-furnished,1,541,1,21,3,0,12,0,3045500
Wanowrie,studio,sale,unfurnished,1,552,1,7,5,3,7,0,3182000
Koregaon Park,studio,rent,unfurnished,1,556,1,5,7,1,2,0,36300
Viman Nagar,plot,sale,fully-furnished,0,3425,1,14,8,0,1,1,27124300
Kharadi,commercial,rent,fully-furnished,0,1734,1,7,4,0,1,1,154900
Hinjewadi,apartment,rent,unfurnished,3,1540,3,20,3,8,13,1,68100
Undri,apartment,sale,fully-furnished,4,1645,4,20,1,0,10,0,10496200
Koregaon Park,house,sale,fully-furnished,4,1710,4,15,4,1,5,0,29675400
Shivajinagar,apartment,sale,fully-furnished,2,990,2,27,5,3,22,1,9407400
Hadapsar,apartment,rent,semi-furnished,3,1231,3,26,3,3,3,0,49700
Kalyani Nagar,apartment,sale,unfurnished,2,883,2,26,6,13,14,0,7238900
Balewadi,house,rent,fully-furnished,4,1495,4,31,6,0,8,0,148200
Chinchwad,apartment,rent,fully-furnished,2,943,2,24,2,7,8,0,35000
Viman Nagar,apartment,sale,unfurnished,3,1349,3,6,4,3,6,1,15508000
Balewadi,studio,rent,fully-furnished,1,653,1,29,3,9,9,0,32900
Hinjewadi,commercial,rent,semi-furnished,0,2661,1,29,4,0,1,1,248800
Wagholi,apartment,rent,semi-furnished,2,938,2,10,3,0,3,0,23500
Bavdhan,plot,rent,unfurnished,0,2479,1,3,4,0,1,0,64200
Wakad,villa,sale,semi-furnished,1,2290,1,30,3,4,4,1,19697900
Koregaon Park,villa,sale,fully-furnished,3,2562,3,31,5,2,7,0,32545100
Magarpatta,apartment,rent,fully-furnished,2,927,2,9,4,15,18,0,33000
Baner,apartment,rent,fully-furnished,2,858,2,17,7,5,8,1,54500
Koregaon Park,apartment,sale,unfurnished,3,1071,3,9,8,2,5,0,16205400
Pashan,plot,sale,semi-furnished,0,2158,1,6,4,0,1,0,15048500
Wagholi,apartment,rent,fully-furnished,3,1294,3,5,3,9,10,0,45700
Wanowrie,commercial,sale,fully-furnished,0,5992,1,21,5,0,1,0,57449600
Pimple Saudagar,villa,sale,semi-furnished,3,1808,3,25,0,6,9,0,12854200
Undri,apartment,sale,unfurnished,4,1701,4,29,6,14,18,0,8941400
Aundh,apartment,sale,semi-furnished,2,868,2,1,3,0,2,1,9990500
Wagholi,apartment,rent,semi-furnished,2,1171,2,27,3,0,12,0,29500
Pimple Saudagar,apartment,sale,semi-furnished,2,1118,2,2,7,11,12,0,12177700
Chinchwad,plot,rent,semi-furnished,0,3530,1,3,4,0,1,0,65200
Wagholi,apartment,rent,unfurnished,4,1422,4,24,3,15,17,0,66500
Wakad,apartment,rent,semi-furnished,2,918,2,9,4,5,16,1,34600
Kothrud,apartment,rent,semi-furnished,2,1021,2,14,3,6,6,1,60200
Koregaon Park,apartment,sale,semi-furnished,2,901,2,7,9,0,2,0,13340700
Baner,apartment,sale,semi-furnished,2,990,2,25,4,0,7,1,6513900
Pashan,commercial,rent,semi-furnished,0,739,1,21,3,0,1,0,66900
Viman Nagar,house,sale,semi-furnished,2,908,2,19,8,1,3,1,8304200
Hadapsar,villa,sale,unfurnished,3,2665,3,19,5,14,14,0,19614100
Wakad,apartment,sale,semi-furnished,3,1462,3,13,7,3,13,1,14056100
Boat Club Road,commercial,rent,fully-furnished,0,3329,1,17,10,0,1,0,1036200
Hinjewadi,house,rent,semi-furnished,2,970,2,6,5,2,10,1,34200
Undri,apartment,rent,semi-furnished,2,781,2,18,4,0,7,0,21700
Magarpatta,apartment,sale,semi-furnished,2,1282,2,31,6,1,9,0,7607100
Wanowrie,apartment,rent,unfurnished,3,1438,3,8,6,0,5,0,58800
Wakad,apartment,rent,semi-furnished,2,1040,2,18,5,3,10,1,41600
Pimpri,house,rent,unfurnished,3,1114,3,26,4,4,10,0,37200
Hinjewadi,villa,rent,unfurnished,5,2140,5,16,2,9,15,1,290400
Undri,house,rent,semi-furnished,2,1103,2,14,0,0,2,0,28400
Aundh,house,rent,semi-furnished,3,1400,3,31,2,13,14,1,61100
Hinjewadi,apartment,rent,semi-furnished,2,1295,2,24,3,3,6,1,44700
Viman Nagar,apartment,rent,unfurnished,4,1450,4,21,6,15,17,1,149900
Pimple Saudagar,studio,sale,unfurnished,1,452,1,27,2,1,2,0,1931800
Kalyani Nagar,villa,rent,unfurnished,2,1976,2,27,4,1,7,0,432700
Viman Nagar,apartment,sale,unfurnished,1,629,1,23,10,8,16,1,5172000
Aundh,apartment,sale,fully-furnished,1,613,1,22,2,2,7,1,5049100
Wanowrie,apartment,sale,unfurnished,2,838,2,30,5,7,7,0,3705000
Pimple Saudagar,apartment,sale,semi-furnished,3,1681,3,21,1,3,6,0,11640700
Hinjewadi,house,sale,unfurnished,3,1259,3,15,1,6,12,1,9285000
Koregaon Park,apartment,rent,unfurnished,2,828,2,0,5,6,10,0,62900
Undri,house,sale,semi-furnished,3,1239,3,22,4,2,4,0,6473100
Pimple Saudagar,house,sale,semi-furnished,1,675,1,18,1,0,7,0,4137900
Koregaon Park,apartment,rent,semi-furnished,2,561,2,0,6,0,5,0,39200
Wakad,house,rent,unfurnished,2,1093,2,18,4,0,9,1,37000
Viman Nagar,apartment,sale,semi-furnished,3,1146,3,23,7,13,14,1,11461800
Shivajinagar,commercial,sale,unfurnished,0,833,1,8,9,0,1,1,10893600
Kalyani Nagar,apartment,sale,semi-furnished,2,1103,2,4,8,0,11,0,16397400
Wakad,house,rent,semi-furnished,2,912,2,13,1,4,7,1,40300
Aundh,studio,rent,fully-furnished,1,335,1,23,5,1,3,1,28800
Magarpatta,apartment,sale,semi-furnished,5,1690,5,26,6,4,5,0,16037000
Pimple Saudagar,studio,sale,fully-furnished,1,300,1,9,1,0,2,0,2354400
Chinchwad,commercial,rent,semi-furnished,0,3485,1,6,1,0,1,0,173600
Aundh,studio,rent,semi-furnished,1,550,1,22,6,8,8,1,23600
Shivajinagar,commercial,sale,semi-furnished,0,4581,1,17,7,0,1,1,39085600
Hadapsar,villa,rent,semi-furnished,3,3502,3,7,7,8,13,0,584000
Kothrud,villa,sale,semi-furnished,2,2260,2,20,9,0,2,1,24315600
Aundh,apartment,sale,semi-furnished,2,788,2,4,3,7,11,1,9099400
Pimple Saudagar,apartment,sale,unfurnished,2,743,2,27,2,11,13,0,3851400
Wakad,apartment,rent,semi-furnished,3,1362,3,28,3,9,15,1,63900
Kharadi,studio,sale,fully-furnished,1,538,1,25,5,0,8,1,4379400
Kalyani Nagar,apartment,sale,unfurnished,4,1677,4,16,5,5,5,0,20545600
Hinjewadi,plot,rent,fully-furnished,0,3912,1,31,2,0,1,1,114000
Undri,apartment,sale,unfurnished,3,1176,3,1,1,5,5,0,7744600
Magarpatta,apartment,rent,semi-furnished,2,892,2,28,4,18,19,0,31100
Pimple Saudagar,house,sale,unfurnished,4,1747,4,7,1,3,5,0,12769600
Kondhwa,house,rent,semi-furnished,2,1077,2,27,6,3,11,0,24100
Kothrud,apartment,sale,semi-furnished,4,1487,4,14,2,8,9,1,14519000
Aundh,studio,rent,unfurnished,1,420,1,17,4,2,2,1,16500
Pashan,studio,sale,semi-furnished,1,540,1,30,6,9,15,0,3533200
Magarpatta,house,sale,semi-furnished,1,610,1,14,7,3,4,0,4664700
Shivajinagar,apartment,sale,fully-furnished,3,1328,3,5,5,11,12,1,21129000
Hinjewadi,apartment,rent,fully-furnished,5,2133,5,4,4,14,14,1,259500
Kondhwa,house,rent,fully-furnished,2,1017,2,5,0,11,15,0,39800
Aundh,house,sale,fully-furnished,4,1779,4,26,2,12,12,1,19490100
Chinchwad,house,rent,unfurnished,2,883,2,16,1,1,11,0,21400
Kothrud,apartment,rent,fully-furnished,2,1205,2,7,1,3,4,1,50000
Kharadi,apartment,rent,fully-furnished,2,773,2,2,4,3,21,1,40700
Hinjewadi,apartment,rent,semi-furnished,4,1608,4,7,0,3,13,1,115700
Hinjewadi,plot,sale,semi-furnished,0,2617,1,8,3,0,1,1,13898600
Hinjewadi,apartment,sale,unfurnished,1,721,1,8,2,5,13,1,5422500
Chinchwad,house,sale,semi-furnished,2,658,2,15,3,4,7,0,4080000
Koregaon Park,apartment,rent,fully-furnished,3,1113,3,11,6,0,3,0,135800
Aundh,house,rent,unfurnished,2,904,2,25,8,4,12,1,36800
Bavdhan,studio,sale,fully-furnished,1,606,1,2,0,3,12,0,4473500
Pisoli,apartment,rent,unfurnished,4,1468,4,14,5,2,2,0,60100
Balewadi,commercial,rent,semi-furnished,0,1711,1,18,3,0,1,0,311000
Wanowrie,house,sale,semi-furnished,2,913,2,4,1,5,11,0,6328200
Balewadi,villa,sale,semi-furnished,3,1392,3,3,6,1,9,0,13349300
Chinchwad,house,rent,semi-furnished,2,864,2,24,3,6,8,0,23000
Aundh,apartment,sale,unfurnished,3,892,3,31,5,3,3,1,7019300
Baner,studio,rent,semi-furnished,1,558,1,24,3,11,13,1,22700
Kharadi,studio,sale,unfurnished,1,366,1,0,3,0,9,1,2810000
Kothrud,plot,sale,semi-furnished,0,977,1,22,1,0,1,1,6795200
Kondhwa,studio,sale,fully-furnished,1,305,1,16,2,1,8,0,1853800
Pisoli,apartment,rent,semi-furnished,1,585,1,12,1,0,10,0,12200
Aundh,house,rent,semi-furnished,2,675,2,4,5,8,8,1,27700
Aundh,apartment,rent,fully-furnished,2,1066,2,24,5,10,11,1,75000
Wakad,apartment,sale,unfurnished,1,558,1,21,8,10,10,1,4182100
Aundh,apartment,rent,semi-furnished,3,1474,3,1,9,2,2,1,91300
Pashan,apartment,rent,fully-furnished,4,1342,4,4,4,2,2,0,105100
Kharadi,apartment,sale,semi-furnished,4,1358,4,20,7,6,12,1,11764100
Viman Nagar,apartment,rent,unfurnished,2,1067,2,5,6,5,12,1,57300
Magarpatta,villa,rent,unfurnished,3,1592,3,27,4,3,12,0,238500
Pisoli,villa,sale,semi-furnished,2,3079,2,23,0,5,9,0,15298200
Hinjewadi,apartment,rent,fully-furnished,2,964,2,4,2,4,7,1,45700
Hinjewadi,apartment,sale,semi-furnished,3,1395,3,19,2,6,15,1,9721100
Camp,apartment,sale,unfurnished,2,1183,2,12,6,8,13,0,9801700
Baner,studio,sale,semi-furnished,1,507,1,2,2,2,12,1,6170900
Viman Nagar,plot,sale,semi-furnished,0,2154,1,4,5,0,1,1,13199300
Wagholi,commercial,sale,semi-furnished,0,1108,1,4,5,0,1,0,8008900
Viman Nagar,studio,rent,fully-furnished,1,467,1,27,2,0,2,1,24600
Kalyani Nagar,apartment,sale,semi-furnished,3,1345,3,1,5,0,9,0,23199300
Pimpri,apartment,sale,unfurnished,3,1443,3,1,1,4,12,0,7539800
Kothrud,commercial,rent,semi-furnished,0,5624,1,9,6,0,1,1,397700
Shivajinagar,villa,sale,unfurnished,3,3073,3,4,5,4,11,1,39106600
Hinjewadi,apartment,rent,semi-furnished,2,1040,2,15,3,15,15,1,40800
Shivajinagar,apartment,rent,semi-furnished,2,1101,2,10,8,14,18,1,64400
Pisoli,house,rent,semi-furnished,2,990,2,0,2,10,17,0,22800
Shivajinagar,plot,sale,unfurnished,0,3845,1,16,4,0,1,1,24083400
Koregaon Park,apartment,sale,semi-furnished,2,1196,2,14,8,9,10,0,17147500
Kothrud,apartment,rent,fully-furnished,3,1521,3,5,6,0,2,1,115900
Kothrud,commercial,rent,unfurnished,0,3015,1,23,7,0,1,1,402400
Viman Nagar,house,rent,semi-furnished,4,1846,4,23,8,11,13,1,214600
Wanowrie,plot,sale,fully-furnished,0,3415,1,24,4,0,1,0,21435800
Hinjewadi,apartment,sale,unfurnished,4,1531,4,6,1,0,4,1,13061900
Wakad,plot,sale,semi-furnished,0,4165,1,23,7,0,1,1,22281500
Viman Nagar,commercial,rent,semi-furnished,0,2846,1,25,8,0,1,1,332600
Pimple Saudagar,apartment,rent,unfurnished,2,919,2,22,3,5,8,0,26300
Kondhwa,house,sale,semi-furnished,2,1127,2,24,5,8,14,0,5058800
Koregaon Park,house,rent,fully-furnished,2,1063,2,28,6,1,13,0,76400
Kothrud,apartment,rent,unfurnished,3,995,3,14,4,3,10,1,72900
Kalyani Nagar,studio,sale,fully-furnished,1,520,1,23,6,2,13,0,5423100
Viman Nagar,plot,sale,semi-furnished,0,1640,1,18,10,0,1,1,8921500
Baner,apartment,sale,semi-furnished,4,1348,4,17,1,13,17,1,14451300
Wakad,commercial,sale,semi-furnished,0,4724,1,19,4,0,1,1,39493500
Kalyani Nagar,villa,sale,semi-furnished,2,2879,2,5,7,11,11,0,36315300
Pimpri,villa,sale,semi-furnished,3,2895,3,24,6,10,16,0,17080500
Viman Nagar,apartment,sale,unfurnished,1,1107,1,24,3,5,9,1,8669500
Hinjewadi,plot,sale,semi-furnished,0,3816,1,22,5,0,1,1,18364900
Kondhwa,commercial,rent,semi-furnished,0,359,1,14,4,0,1,0,49300
Undri,house,rent,fully-furnished,3,1048,3,27,5,20,20,0,54200
Kothrud,apartment,rent,semi-furnished,4,1710,4,9,3,1,17,1,145200
Viman Nagar,apartment,rent,unfurnished,2,1010,2,3,6,0,2,1,51800
Pashan,apartment,rent,unfurnished,5,2049,5,17,8,4,12,0,183300
Shivajinagar,house,sale,semi-furnished,2,894,2,9,6,16,16,1,12616700
Pashan,house,sale,semi-furnished,2,1234,2,14,6,5,8,0,9992500
Kondhwa,apartment,sale,semi-furnished,2,970,2,18,3,0,2,0,5762500
Pimple Saudagar,apartment,sale,fully-furnished,2,1141,2,7,3,5,6,0,8666700
Hadapsar,apartment,sale,unfurnished,2,970,2,11,4,1,10,0,4551600
Hinjewadi,apartment,rent,semi-furnished,2,838,2,23,3,6,10,1,39000
Balewadi,apartment,sale,semi-furnished,2,758,2,27,6,15,17,0,5359300
Kharadi,commercial,rent,semi-furnished,0,3390,1,17,5,0,1,1,184200
Koregaon Park,apartment,rent,unfurnished,4,1804,4,8,6,9,10,0,177400
Aundh,apartment,sale,unfurnished,1,885,1,25,3,10,10,1,5126800
Aundh,plot,rent,unfurnished,0,4802,1,24,3,0,1,1,135900
Pashan,apartment,rent,unfurnished,3,1261,3,4,7,2,11,0,59200
Kondhwa,apartment,sale,unfurnished,2,873,2,24,1,7,10,0,3942300
Pashan,apartment,rent,fully-furnished,2,1064,2,9,7,0,6,0,44200
Viman Nagar,apartment,sale,unfurnished,2,726,2,2,6,6,13,1,6742400
Wakad,apartment,sale,fully-furnished,3,1111,3,29,4,4,9,1,8566700
Kothrud,apartment,sale,fully-furnished,1,499,1,10,6,1,8,1,5218000
Boat Club Road,apartment,sale,unfurnished,1,809,1,15,9,9,12,0,9880900
Hinjewadi,studio,sale,unfurnished,1,423,1,21,5,5,7,1,2956600
Magarpatta,villa,sale,fully-furnished,2,3415,2,10,4,7,12,0,45806600
Koregaon Park,studio,rent,unfurnished,1,321,1,7,9,8,9,0,29000
Wanowrie,apartment,sale,semi-furnished,2,935,2,21,3,2,8,0,6499800
Camp,plot,sale,fully-furnished,0,1404,1,27,6,0,1,0,10826200
Boat Club Road,apartment,sale,semi-furnished,1,619,1,27,7,4,7,0,5149300
Aundh,commercial,rent,semi-furnished,0,4805,1,5,2,0,1,1,405200
Baner,commercial,rent,unfurnished,0,281,1,17,1,0,1,1,30800
Pashan,house,sale,unfurnished,2,1320,2,16,4,4,6,0,7274200
Wagholi,apartment,sale,fully-furnished,3,1320,3,0,8,8,9,0,9994600
Magarpatta,apartment,sale,fully-furnished,2,1060,2,28,6,12,18,0,10000000
Baner,house,sale,semi-furnished,2,1086,2,26,7,1,2,1,10493500
Kharadi,apartment,sale,fully-furnished,3,1343,3,15,3,2,2,1,11738600
Pashan,studio,rent,semi-furnished,1,558,1,7,3,0,3,0,28100
Wakad,commercial,rent,fully-furnished,0,3934,1,13,5,0,1,1,209100
Koregaon Park,studio,sale,semi-furnished,1,551,1,20,6,2,25,0,6232900
Wakad,apartment,sale,fully-furnished,3,1352,3,14,5,12,12,1,13185100
Kharadi,apartment,rent,unfurnished,2,860,2,0,5,0,9,1,33300
Pimpri,apartment,sale,semi-furnished,4,1808,4,0,1,1,11,0,13638700
Pashan,villa,sale,semi-furnished,2,3060,2,29,5,8,9,0,30920500
Pimple Saudagar,apartment,sale,semi-furnished,2,1115,2,27,2,2,2,0,6918800
Hinjewadi,studio,rent,semi-furnished,1,486,1,31,0,16,25,1,16300
Kothrud,apartment,rent,unfurnished,3,1189,3,3,8,9,19,1,62200
Pimpri,apartment,rent,semi-furnished,3,1330,3,24,4,8,14,0,52300
Balewadi,house,rent,semi-furnished,1,605,1,30,5,4,8,0,25100
Undri,commercial,rent,unfurnished,0,984,1,13,4,0,1,0,31400
Aundh,house,sale,fully-furnished,3,1512,3,15,1,0,16,1,17092200
Kharadi,house,rent,unfurnished,4,1509,4,3,2,9,12,1,98400
Aundh,house,rent,semi-furnished,3,1382,3,10,5,2,7,1,78700
Hinjewadi,studio,sale,unfurnished,1,514,1,28,0,0,7,1,2604500
Viman Nagar,apartment,rent,semi-furnished,2,1052,2,1,6,5,13,1,77100
Magarpatta,apartment,sale,fully-furnished,3,1021,3,21,2,0,7,0,9000500
Kalyani Nagar,apartment,rent,semi-furnished,2,791,2,24,8,0,6,0,56400
Wanowrie,plot,sale,unfurnished,0,4476,1,27,1,0,1,0,11861000
Koregaon Park,commercial,sale,fully-furnished,0,401,1,10,9,0,1,0,8522800
Wakad,apartment,rent,unfurnished,1,604,1,22,7,2,5,1,14400
Baner,commercial,rent,semi-furnished,0,614,1,15,4,0,1,1,112300
Hinjewadi,villa,sale,fully-furnished,2,3147,2,8,6,0,7,1,40517300
Baner,plot,rent,fully-furnished,0,3844,1,27,4,0,1,1,123800
Wanowrie,apartment,rent,fully-furnished,3,1569,3,4,5,12,12,0,76000
Wagholi,studio,sale,semi-furnished,1,605,1,22,1,2,4,0,2849500
Magarpatta,apartment,sale,semi-furnished,3,1467,3,21,5,10,16,0,12962700
Kothrud,studio,sale,semi-furnished,1,445,1,5,4,2,4,1,5045800
Pimple Saudagar,apartment,sale,semi-furnished,2,1215,2,28,2,0,5,0,6110300
Pashan,apartment,rent,semi-furnished,5,1891,5,2,5,8,15,0,189000
Koregaon Park,apartment,sale,semi-furnished,1,888,1,3,10,2,2,0,11558000
Chinchwad,apartment,sale,unfurnished,2,1079,2,13,1,1,2,0,5536300
Pisoli,apartment,rent,semi-furnished,2,1071,2,30,0,7,12,0,25500
Magarpatta,apartment,rent,semi-furnished,2,807,2,25,6,6,11,0,26200
Kalyani Nagar,apartment,sale,unfurnished,2,947,2,29,9,6,8,0,7622900
Undri,commercial,sale,semi-furnished,0,263,1,26,1,0,1,0,1500000
Baner,apartment,rent,semi-furnished,4,1591,4,9,3,2,2,1,123200
Baner,house,sale,semi-furnished,4,1630,4,27,4,2,3,1,16078800
Magarpatta,apartment,sale,unfurnished,3,1173,3,1,4,5,9,0,12266400
Magarpatta,apartment,rent,semi-furnished,4,1284,4,14,7,7,7,0,113200
Viman Nagar,apartment,sale,semi-furnished,2,1311,2,14,5,6,7,1,14727000
Pashan,apartment,sale,fully-furnished,2,1204,2,29,6,6,9,0,8226800
Viman Nagar,commercial,sale,semi-furnished,0,1475,1,19,8,0,1,1,18222700
Baner,house,sale,semi-furnished,1,704,1,20,5,13,16,1,6198800
Pimpri,apartment,rent,semi-furnished,5,1671,5,10,5,6,14,0,127100
Aundh,apartment,rent,fully-furnished,4,1591,4,10,8,5,11,1,177600
Kharadi,studio,rent,unfurnished,1,638,1,25,4,2,2,1,20300
Hadapsar,house,sale,semi-furnished,2,1355,2,30,7,0,7,0,6079300
Boat Club Road,apartment,rent,unfurnished,2,841,2,12,4,6,7,0,53700
Kalyani Nagar,studio,sale,semi-furnished,1,448,1,3,9,2,8,0,7313800
Hadapsar,commercial,sale,unfurnished,0,3257,1,28,2,0,1,0,6418400
Kothrud,apartment,rent,semi-furnished,3,1460,3,31,3,5,14,1,83800
Wakad,apartment,sale,semi-furnished,4,1274,4,17,6,6,6,1,13469600
Baner,house,rent,unfurnished,1,820,1,5,4,2,3,1,27400
Wakad,house,sale,unfurnished,2,630,2,27,7,1,9,1,3928900
Hinjewadi,apartment,sale,unfurnished,2,1379,2,9,6,21,24,1,12622200
Koregaon Park,villa,sale,unfurnished,3,2485,3,2,5,5,5,0,44118900
Kalyani Nagar,studio,rent,fully-furnished,1,463,1,7,6,3,7,0,37600
Hinjewadi,apartment,rent,semi-furnished,2,830,2,21,3,5,8,1,30800
Wakad,commercial,sale,fully-furnished,0,3989,1,30,6,0,1,1,33569800
Pisoli,apartment,sale,semi-furnished,2,768,2,23,0,1,2,0,3525600
Bavdhan,commercial,rent,unfurnished,0,753,1,8,0,0,1,0,34200
Aundh,apartment,rent,unfurnished,2,941,2,23,5,1,3,1,45400
Aundh,house,sale,semi-furnished,2,1052,2,24,5,12,13,1,8774900
Pimple Saudagar,studio,sale,semi-furnished,1,587,1,3,1,0,2,0,4437900
Wakad,apartment,rent,semi-furnished,1,667,1,18,3,1,3,1,22400
Wagholi,apartment,rent,fully-furnished,2,810,2,10,3,3,4,0,22000
Wakad,apartment,rent,semi-furnished,1,608,1,16,9,9,10,1,18200
Kharadi,plot,sale,semi-furnished,0,3866,1,22,3,0,1,1,18322700
Wakad,commercial,rent,semi-furnished,0,3820,1,18,1,0,1,1,249700
Undri,house,rent,unfurnished,4,1673,4,14,5,14,14,0,60700
Undri,apartment,sale,semi-furnished,4,1553,4,9,0,16,19,0,10191000
Viman Nagar,house,sale,unfurnished,4,1853,4,19,9,8,13,1,22467600
Balewadi,house,rent,unfurnished,4,1590,4,10,10,1,6,0,128800
Kothrud,commercial,sale,unfurnished,0,2489,1,7,3,0,1,1,31508100
Baner,villa,rent,fully-furnished,2,3380,2,11,4,10,12,1,617500
Kondhwa,apartment,sale,unfurnished,2,948,2,23,2,4,14,0,4186300
Kalyani Nagar,apartment,sale,unfurnished,1,1091,1,0,4,0,2,0,12020300
Baner,house,sale,semi-furnished,4,1807,4,30,7,3,15,1,19251000
Koregaon Park,apartment,rent,unfurnished,4,1541,4,3,8,0,2,0,181300
Koregaon Park,apartment,rent,fully-furnished,3,1488,3,4,7,3,13,0,131700
Wagholi,apartment,sale,unfurnished,1,589,1,22,0,4,9,0,2064200
Viman Nagar,apartment,sale,fully-furnished,2,736,2,31,7,5,7,1,8180800
Baner,apartment,sale,semi-furnished,2,982,2,31,6,9,15,1,8526100
Kondhwa,commercial,rent,semi-furnished,0,1492,1,9,0,0,1,0,90400
Kalyani Nagar,villa,rent,unfurnished,2,2341,2,18,10,11,11,0,420700
Kondhwa,studio,rent,unfurnished,1,755,1,20,1,2,7,0,19100
Viman Nagar,apartment,sale,unfurnished,2,987,2,29,10,2,2,1,7917100
Shivajinagar,house,sale,semi-furnished,4,2024,4,3,5,4,10,1,30517100
Aundh,apartment,rent,unfurnished,3,1496,3,24,4,9,16,1,81500
Kothrud,apartment,sale,unfurnished,4,1822,4,8,2,4,6,1,20397700
Hadapsar,studio,rent,semi-furnished,1,628,1,20,3,0,4,0,16400
Magarpatta,studio,sale,unfurnished,1,428,1,25,2,1,12,0,2019700
Kalyani Nagar,studio,sale,unfurnished,1,463,1,7,7,8,8,0,6335500
Pashan,apartment,rent,unfurnished,4,1718,4,14,8,2,4,0,105100
Hadapsar,apartment,sale,unfurnished,2,971,2,10,2,8,13,0,5095100
Koregaon Park,apartment,sale,fully-furnished,2,1038,2,26,6,8,9,0,13967800
Hinjewadi,apartment,sale,unfurnished,2,965,2,21,2,3,3,1,5981400
Aundh,house,rent,semi-furnished,4,1251,4,21,2,3,5,1,123100
Pisoli,apartment,rent,semi-furnished,1,817,1,27,2,0,12,0,19700
Kondhwa,house,rent,fully-furnished,2,1206,2,23,3,12,13,0,48500
Undri,house,sale,semi-furnished,3,1145,3,8,1,4,7,0,6570500
Balewadi,apartment,rent,fully-furnished,2,976,2,17,5,6,9,0,51100
Undri,house,sale,unfurnished,2,934,2,14,3,0,7,0,5280900
Aundh,house,sale,unfurnished,4,1627,4,1,4,1,2,1,19501200
Magarpatta,apartment,rent,unfurnished,1,1182,1,20,2,10,15,0,30800
Hinjewadi,studio,rent,semi-furnished,1,431,1,16,4,3,14,1,18800
Wagholi,apartment,sale,unfurnished,3,1254,3,27,5,4,11,0,5829100
Hinjewadi,apartment,sale,semi-furnished,2,1141,2,7,3,7,9,1,8744900
Wagholi,studio,rent,fully-furnished,1,563,1,5,0,8,12,0,12100
Pimple Saudagar,villa,rent,fully-furnished,3,3660,3,7,9,11,12,0,811200
Pimple Saudagar,apartment,rent,semi-furnished,3,1390,3,30,3,3,17,0,57100
Chinchwad,studio,sale,semi-furnished,1,593,1,13,2,1,2,0,3565400
Pimple Saudagar,apartment,sale,semi-furnished,1,652,1,12,4,12,13,0,3902000
Pimpri,apartment,sale,fully-furnished,4,1953,4,8,3,11,13,0,17220400
Baner,house,sale,unfurnished,2,997,2,11,5,5,7,1,7880000
Kondhwa,house,sale,unfurnished,2,1189,2,18,1,0,10,0,5162000
Baner,apartment,rent,semi-furnished,3,1099,3,28,5,0,8,1,75600
Kothrud,studio,rent,fully-furnished,1,513,1,13,3,0,11,1,23300
Wakad,plot,rent,fully-furnished,0,4957,1,14,6,0,1,1,174300
Wanowrie,apartment,rent,semi-furnished,2,995,2,0,6,6,9,0,33800
Aundh,apartment,sale,fully-furnished,3,1446,3,15,8,13,14,1,19161200
Hinjewadi,house,sale,fully-furnished,4,1460,4,18,4,5,8,1,12903100
Kondhwa,house,rent,semi-furnished,4,1579,4,3,5,4,9,0,100600
Shivajinagar,plot,sale,fully-furnished,0,2365,1,15,9,0,1,1,21726500
Balewadi,house,rent,fully-furnished,2,969,2,0,0,9,12,0,47900
Hinjewadi,apartment,sale,semi-furnished,3,1372,3,27,3,3,4,1,10339000
Wagholi,house,rent,semi-furnished,2,984,2,16,3,10,12,0,17100
Pimple Saudagar,apartment,rent,semi-furnished,2,1199,2,23,4,1,18,0,45000
Koregaon Park,studio,sale,unfurnished,1,593,1,30,7,1,15,0,5054400
Wakad,apartment,rent,semi-furnished,1,775,1,22,3,11,14,1,12600
Viman Nagar,apartment,sale,semi-furnished,3,1145,3,5,8,8,12,1,15803300
Undri,apartment,rent,unfurnished,1,475,1,2,3,10,11,0,10600
Hadapsar,house,rent,unfurnished,2,927,2,14,3,4,13,0,26500
Kothrud,apartment,rent,unfurnished,4,1862,4,19,2,4,4,1,142100
Wagholi,apartment,rent,unfurnished,3,1343,3,31,2,6,14,0,46800
Wakad,studio,sale,fully-furnished,1,551,1,8,8,2,7,1,5975200
Hadapsar,apartment,sale,unfurnished,5,1799,5,13,4,5,7,0,12060700
Aundh,house,sale,semi-furnished,3,1222,3,29,4,5,8,1,9289600
Hinjewadi,apartment,rent,fully-furnished,3,1449,3,26,4,0,2,1,82400
Magarpatta,apartment,sale,unfurnished,4,1810,4,26,2,1,8,0,11958100
Magarpatta,apartment,sale,unfurnished,2,1318,2,9,2,6,14,0,10246600
Hadapsar,commercial,sale,fully-furnished,0,5236,1,19,9,0,1,0,47979200
Kothrud,house,sale,semi-furnished,2,958,2,24,4,1,13,1,7653400
Kharadi,apartment,rent,semi-furnished,4,1574,4,17,3,1,2,1,118700
Balewadi,villa,sale,fully-furnished,4,2579,4,29,7,6,8,0,31974400
Kalyani Nagar,studio,rent,unfurnished,1,528,1,1,7,6,17,0,26600
Kondhwa,apartment,sale,unfurnished,2,979,2,13,6,6,12,0,6013900
Chinchwad,studio,rent,unfurnished,1,572,1,16,6,6,8,0,13200
Wakad,apartment,sale,semi-furnished,4,1510,4,30,3,6,17,1,11800100
Balewadi,apartment,sale,fully-furnished,4,1551,4,9,5,0,10,0,16475200
Pashan,commercial,sale,unfurnished,0,5239,1,29,5,0,1,0,44681400
Baner,apartment,rent,unfurnished,3,1392,3,28,5,3,12,1,84600
Hinjewadi,apartment,sale,semi-furnished,5,1847,5,3,0,3,6,1,23140200
Pisoli,commercial,sale,unfurnished,0,4942,1,19,5,0,1,0,31900400
Magarpatta,apartment,sale,fully-furnished,2,1022,2,7,10,2,12,0,9456400
Kothrud,studio,rent,semi-furnished,1,478,1,27,6,8,8,1,32500
Pashan,villa,sale,unfurnished,2,2249,2,29,1,1,2,0,13386200
Balewadi,studio,rent,fully-furnished,1,360,1,30,7,2,11,0,25300
Wakad,house,sale,semi-furnished,2,1052,2,1,6,2,4,1,12609200
Wakad,plot,rent,fully-furnished,0,4697,1,23,3,0,1,1,161600
Pimpri,villa,rent,fully-furnished,2,2529,2,3,3,1,7,0,381600
Kharadi,house,sale,semi-furnished,2,1082,2,20,6,0,2,1,7718500
Magarpatta,commercial,sale,fully-furnished,0,4546,1,21,8,0,1,0,47716000
Hinjewadi,apartment,sale,semi-furnished,2,953,2,29,5,3,8,1,6381400
Wakad,studio,rent,unfurnished,1,466,1,23,5,1,2,1,22700
Kharadi,apartment,sale,fully-furnished,1,547,1,23,4,2,10,1,3608900
Viman Nagar,plot,rent,unfurnished,0,3156,1,12,6,0,1,1,98800
Koregaon Park,house,sale,semi-furnished,3,1230,3,24,7,2,6,0,15077100
Magarpatta,apartment,sale,semi-furnished,3,998,3,18,5,6,8,0,8435100
Chinchwad,apartment,rent,unfurnished,1,566,1,20,1,9,10,0,8400
Pimple Saudagar,apartment,rent,fully-furnished,1,837,1,13,2,6,12,0,19300
Hadapsar,apartment,rent,unfurnished,1,418,1,15,4,10,10,0,11100
Hinjewadi,plot,sale,semi-furnished,0,2775,1,10,1,0,1,1,16905800
Koregaon Park,apartment,sale,unfurnished,3,1038,3,13,10,5,7,0,17174000
Viman Nagar,apartment,rent,semi-furnished,2,829,2,16,6,14,14,1,38500
Undri,house,sale,semi-furnished,2,1018,2,11,3,6,6,0,5227900
Hadapsar,apartment,sale,semi-furnished,2,1311,2,29,3,1,15,0,6325800
Hadapsar,apartment,sale,fully-furnished,4,1525,4,27,0,11,12,0,11106400
Wagholi,studio,sale,semi-furnished,1,637,1,8,6,10,11,0,4198900
Wanowrie,apartment,sale,semi-furnished,3,980,3,6,2,4,10,0,8414400
Koregaon Park,villa,rent,semi-furnished,1,3988,1,25,4,10,11,0,1220900
Wanowrie,apartment,rent,semi-furnished,3,1365,3,6,2,2,7,0,54800
Wagholi,plot,sale,semi-furnished,0,3191,1,19,0,0,1,0,11309200
Pisoli,studio,sale,unfurnished,1,582,1,21,4,3,14,0,2623200
Chinchwad,house,rent,unfurnished,1,704,1,23,1,4,8,0,12100
Viman Nagar,house,rent,unfurnished,2,900,2,18,9,2,4,1,56200
Kothrud,commercial,sale,semi-furnished,0,4265,1,30,5,0,1,1,39900300
Baner,commercial,rent,unfurnished,0,3540,1,6,5,0,1,1,461800
Baner,apartment,sale,semi-furnished,3,1384,3,15,3,1,8,1,11162300
Viman Nagar,apartment,rent,semi-furnished,2,851,2,11,8,11,11,1,47300
Undri,apartment,rent,semi-furnished,2,1297,2,24,5,2,8,0,29700
Magarpatta,villa,sale,semi-furnished,2,2984,2,21,7,1,3,0,29003300
Kharadi,villa,sale,semi-furnished,4,2513,4,31,4,7,15,1,18785700
Pimple Saudagar,villa,rent,fully-furnished,2,3453,2,23,3,9,13,0,479300
Kothrud,plot,rent,semi-furnished,0,4928,1,31,9,0,1,1,218000
Pimpri,apartment,rent,semi-furnished,5,1743,5,10,3,3,8,0,131000
Magarpatta,apartment,rent,unfurnished,3,1080,3,14,2,5,17,0,44500
Kothrud,plot,rent,fully-furnished,0,2023,1,22,2,0,1,1,87000
Kondhwa,apartment,sale,unfurnished,5,1741,5,10,0,5,11,0,12322500
Pimpri,plot,rent,semi-furnished,0,4411,1,17,4,0,1,0,118300
Kharadi,apartment,rent,unfurnished,2,1038,2,23,6,2,9,1,38300
Kharadi,commercial,rent,fully-furnished,0,3835,1,6,4,0,1,1,241200
Wakad,apartment,sale,semi-furnished,3,1303,3,11,7,14,18,1,11867600
Viman Nagar,apartment,sale,semi-furnished,5,2269,5,22,5,1,11,1,29531100
Viman Nagar,house,sale,semi-furnished,2,1179,2,31,5,9,10,1,12345500
Baner,plot,sale,fully-furnished,0,3124,1,19,6,0,1,1,25911300
Hinjewadi,apartment,rent,fully-furnished,2,1210,2,17,0,0,2,1,40300
Wakad,apartment,rent,semi-furnished,1,406,1,28,6,2,2,1,17700
Balewadi,apartment,sale,unfurnished,3,1329,3,10,5,21,21,0,11948500
Baner,apartment,sale,fully-furnished,4,1510,4,8,5,1,5,1,23212700
Hinjewadi,apartment,sale,unfurnished,1,624,1,7,4,2,9,1,4799700
Kothrud,studio,rent,unfurnished,1,555,1,22,4,12,13,1,22800
Koregaon Park,studio,rent,unfurnished,1,300,1,25,6,5,11,0,28300
Koregaon Park,apartment,sale,semi-furnished,2,1162,2,9,4,3,15,0,14793100
Chinchwad,commercial,sale,semi-furnished,0,1642,1,21,5,0,1,0,8775700
Balewadi,villa,rent,unfurnished,1,1838,1,19,7,3,12,0,201300
Koregaon Park,apartment,sale,unfurnished,3,1370,3,31,5,5,5,0,15767500
Kharadi,house,rent,fully-furnished,2,1162,2,22,8,5,9,1,55400
Balewadi,apartment,sale,fully-furnished,4,1526,4,13,4,3,12,0,15108600
Hinjewadi,apartment,rent,fully-furnished,4,1751,4,9,1,3,14,1,137000
Viman Nagar,house,rent,fully-furnished,2,1061,2,3,8,0,7,1,92400
Wakad,apartment,sale,fully-furnished,2,1130,2,10,2,0,5,1,10547600
Viman Nagar,apartment,sale,semi-furnished,2,1045,2,24,8,1,14,1,10021400
Baner,studio,rent,fully-furnished,1,513,1,28,2,8,8,1,28200
Bavdhan,apartment,sale,semi-furnished,2,974,2,8,3,11,11,0,6041100
Hinjewadi,apartment,rent,fully-furnished,2,1111,2,3,2,8,11,1,45600
Wanowrie,commercial,rent,fully-furnished,0,4968,1,19,3,0,1,0,300900
Koregaon Park,apartment,rent,fully-furnished,3,1463,3,16,10,7,8,0,157600
Baner,apartment,rent,fully-furnished,3,1159,3,14,6,10,14,1,79900
Hinjewadi,apartment,sale,unfurnished,5,1923,5,2,4,3,4,1,21711200
Shivajinagar,house,sale,fully-furnished,3,1135,3,0,7,0,2,1,13010400
Wagholi,plot,rent,semi-furnished,0,4985,1,18,3,0,1,0,91300
Koregaon Park,commercial,sale,unfurnished,0,1630,1,10,5,0,1,0,15326000
Kharadi,studio,rent,unfurnished,1,377,1,13,2,14,16,1,16300
Bavdhan,plot,sale,semi-furnished,0,1490,1,16,3,0,1,0,8925500
Undri,villa,rent,unfurnished,2,2837,2,8,2,2,2,0,351300
Kothrud,apartment,rent,unfurnished,3,1551,3,29,4,4,7,1,93800
Shivajinagar,apartment,rent,unfurnished,3,1123,3,25,5,10,11,1,76400
Wagholi,apartment,sale,unfurnished,2,1218,2,4,0,3,3,0,6021100
Koregaon Park,commercial,sale,fully-furnished,0,3297,1,14,7,0,1,0,28615100
Baner,apartment,rent,semi-furnished,3,1242,3,30,6,5,17,1,72800
Balewadi,house,sale,fully-furnished,2,1162,2,3,5,9,18,0,12285700
Magarpatta,apartment,rent,semi-furnished,4,1681,4,9,6,8,14,0,141200
Chinchwad,commercial,sale,semi-furnished,0,908,1,22,1,0,1,0,5998200
Aundh,apartment,rent,semi-furnished,2,779,2,23,3,2,7,1,33600
Kothrud,apartment,sale,semi-furnished,2,1128,2,17,1,2,9,1,7677700
Pimple Saudagar,apartment,rent,semi-furnished,2,1058,2,7,0,5,8,0,31100
Undri,apartment,sale,fully-furnished,2,938,2,31,1,10,12,0,5452200
Kalyani Nagar,commercial,sale,fully-furnished,0,2429,1,8,6,0,1,0,44668300
Viman Nagar,villa,sale,semi-furnished,3,4265,3,27,10,7,15,1,58907900
Baner,apartment,rent,semi-furnished,2,812,2,0,4,0,5,1,38800
Pimple Saudagar,apartment,sale,unfurnished,1,280,1,16,2,0,10,0,1500000
Baner,villa,sale,unfurnished,2,2907,2,20,1,5,11,1,23549200
Hadapsar,apartment,rent,fully-furnished,2,832,2,28,1,1,12,0,35500
Magarpatta,apartment,sale,fully-furnished,4,1709,4,9,1,12,15,0,18911900
Bavdhan,apartment,rent,semi-furnished,4,1837,4,31,2,3,14,0,123100
Shivajinagar,apartment,sale,unfurnished,1,513,1,25,8,1,2,1,4577000
Kalyani Nagar,apartment,sale,semi-furnished,1,496,1,23,5,1,4,0,5225400
Kothrud,plot,rent,fully-furnished,0,4003,1,15,6,0,1,1,204300
Koregaon Park,apartment,sale,unfurnished,4,1334,4,6,6,1,5,0,18894700
Pisoli,house,sale,fully-furnished,1,807,1,14,3,4,9,0,3876200
Hinjewadi,apartment,sale,unfurnished,4,1743,4,19,0,9,12,1,11571300
Pimpri,apartment,sale,unfurnished,3,1202,3,20,4,1,3,0,4692200
Kharadi,house,sale,unfurnished,2,935,2,17,4,2,2,1,6925100
Viman Nagar,apartment,sale,unfurnished,1,757,1,3,5,2,2,1,7926400
Bavdhan,apartment,sale,fully-furnished,2,1129,2,14,4,3,12,0,10320100
Magarpatta,apartment,sale,semi-furnished,2,1107,2,10,5,1,12,0,8412500
Wakad,apartment,sale,semi-furnished,4,1704,4,23,5,4,13,1,14695500
Undri,studio,sale,semi-furnished,1,347,1,29,6,0,5,0,1500000
Undri,apartment,sale,unfurnished,4,1445,4,27,0,14,18,0,7007800
Wakad,studio,sale,semi-furnished,1,447,1,20,4,5,9,1,3537600
Baner,plot,rent,fully-furnished,0,1921,1,2,6,0,1,1,89200
Pimple Saudagar,studio,sale,unfurnished,1,451,1,0,1,1,2,0,2496000
Wagholi,studio,sale,unfurnished,1,659,1,24,5,5,12,0,2028100
Hinjewadi,plot,sale,fully-furnished,0,2178,1,22,3,0,1,1,10802100
Wanowrie,commercial,rent,unfurnished,0,2923,1,12,4,0,1,0,155400
Wakad,apartment,sale,semi-furnished,3,1471,3,27,6,4,8,1,11722200
Hadapsar,apartment,rent,fully-furnished,3,1061,3,12,0,1,9,0,44800
Wakad,apartment,rent,semi-furnished,3,1251,3,27,6,7,8,1,79500
Kharadi,apartment,rent,semi-furnished,2,799,2,17,6,3,3,1,44100
Baner,commercial,rent,fully-furnished,0,5128,1,16,5,0,1,1,571700
Pimpri,house,sale,fully-furnished,1,329,1,11,5,12,13,0,2408700
Shivajinagar,apartment,rent,semi-furnished,2,971,2,9,8,10,10,1,60500
Koregaon Park,apartment,sale,semi-furnished,4,1550,4,17,10,0,6,0,21472600
Viman Nagar,apartment,rent,unfurnished,2,712,2,31,9,4,4,1,48300
Kothrud,house,rent,unfurnished,2,719,2,9,10,7,15,1,36300
Aundh,villa,sale,fully-furnished,4,2379,4,19,6,1,10,1,28951800
Koregaon Park,villa,rent,semi-furnished,2,2406,2,12,8,7,8,0,433400
Aundh,plot,rent,unfurnished,0,935,1,15,4,0,1,1,31400
Camp,plot,sale,fully-furnished,0,4934,1,4,7,0,1,0,54177900
Pashan,apartment,sale,semi-furnished,4,1274,4,19,4,3,6,0,11112600
Kothrud,apartment,rent,unfurnished,1,717,1,16,4,1,2,1,14000
Hinjewadi,apartment,sale,fully-furnished,2,1157,2,31,2,11,12,1,6743800
Wakad,studio,rent,semi-furnished,1,460,1,26,3,3,5,1,12800
Hinjewadi,apartment,sale,semi-furnished,4,1209,4,3,6,1,9,1,13920700
Bavdhan,apartment,sale,unfurnished,3,1533,3,16,1,12,14,0,11141700
Viman Nagar,apartment,sale,semi-furnished,3,1311,3,1,1,7,8,1,17943100
Pimple Saudagar,apartment,rent,unfurnished,2,926,2,22,1,7,16,0,36100
Koregaon Park,apartment,rent,semi-furnished,5,1821,5,23,5,6,8,0,309300
Hinjewadi,apartment,rent,semi-furnished,2,1166,2,21,1,6,10,1,38100
Kharadi,apartment,rent,fully-furnished,4,1950,4,6,7,3,11,1,178600
Hadapsar,apartment,rent,unfurnished,1,646,1,19,3,3,6,0,13900
Kharadi,apartment,rent,unfurnished,3,1247,3,16,0,0,2,1,57400
Wanowrie,apartment,sale,fully-furnished,2,867,2,9,3,8,14,0,6474900
Wanowrie,villa,sale,semi-furnished,4,3643,4,13,4,3,3,0,26717200
Kharadi,apartment,sale,unfurnished,3,1452,3,23,4,12,12,1,12142000
Aundh,studio,sale,unfurnished,1,513,1,16,7,3,7,1,4332000
Aundh,commercial,sale,unfurnished,0,4277,1,5,2,0,1,1,25683100
Undri,apartment,rent,semi-furnished,2,883,2,31,2,8,12,0,21400
Kothrud,villa,rent,unfurnished,2,2783,2,25,0,6,9,1,464000
Hinjewadi,house,rent,unfurnished,2,1055,2,18,1,2,7,1,29100
Hinjewadi,house,sale,fully-furnished,2,1071,2,28,2,6,12,1,7083300
Hinjewadi,commercial,sale,semi-furnished,0,5038,1,25,3,0,1,1,21903700
Balewadi,commercial,rent,semi-furnished,0,5993,1,0,8,0,1,0,480900
Chinchwad,apartment,rent,fully-furnished,1,708,1,8,0,8,11,0,21200
Kharadi,apartment,rent,fully-furnished,2,1308,2,7,3,6,12,1,51200
Undri,apartment,rent,semi-furnished,1,496,1,21,2,5,12,0,5000
Viman Nagar,studio,rent,unfurnished,1,300,1,28,6,5,11,1,21600
Hadapsar,apartment,rent,semi-furnished,1,596,1,27,4,2,18,0,7000
Magarpatta,apartment,sale,semi-furnished,3,1019,3,4,5,1,19,0,7590100
Hinjewadi,house,sale,semi-furnished,2,828,2,12,4,7,11,1,7302200
Bavdhan,apartment,rent,unfurnished,2,1239,2,18,2,2,9,0,26900
Koregaon Park,apartment,sale,fully-furnished,4,1806,4,19,6,1,2,0,25419300
Hinjewadi,house,rent,unfurnished,3,1314,3,6,1,3,6,1,61300
Wakad,apartment,sale,fully-furnished,2,926,2,13,7,6,8,1,9991400
Pimple Saudagar,house,sale,unfurnished,2,678,2,1,3,2,4,0,5224600
Pimpri,villa,sale,fully-furnished,1,2336,1,8,0,1,6,0,18442700
Wakad,apartment,sale,unfurnished,2,1205,2,29,1,1,3,1,7569600
Balewadi,studio,sale,semi-furnished,1,734,1,10,2,4,11,0,5772600
Wanowrie,apartment,sale,unfurnished,1,620,1,15,1,7,9,0,2850300
Wagholi,apartment,sale,unfurnished,4,1532,4,12,0,3,6,0,8387600
Balewadi,apartment,sale,fully-furnished,1,869,1,10,4,1,10,0,8678100
Pimple Saudagar,house,sale,fully-furnished,2,1074,2,11,1,1,2,0,8272700
Baner,studio,rent,semi-furnished,1,643,1,17,4,1,2,1,26600
Kharadi,house,sale,semi-furnished,3,1278,3,17,7,9,14,1,13182400
Kharadi,commercial,sale,semi-furnished,0,1662,1,17,7,0,1,1,12825800
Kondhwa,apartment,sale,fully-furnished,2,933,2,10,2,6,14,0,5989800
Pashan,commercial,sale,unfurnished,0,2189,1,18,6,0,1,0,21196500
Koregaon Park,apartment,sale,semi-furnished,4,1651,4,6,6,1,16,0,25463500
Wakad,apartment,sale,unfurnished,3,1575,3,2,5,4,19,1,14765200
Hadapsar,apartment,sale,unfurnished,2,979,2,21,0,1,7,0,4756800
Aundh,villa,rent,unfurnished,3,2034,3,4,8,4,10,1,386100
Camp,commercial,sale,semi-furnished,0,3184,1,22,1,0,1,0,33733100
Kondhwa,apartment,rent,fully-furnished,2,944,2,8,3,11,16,0,42500
Hinjewadi,plot,sale,unfurnished,0,2990,1,31,1,0,1,1,10835600
Kothrud,villa,sale,semi-furnished,2,2159,2,0,5,9,14,1,30113500
Pimpri,commercial,sale,semi-furnished,0,2593,1,22,1,0,1,0,18938600
Baner,apartment,sale,unfurnished,2,629,2,15,2,2,15,1,5281300
Kalyani Nagar,house,sale,fully-furnished,3,1606,3,18,5,7,8,0,16805000
Wakad,apartment,sale,unfurnished,1,966,1,29,0,0,2,1,5505000
Koregaon Park,studio,rent,unfurnished,1,762,1,13,6,3,6,0,26200
Hinjewadi,apartment,rent,semi-furnished,3,1158,3,17,0,2,14,1,43800
Magarpatta,villa,sale,semi-furnished,2,3567,2,19,5,3,6,0,31263900
Baner,studio,rent,fully-furnished,1,485,1,3,3,4,9,1,23600
Hinjewadi,apartment,rent,unfurnished,5,1916,5,1,2,4,8,1,157800
Chinchwad,apartment,sale,semi-furnished,3,1091,3,2,2,4,19,0,7573500
Hinjewadi,villa,rent,unfurnished,4,2123,4,24,4,4,7,1,189600
Wagholi,studio,sale,fully-furnished,1,566,1,2,6,0,3,0,4153200
Kondhwa,apartment,rent,unfurnished,3,1652,3,5,2,4,10,0,49000
Wakad,plot,rent,semi-furnished,0,2212,1,12,4,0,1,1,54200
Bavdhan,commercial,sale,semi-furnished,0,3784,1,29,1,0,1,0,21219200
Kharadi,commercial,sale,unfurnished,0,3750,1,19,5,0,1,1,23617600
Hinjewadi,villa,rent,unfurnished,2,2869,2,26,0,10,14,1,507800
Kharadi,apartment,sale,unfurnished,1,549,1,10,6,2,5,1,4009600
Hinjewadi,apartment,sale,semi-furnished,4,1686,4,3,1,1,2,1,14900600
Aundh,apartment,sale,semi-furnished,2,1046,2,5,5,11,16,1,11313800
Hinjewadi,villa,rent,fully-furnished,2,2651,2,12,6,6,17,1,492700
Viman Nagar,studio,rent,semi-furnished,1,524,1,1,5,4,6,1,26200
Hinjewadi,apartment,rent,fully-furnished,1,778,1,28,7,2,12,1,31700
Kharadi,villa,sale,fully-furnished,1,2759,1,31,8,4,6,1,31440900
Magarpatta,apartment,rent,fully-furnished,2,1236,2,17,1,0,16,0,60200
Wanowrie,apartment,rent,semi-furnished,3,1042,3,30,1,2,19,0,49200
Kothrud,studio,rent,unfurnished,1,505,1,23,1,6,6,1,17800
Koregaon Park,apartment,rent,fully-furnished,2,797,2,2,7,7,9,0,54000
Wakad,apartment,rent,semi-furnished,5,1742,5,11,6,0,2,1,186700
Kalyani Nagar,apartment,sale,fully-furnished,2,932,2,15,8,6,11,0,12013600
Baner,apartment,rent,semi-furnished,4,1652,4,2,5,7,13,1,136300
Hinjewadi,apartment,rent,fully-furnished,2,834,2,1,2,3,6,1,30200
Balewadi,house,sale,semi-furnished,5,2126,5,17,6,3,12,0,25353300
Wakad,studio,sale,semi-furnished,1,485,1,20,0,8,9,1,3106200
Baner,house,sale,unfurnished,2,937,2,6,5,3,11,1,9433200
Baner,apartment,rent,unfurnished,2,860,2,4,2,14,19,1,51900
Kothrud,studio,rent,fully-furnished,1,536,1,24,4,2,8,1,23800
Wakad,studio,sale,unfurnished,1,634,1,24,1,0,9,1,4107500
Wakad,studio,rent,unfurnished,1,596,1,21,4,6,8,1,25100
Undri,house,rent,semi-furnished,1,280,1,31,4,6,18,0,11900
Hinjewadi,villa,sale,unfurnished,2,3279,2,27,4,3,4,1,22522100
Pimpri,commercial,rent,unfurnished,0,2861,1,24,6,0,1,0,187100
Hadapsar,apartment,rent,unfurnished,1,703,1,21,4,1,15,0,18100
Hadapsar,apartment,rent,semi-furnished,3,1113,3,7,1,5,9,0,48500
Pashan,studio,rent,unfurnished,1,653,1,16,4,5,11,0,18300
Magarpatta,villa,sale,unfurnished,3,3193,3,13,4,4,12,0,30924300
Kharadi,apartment,sale,unfurnished,3,1696,3,21,1,13,14,1,11930800
Kothrud,apartment,rent,unfurnished,3,1214,3,16,4,4,13,1,51200
Balewadi,commercial,sale,unfurnished,0,688,1,29,3,0,1,0,5220200
Undri,apartment,sale,fully-furnished,2,917,2,1,2,2,13,0,6071300
Aundh,house,rent,unfurnished,2,1132,2,7,6,2,2,1,48300
Baner,studio,sale,semi-furnished,1,381,1,15,4,0,7,1,3907000
Hadapsar,apartment,rent,unfurnished,2,1003,2,12,1,7,12,0,13000
Baner,villa,sale,unfurnished,3,1561,3,18,5,7,8,1,17288800
Kalyani Nagar,commercial,sale,semi-furnished,0,4165,1,21,4,0,1,0,58310700
Hinjewadi,apartment,rent,unfurnished,3,1170,3,18,6,7,10,1,75600
Undri,villa,sale,fully-furnished,2,3438,2,13,0,2,17,0,12676200
Chinchwad,villa,rent,unfurnished,1,3510,1,4,3,0,10,0,290600
Pimple Saudagar,apartment,rent,semi-furnished,2,720,2,13,3,6,14,0,21800
Shivajinagar,villa,rent,fully-furnished,2,3237,2,16,5,3,10,1,824100
Viman Nagar,plot,rent,semi-furnished,0,2310,1,25,5,0,1,1,101200
Shivajinagar,apartment,rent,semi-furnished,2,1238,2,3,5,3,3,1,62900
Kondhwa,apartment,rent,unfurnished,2,764,2,26,4,2,9,0,24300
Kothrud,plot,sale,semi-furnished,0,2493,1,16,10,0,1,1,16492400
Hinjewadi,apartment,rent,fully-furnished,2,803,2,19,4,6,13,1,46200
Kharadi,apartment,sale,semi-furnished,2,1121,2,11,3,8,9,1,11152200
Chinchwad,commercial,sale,fully-furnished,0,5247,1,6,0,0,1,0,21562800
Balewadi,apartment,sale,semi-furnished,1,716,1,7,4,0,14,0,5524300
Koregaon Park,apartment,rent,unfurnished,2,801,2,8,6,4,9,0,50000
Baner,apartment,rent,unfurnished,2,825,2,3,7,2,10,1,29800
Kharadi,apartment,sale,fully-furnished,3,1285,3,2,8,4,4,1,14999500
Magarpatta,apartment,sale,fully-furnished,2,1038,2,5,3,3,7,0,10549000
Baner,apartment,sale,semi-furnished,3,1456,3,7,8,2,17,1,14242300
Baner,villa,sale,unfurnished,1,2868,1,14,1,3,11,1,34463200
Hinjewadi,apartment,rent,unfurnished,3,1320,3,9,3,7,8,1,58100
Wakad,apartment,sale,unfurnished,3,1444,3,15,2,4,9,1,11276100
Pimple Saudagar,apartment,rent,semi-furnished,2,865,2,17,2,2,3,0,25300
Koregaon Park,commercial,sale,semi-furnished,0,1076,1,29,6,0,1,0,11864300
Pashan,apartment,sale,unfurnished,1,569,1,14,2,9,13,0,3390900
Aundh,villa,rent,unfurnished,2,2950,2,20,5,3,17,1,473900
Pisoli,commercial,sale,fully-furnished,0,2687,1,18,0,0,1,0,11676000
Pisoli,apartment,rent,semi-furnished,2,1033,2,23,4,5,12,0,24700
Bavdhan,house,sale,fully-furnished,3,1154,3,19,3,0,12,0,9166500
Kothrud,apartment,rent,fully-furnished,1,456,1,9,0,5,13,1,25200
Hinjewadi,apartment,rent,fully-furnished,4,1333,4,23,2,4,7,1,108000
Pashan,villa,sale,fully-furnished,4,2947,4,13,4,13,13,0,29340900
Hadapsar,plot,rent,fully-furnished,0,3591,1,15,5,0,1,0,115900
Hinjewadi,studio,sale,unfurnished,1,597,1,26,4,1,2,1,3229000
Undri,apartment,rent,semi-furnished,1,627,1,11,0,1,8,0,8000
Baner,apartment,rent,semi-furnished,3,1268,3,9,6,8,19,1,69600
Pisoli,plot,rent,semi-furnished,0,4658,1,11,0,0,1,0,77700
Chinchwad,plot,rent,unfurnished,0,3050,1,28,3,0,1,0,74400
Kalyani Nagar,apartment,sale,semi-furnished,3,1282,3,2,5,10,11,0,15760800
Wakad,commercial,sale,semi-furnished,0,3134,1,9,2,0,1,1,32704700
Undri,apartment,sale,semi-furnished,4,1586,4,31,3,8,18,0,8340500
Viman Nagar,apartment,rent,fully-furnished,2,1133,2,9,7,7,11,1,70700
Wagholi,apartment,sale,unfurnished,2,1142,2,5,1,0,5,0,5451000
Boat Club Road,house,rent,semi-furnished,1,668,1,8,10,0,11,0,24800
Wakad,studio,sale,unfurnished,1,759,1,25,4,0,2,1,3009000
Koregaon Park,villa,sale,semi-furnished,4,4032,4,18,6,10,17,0,72970400
Viman Nagar,commercial,rent,semi-furnished,0,4579,1,15,10,0,1,1,411600
Shivajinagar,apartment,rent,unfurnished,5,2058,5,3,7,6,6,1,270700
Pisoli,commercial,sale,unfurnished,0,2806,1,14,5,0,1,0,13914400
Kondhwa,apartment,rent,semi-furnished,3,1349,3,1,7,4,10,0,67700
Pimple Saudagar,studio,sale,unfurnished,1,479,1,31,0,0,3,0,2046000
Hinjewadi,apartment,rent,unfurnished,2,1203,2,0,1,8,14,1,35400
Viman Nagar,apartment,rent,fully-furnished,5,1906,5,2,9,2,3,1,351200
Kothrud,studio,rent,unfurnished,1,559,1,19,4,12,17,1,14700
Baner,apartment,sale,fully-furnished,3,1444,3,21,4,0,7,1,11802100
Bavdhan,studio,sale,unfurnished,1,476,1,3,1,1,11,0,3059800
Pimpri,studio,rent,semi-furnished,1,331,1,19,3,6,6,0,17100
Wanowrie,plot,rent,fully-furnished,0,4865,1,3,2,0,1,0,138400
Koregaon Park,apartment,rent,fully-furnished,4,1666,4,24,8,11,11,0,224800
Pimple Saudagar,apartment,sale,semi-furnished,4,1385,4,21,4,13,14,0,10646200
Kothrud,plot,sale,semi-furnished,0,1395,1,7,6,0,1,1,13127400
Balewadi,villa,rent,semi-furnished,3,2363,3,2,6,11,11,0,495100
Kondhwa,villa,sale,unfurnished,2,3153,2,10,4,2,16,0,16267900
Chinchwad,plot,rent,fully-furnished,0,3727,1,31,3,0,1,0,90400
Kothrud,villa,rent,unfurnished,1,2300,1,21,3,2,4,1,453500
Undri,apartment,sale,fully-furnished,2,1025,2,5,2,6,13,0,6398900
Aundh,apartment,rent,semi-furnished,2,735,2,21,5,12,14,1,25600
Baner,house,sale,semi-furnished,1,927,1,22,5,6,10,1,7380900
Undri,studio,sale,semi-furnished,1,373,1,2,3,8,13,0,2668600
Magarpatta,house,sale,unfurnished,3,1665,3,23,2,8,8,0,9618400
Pashan,villa,sale,semi-furnished,3,3737,3,10,6,13,13,0,40534000
Kharadi,house,rent,semi-furnished,2,1107,2,25,1,4,9,1,36300
Bavdhan,plot,rent,fully-furnished,0,2656,1,3,1,0,1,0,86700
Kothrud,commercial,sale,unfurnished,0,2401,1,20,4,0,1,1,29478900
Kothrud,house,rent,fully-furnished,3,1399,3,28,5,4,14,1,95400
Hadapsar,apartment,rent,unfurnished,2,1356,2,20,2,8,12,0,33000
Undri,house,sale,fully-furnished,4,1520,4,22,3,0,4,0,8090700
Wakad,commercial,rent,fully-furnished,0,1395,1,2,5,0,1,1,54200
Chinchwad,apartment,sale,unfurnished,3,876,3,27,3,21,22,0,3792700
Baner,studio,sale,unfurnished,1,608,1,16,2,4,7,1,4456300
Aundh,apartment,rent,semi-furnished,3,1234,3,18,2,3,7,1,73300
Koregaon Park,commercial,sale,fully-furnished,0,4150,1,21,9,0,1,0,75402700
Hinjewadi,studio,sale,semi-furnished,1,598,1,18,3,8,18,1,4530400
Undri,apartment,sale,unfurnished,2,755,2,17,5,6,11,0,4062900
Bavdhan,villa,sale,semi-furnished,3,3465,3,13,5,2,2,0,30659300
Kothrud,studio,sale,semi-furnished,1,632,1,22,6,0,14,1,5945400
Kothrud,villa,sale,unfurnished,2,3130,2,31,4,10,10,1,23219600
Bavdhan,apartment,sale,semi-furnished,2,1259,2,3,1,18,19,0,8786800
Pisoli,apartment,rent,fully-furnished,2,1022,2,31,6,12,12,0,36200
Kalyani Nagar,studio,rent,semi-furnished,1,526,1,26,8,3,10,0,30800
Koregaon Park,apartment,rent,unfurnished,1,362,1,17,9,2,5,0,27900
Pimple Saudagar,apartment,rent,fully-furnished,3,1233,3,0,0,12,12,0,61600
Kharadi,studio,rent,semi-furnished,1,484,1,0,7,4,5,1,22900
Pashan,apartment,rent,semi-furnished,3,1321,3,4,2,5,7,0,76500
Koregaon Park,apartment,sale,unfurnished,2,987,2,28,7,1,3,0,10247800
Kothrud,apartment,sale,semi-furnished,4,1514,4,22,9,0,2,1,15709200
Wanowrie,apartment,rent,semi-furnished,2,1323,2,11,1,5,6,0,27400
Hadapsar,house,sale,unfurnished,3,1453,3,7,2,1,2,0,8842000
Wanowrie,studio,sale,fully-furnished,1,549,1,30,7,2,12,0,4758900
Undri,apartment,rent,semi-furnished,2,1029,2,4,3,1,2,0,37800
Kondhwa,apartment,rent,unfurnished,2,958,2,11,0,2,6,0,22600
Hinjewadi,commercial,sale,unfurnished,0,3917,1,3,2,0,1,1,27552700
Magarpatta,apartment,sale,unfurnished,2,1170,2,24,6,2,2,0,8721500
Kharadi,apartment,sale,semi-furnished,3,1375,3,21,3,5,11,1,10690400
Pimpri,apartment,sale,fully-furnished,2,1022,2,19,3,5,8,0,5108300
Baner,apartment,rent,semi-furnished,1,573,1,0,0,9,9,1,15600
Pisoli,villa,sale,semi-furnished,4,1200,4,13,7,5,8,0,7217500
Magarpatta,apartment,sale,fully-furnished,3,1701,3,20,5,3,19,0,14133700
Hadapsar,commercial,sale,semi-furnished,0,5383,1,11,2,0,1,0,17807900
Hinjewadi,villa,sale,unfurnished,1,2770,1,6,0,0,2,1,29010900
Kondhwa,apartment,rent,semi-furnished,3,1268,3,0,4,8,15,0,39200
Hinjewadi,plot,sale,semi-furnished,0,1769,1,31,4,0,1,1,8133200
Wagholi,apartment,rent,fully-furnished,2,977,2,26,2,2,21,0,28700
Wagholi,villa,rent,fully-furnished,2,3210,2,2,2,8,10,0,497400
Kharadi,house,rent,unfurnished,1,631,1,24,3,9,19,1,6400
Baner,villa,rent,unfurnished,4,2676,4,18,0,5,7,1,458000
Kalyani Nagar,apartment,sale,fully-furnished,3,1211,3,3,7,18,23,0,21827400
Pimple Saudagar,apartment,sale,unfurnished,2,775,2,1,4,4,16,0,4722900
Hinjewadi,apartment,rent,semi-furnished,3,1644,3,28,4,13,16,1,99300
Hinjewadi,apartment,sale,semi-furnished,4,1452,4,21,2,5,14,1,12036400
Hinjewadi,apartment,rent,semi-furnished,4,1465,4,8,4,4,15,1,121100
Kalyani Nagar,apartment,sale,unfurnished,2,1210,2,2,5,4,11,0,15109400
Baner,house,rent,fully-furnished,2,1259,2,4,3,1,11,1,74500
Shivajinagar,apartment,rent,unfurnished,3,1129,3,0,6,13,15,1,80200
Pimple Saudagar,commercial,rent,fully-furnished,0,5891,1,6,6,0,1,0,657100
Wakad,commercial,sale,fully-furnished,0,920,1,6,5,0,1,1,15469300
Pimple Saudagar,house,rent,semi-furnished,2,952,2,18,3,0,19,0,25800
Magarpatta,house,sale,unfurnished,4,1462,4,23,6,16,17,0,11130800
Balewadi,apartment,rent,semi-furnished,1,739,1,17,2,4,6,0,19100
Wakad,apartment,rent,semi-furnished,3,1370,3,1,5,13,15,1,85900
Hinjewadi,apartment,rent,semi-furnished,2,849,2,16,4,4,16,1,29400
Kondhwa,house,rent,unfurnished,2,818,2,19,4,0,9,0,27400
Baner,apartment,rent,unfurnished,3,1325,3,9,3,10,13,1,63200
Kothrud,apartment,rent,fully-furnished,4,1526,4,13,4,3,11,1,159100
Baner,house,sale,semi-furnished,3,1607,3,21,3,10,10,1,15053900
Magarpatta,apartment,rent,semi-furnished,4,1543,4,11,4,1,14,0,127200
Baner,apartment,rent,semi-furnished,4,1447,4,16,2,14,19,1,131700
Hinjewadi,plot,sale,unfurnished,0,894,1,5,2,0,1,1,6173500
Wagholi,house,sale,unfurnished,3,1333,3,11,3,8,9,0,7727100
Aundh,studio,rent,unfurnished,1,708,1,14,1,3,8,1,27000
Camp,studio,rent,unfurnished,1,440,1,13,5,6,9,0,16700
Pimpri,apartment,sale,semi-furnished,4,1503,4,23,2,2,4,0,7123300
Undri,commercial,sale,fully-furnished,0,644,1,7,3,0,1,0,6860100
Baner,plot,sale,unfurnished,0,4919,1,28,5,0,1,1,30269900
Kalyani Nagar,house,rent,semi-furnished,2,1060,2,4,7,10,13,0,71700
Wagholi,villa,rent,semi-furnished,3,3160,3,7,1,4,5,0,302800
Kothrud,apartment,sale,unfurnished,2,1181,2,1,2,5,12,1,10198500
Baner,villa,rent,unfurnished,4,3847,4,13,5,5,6,1,904500
Pisoli,house,sale,fully-furnished,3,1184,3,12,3,11,19,0,8039000
Pimpri,commercial,sale,semi-furnished,0,4572,1,19,3,0,1,0,27223100
Pimple Saudagar,villa,sale,fully-furnished,3,2451,3,24,2,1,7,0,19198000
Pimpri,apartment,sale,unfurnished,3,1061,3,14,3,3,11,0,5299200
Chinchwad,house,rent,semi-furnished,3,1478,3,28,4,4,9,0,61200
Aundh,house,sale,fully-furnished,2,817,2,19,6,2,16,1,7990600
Aundh,plot,rent,unfurnished,0,3144,1,6,5,0,1,1,117100
Kalyani Nagar,studio,rent,semi-furnished,1,571,1,27,5,1,4,0,28200
Pimpri,apartment,sale,semi-furnished,2,982,2,15,3,0,13,0,5625000
Pimple Saudagar,villa,sale,fully-furnished,2,2673,2,26,0,9,9,0,20494700
Baner,apartment,sale,fully-furnished,1,474,1,19,7,4,5,1,4523900
Koregaon Park,apartment,rent,unfurnished,4,1666,4,27,8,3,4,0,184500
Wanowrie,studio,sale,unfurnished,1,300,1,17,2,1,3,0,1675300
Pimple Saudagar,plot,sale,semi-furnished,0,2474,1,4,1,0,1,0,14724000
Pimple Saudagar,villa,sale,unfurnished,3,3065,3,25,3,3,13,0,26249100
Pimple Saudagar,villa,sale,unfurnished,4,3269,4,31,3,1,9,0,21448200
Koregaon Park,studio,rent,unfurnished,1,440,1,14,1,0,9,0,27100
Wakad,apartment,sale,semi-furnished,4,1487,4,1,10,3,3,1,23172100
Chinchwad,apartment,sale,fully-furnished,2,1004,2,13,4,0,2,0,5580900
Viman Nagar,commercial,rent,fully-furnished,0,1699,1,2,9,0,1,1,232700
Pimpri,apartment,rent,semi-furnished,1,727,1,10,2,0,5,0,20000
Kharadi,villa,rent,fully-furnished,2,3210,2,26,4,5,13,1,847600
Pisoli,apartment,rent,semi-furnished,3,1517,3,27,0,13,13,0,50400
Bavdhan,apartment,sale,semi-furnished,2,1145,2,23,1,3,5,0,6108400
Wakad,apartment,sale,semi-furnished,1,854,1,8,4,12,14,1,6804500
Baner,apartment,sale,unfurnished,3,1164,3,17,4,2,13,1,10812700
Undri,plot,sale,unfurnished,0,1057,1,0,4,0,1,0,2990200
Hinjewadi,commercial,rent,unfurnished,0,5848,1,1,5,0,1,1,577200
Pimpri,house,rent,semi-furnished,1,405,1,19,1,1,10,0,11200
Bavdhan,house,rent,semi-furnished,4,1550,4,21,1,2,3,0,102000
Viman Nagar,studio,sale,semi-furnished,1,428,1,19,6,0,3,1,3897000
Balewadi,apartment,sale,fully-furnished,2,781,2,10,1,3,3,0,7957700
Pashan,villa,sale,semi-furnished,5,1200,5,15,3,3,8,0,9613700
Wakad,studio,sale,semi-furnished,1,390,1,22,5,1,3,1,3209500
Aundh,commercial,rent,semi-furnished,0,2795,1,21,6,0,1,1,298600
Baner,apartment,sale,unfurnished,2,1069,2,22,4,11,14,1,9508700
Viman Nagar,plot,sale,unfurnished,0,4205,1,18,6,0,1,1,27158000
Wakad,apartment,sale,unfurnished,2,1345,2,20,7,3,4,1,9238100
Pisoli,house,rent,semi-furnished,3,1638,3,25,3,1,18,0,55600
Undri,studio,sale,semi-furnished,1,499,1,21,2,7,11,0,2260300
Wakad,apartment,rent,semi-furnished,3,1493,3,1,1,2,5,1,90500
Viman Nagar,apartment,rent,semi-furnished,3,1482,3,4,2,0,2,1,101100
Pimple Saudagar,apartment,sale,unfurnished,3,1323,3,12,5,0,12,0,8425500
Wagholi,house,sale,unfurnished,4,1400,4,24,4,3,8,0,7132400
Kalyani Nagar,apartment,sale,unfurnished,4,1301,4,17,10,6,19,0,17730100
Magarpatta,apartment,rent,fully-furnished,2,1010,2,11,6,5,12,0,50100
Kalyani Nagar,apartment,sale,unfurnished,4,1643,4,11,10,12,13,0,21897900
Aundh,studio,sale,semi-furnished,1,642,1,30,1,6,11,1,3609200
Pashan,commercial,rent,fully-furnished,0,1361,1,12,10,0,1,0,96600
Hinjewadi,apartment,sale,fully-furnished,1,793,1,6,4,2,17,1,7394700
Chinchwad,studio,sale,fully-furnished,1,516,1,23,0,6,13,0,2754200
Koregaon Park,apartment,rent,semi-furnished,3,1022,3,18,4,2,2,0,86400
Kalyani Nagar,apartment,rent,semi-furnished,1,1013,1,20,7,0,11,0,15200
Chinchwad,apartment,rent,fully-furnished,4,1332,4,26,1,2,7,0,82600
Undri,house,sale,semi-furnished,2,1006,2,21,3,7,11,0,5454500
Wakad,apartment,sale,semi-furnished,2,1029,2,31,7,4,5,1,6276500
Chinchwad,villa,rent,fully-furnished,3,2161,3,23,3,4,11,0,422000
Hinjewadi,villa,sale,fully-furnished,3,2343,3,21,2,1,4,1,19294500
Kalyani Nagar,villa,sale,unfurnished,2,1200,2,0,7,5,6,0,23030600
Balewadi,apartment,sale,semi-furnished,3,1086,3,12,5,6,6,0,11741600
Hinjewadi,house,sale,semi-furnished,2,1242,2,3,1,7,9,1,9845600
Hinjewadi,apartment,rent,semi-furnished,4,1648,4,29,3,7,7,1,110400
Kharadi,apartment,sale,semi-furnished,2,848,2,14,1,6,6,1,4966300
Wakad,house,rent,fully-furnished,2,864,2,8,5,3,7,1,53100
Aundh,apartment,rent,semi-furnished,2,696,2,27,3,5,11,1,36500
Hinjewadi,apartment,rent,semi-furnished,3,1319,3,21,0,8,10,1,58500
Wanowrie,plot,rent,fully-furnished,0,1549,1,16,2,0,1,0,37300
Magarpatta,apartment,sale,fully-furnished,3,1455,3,11,5,3,14,0,13855300
Kharadi,villa,rent,fully-furnished,3,4610,3,17,2,2,12,1,806300
Pimple Saudagar,apartment,rent,unfurnished,2,1004,2,22,1,1,13,0,36700
Kalyani Nagar,apartment,sale,unfurnished,4,1702,4,14,7,0,12,0,21356800
Chinchwad,apartment,rent,unfurnished,4,1757,4,2,2,10,15,0,74400
Wakad,apartment,sale,semi-furnished,4,1722,4,9,1,6,12,1,18105200
Balewadi,apartment,sale,fully-furnished,5,2074,5,27,5,9,11,0,20845600
Aundh,apartment,rent,unfurnished,2,1025,2,29,6,13,13,1,38900
Koregaon Park,commercial,rent,unfurnished,0,5399,1,15,10,0,1,0,876100
Bavdhan,commercial,sale,semi-furnished,0,5310,1,7,4,0,1,0,39805700
Wagholi,studio,sale,unfurnished,1,726,1,2,6,0,7,0,3715700
Wagholi,apartment,rent,fully-furnished,2,1009,2,1,3,5,6,0,30100
Koregaon Park,studio,sale,unfurnished,1,504,1,24,6,2,5,0,6129700
Bavdhan,apartment,sale,unfurnished,2,971,2,17,1,3,12,0,5933100
Wanowrie,apartment,rent,fully-furnished,3,1122,3,24,0,2,4,0,65000
Chinchwad,plot,rent,unfurnished,0,2273,1,15,1,0,1,0,51100
Shivajinagar,apartment,rent,unfurnished,2,874,2,22,7,17,17,1,46500
Boat Club Road,apartment,rent,fully-furnished,3,1490,3,18,5,2,4,0,167100
Chinchwad,apartment,sale,semi-furnished,2,1372,2,23,4,4,17,0,6896900
Pisoli,apartment,rent,semi-furnished,3,1354,3,10,3,0,9,0,51400
Undri,apartment,sale,fully-furnished,3,1477,3,27,0,5,9,0,6936400
Magarpatta,apartment,rent,semi-furnished,3,1221,3,18,1,3,4,0,61200
Baner,plot,rent,semi-furnished,0,3460,1,15,4,0,1,1,160500
Hinjewadi,villa,rent,unfurnished,2,2300,2,11,2,2,13,1,401200
Koregaon Park,villa,sale,semi-furnished,2,2005,2,31,3,3,8,0,28416300
Shivajinagar,apartment,sale,fully-furnished,4,1404,4,29,10,0,10,1,18432400
Kalyani Nagar,apartment,sale,semi-furnished,2,1293,2,29,6,2,12,0,14315000
Kothrud,commercial,rent,fully-furnished,0,2433,1,7,5,0,1,1,168000
Hadapsar,apartment,rent,unfurnished,1,706,1,9,2,3,7,0,11200
Kalyani Nagar,studio,sale,fully-furnished,1,419,1,15,4,12,16,0,5696600
Magarpatta,apartment,sale,unfurnished,4,1820,4,10,3,7,8,0,18860100
Viman Nagar,plot,sale,unfurnished,0,4082,1,17,7,0,1,1,24768800
Hinjewadi,apartment,rent,semi-furnished,1,853,1,13,1,5,6,1,20900
Magarpatta,apartment,sale,fully-furnished,3,1440,3,0,4,3,12,0,17673100
Baner,villa,rent,semi-furnished,3,3749,3,30,4,6,7,1,705400
Undri,commercial,rent,semi-furnished,0,5215,1,18,2,0,1,0,191600
Balewadi,apartment,rent,unfurnished,2,901,2,12,2,2,7,0,36900
Pisoli,apartment,sale,fully-furnished,3,1194,3,17,4,0,2,0,6993500
Pimpri,plot,sale,semi-furnished,0,2635,1,28,0,0,1,0,9283900
Hadapsar,house,rent,unfurnished,3,1366,3,1,5,6,18,0,45900
Chinchwad,apartment,sale,semi-furnished,3,1461,3,9,6,2,4,0,8563300
Kothrud,house,sale,fully-furnished,3,946,3,14,5,9,10,1,10969800
Aundh,commercial,sale,fully-furnished,0,2877,1,4,6,0,1,1,55547700
Kothrud,apartment,sale,semi-furnished,2,1151,2,24,5,10,16,1,7760200
Pimpri,apartment,sale,semi-furnished,2,1131,2,0,3,1,5,0,6743500
Balewadi,apartment,rent,semi-furnished,2,1224,2,2,5,7,11,0,65500
Bavdhan,studio,sale,fully-furnished,1,651,1,21,4,2,2,0,4555800
Wakad,villa,rent,semi-furnished,1,2519,1,23,4,5,7,1,337300
Kondhwa,apartment,rent,semi-furnished,2,1022,2,16,6,8,20,0,23900
Magarpatta,apartment,sale,semi-furnished,3,1425,3,10,3,1,5,0,11025100
Baner,apartment,sale,semi-furnished,1,661,1,30,4,11,26,1,5050000
Baner,studio,rent,unfurnished,1,572,1,17,4,8,11,1,27000
Aundh,apartment,rent,fully-furnished,1,941,1,28,7,4,12,1,28900
Baner,studio,rent,fully-furnished,1,486,1,0,7,0,5,1,39000
Balewadi,apartment,rent,unfurnished,5,2005,5,2,1,15,16,0,202000
Pisoli,apartment,rent,unfurnished,3,1480,3,3,1,3,7,0,40200
Viman Nagar,villa,rent,fully-furnished,2,2076,2,25,5,12,15,1,706400
Kothrud,apartment,sale,unfurnished,2,1309,2,23,6,3,6,1,8763100
Baner,plot,sale,semi-furnished,0,682,1,4,8,0,1,1,5746200
Wanowrie,apartment,sale,semi-furnished,3,1486,3,1,1,1,2,0,12077100
Kothrud,plot,sale,unfurnished,0,2945,1,16,2,0,1,1,23718300
Viman Nagar,villa,rent,unfurnished,3,2803,3,1,4,6,7,1,565000
Hinjewadi,studio,sale,semi-furnished,1,384,1,3,3,9,18,1,2879400
Kothrud,plot,rent,fully-furnished,0,3030,1,6,7,0,1,1,136600
Baner,studio,sale,semi-furnished,1,642,1,12,2,4,18,1,6015600
Wakad,apartment,sale,semi-furnished,4,1614,4,25,2,8,11,1,13536000
Baner,apartment,rent,semi-furnished,2,1277,2,9,4,7,14,1,62200
Kondhwa,apartment,rent,semi-furnished,3,1253,3,2,4,5,9,0,53300
Viman Nagar,commercial,sale,unfurnished,0,1348,1,3,6,0,1,1,8253600
Koregaon Park,villa,sale,unfurnished,3,2826,3,26,6,3,8,0,36228800
Koregaon Park,house,sale,fully-furnished,2,833,2,8,7,12,17,0,12882200
Kothrud,apartment,sale,unfurnished,1,646,1,30,6,7,13,1,3408500
Kothrud,house,sale,semi-furnished,1,806,1,6,7,9,10,1,9286100
Magarpatta,apartment,rent,semi-furnished,1,824,1,17,5,1,2,0,19200
Shivajinagar,villa,sale,fully-furnished,2,2693,2,20,7,6,14,1,44020300
Kharadi,studio,sale,fully-furnished,1,492,1,12,2,1,6,1,3828800
Pimpri,house,rent,unfurnished,4,1707,4,13,4,2,20,0,90000
Pimple Saudagar,apartment,sale,unfurnished,2,905,2,24,3,15,15,0,4918500
Aundh,apartment,rent,semi-furnished,1,573,1,19,10,2,11,1,22600
Koregaon Park,apartment,sale,semi-furnished,3,1080,3,28,6,13,21,0,12445200
Wakad,commercial,sale,semi-furnished,0,5938,1,25,9,0,1,1,55905600
Kharadi,apartment,sale,semi-furnished,2,706,2,1,5,4,6,1,7198700
Baner,apartment,rent,fully-furnished,4,1476,4,6,1,1,8,1,153200
Balewadi,commercial,sale,fully-furnished,0,848,1,3,8,0,1,0,9394400
Pimple Saudagar,apartment,rent,semi-furnished,4,1719,4,20,7,2,10,0,123600
Shivajinagar,apartment,sale,semi-furnished,3,1643,3,7,3,3,6,1,19198800
Hadapsar,studio,rent,fully-furnished,1,502,1,9,0,3,8,0,13000
Pashan,house,rent,unfurnished,3,1411,3,22,5,3,16,0,76700
Undri,villa,rent,unfurnished,3,2595,3,10,3,10,14,0,165500
Hinjewadi,house,rent,semi-furnished,2,885,2,27,6,5,13,1,41700
Hadapsar,apartment,sale,unfurnished,3,970,3,29,0,7,12,0,3869000
Magarpatta,apartment,rent,semi-furnished,3,980,3,11,5,1,9,0,48000
Kalyani Nagar,plot,sale,fully-furnished,0,2619,1,25,8,0,1,0,22217500
Viman Nagar,apartment,rent,unfurnished,2,1016,2,11,8,1,5,1,45000
Magarpatta,apartment,sale,unfurnished,4,1624,4,13,3,4,12,0,14003200
Pimple Saudagar,house,rent,semi-furnished,1,420,1,3,0,5,6,0,12700
Chinchwad,apartment,sale,semi-furnished,2,1082,2,26,2,7,12,0,5025300
Viman Nagar,house,sale,semi-furnished,3,1359,3,25,7,3,4,1,14959600
Magarpatta,apartment,rent,semi-furnished,2,1046,2,7,9,1,8,0,38900
Aundh,apartment,rent,unfurnished,2,575,2,18,4,8,8,1,38200
Aundh,apartment,rent,fully-furnished,2,1079,2,8,4,5,12,1,47500
Hinjewadi,apartment,rent,unfurnished,2,1148,2,8,8,5,9,1,29700
Viman Nagar,apartment,rent,semi-furnished,3,1304,3,27,4,2,9,1,88500
Magarpatta,house,rent,unfurnished,3,1631,3,5,7,7,7,0,82300
Kothrud,apartment,sale,semi-furnished,2,972,2,28,3,6,9,1,7301100
Kothrud,apartment,sale,semi-furnished,3,1193,3,11,8,7,7,1,14201200
Boat Club Road,apartment,sale,semi-furnished,2,629,2,2,6,1,7,0,8608500
Kondhwa,apartment,sale,unfurnished,1,539,1,9,5,9,17,0,2322200
Hinjewadi,apartment,sale,unfurnished,1,834,1,5,4,4,5,1,7314200
Viman Nagar,apartment,rent,semi-furnished,2,1025,2,20,8,0,2,1,56100
Wakad,apartment,rent,semi-furnished,5,2048,5,15,6,1,7,1,224700
Koregaon Park,apartment,rent,semi-furnished,3,1571,3,21,10,6,14,0,173600
Wagholi,studio,rent,unfurnished,1,513,1,7,1,11,12,0,15200
Koregaon Park,commercial,rent,semi-furnished,0,5902,1,0,8,0,1,0,1278100
Wanowrie,apartment,rent,semi-furnished,4,1644,4,24,1,0,4,0,94800
Kothrud,apartment,sale,semi-furnished,3,1376,3,19,5,1,2,1,11424900
Chinchwad,villa,sale,fully-furnished,2,2553,2,12,2,9,12,0,25194900
Undri,apartment,rent,fully-furnished,2,968,2,31,2,0,16,0,35100
Pimpri,house,sale,fully-furnished,4,1468,4,2,3,8,11,0,14427000
Pisoli,apartment,sale,fully-furnished,3,1549,3,21,5,3,5,0,7446600
Pashan,commercial,sale,semi-furnished,0,1421,1,23,2,0,1,0,10683100
Kalyani Nagar,studio,rent,fully-furnished,1,462,1,15,9,4,12,0,34600
Koregaon Park,apartment,sale,fully-furnished,4,1336,4,11,6,5,5,0,27569500
Kondhwa,apartment,sale,fully-furnished,2,722,2,31,1,2,6,0,4012900
Wakad,apartment,rent,unfurnished,2,1105,2,30,7,0,2,1,38400
Balewadi,apartment,sale,unfurnished,2,942,2,11,4,1,3,0,7523100
Hinjewadi,apartment,rent,semi-furnished,3,1112,3,29,4,5,11,1,79600
Aundh,house,sale,unfurnished,2,782,2,21,3,3,9,1,5486200
Koregaon Park,apartment,rent,semi-furnished,1,592,1,21,8,12,12,0,32300
Balewadi,apartment,sale,semi-furnished,3,1614,3,12,4,0,15,0,15018800
Hinjewadi,apartment,sale,semi-furnished,5,2017,5,12,4,2,6,1,23041800
Hinjewadi,apartment,rent,fully-furnished,1,679,1,24,3,11,11,1,21000
Pashan,villa,rent,semi-furnished,3,1990,3,0,6,14,19,0,451700
Wakad,apartment,rent,unfurnished,2,1202,2,28,4,12,14,1,40100
Pimple Saudagar,apartment,rent,fully-furnished,3,1008,3,11,2,4,8,0,49300
Undri,apartment,sale,unfurnished,3,1178,3,18,2,7,10,0,6346400
Wakad,villa,rent,semi-furnished,3,1920,3,20,4,1,12,1,267000
Kothrud,apartment,rent,semi-furnished,3,1245,3,0,6,0,14,1,75400
Hinjewadi,house,rent,fully-furnished,2,983,2,18,5,8,11,1,49600
Wagholi,plot,sale,unfurnished,0,4687,1,4,6,0,1,0,19327800
Baner,apartment,sale,unfurnished,4,1509,4,30,5,8,14,1,12670600
Chinchwad,studio,rent,fully-furnished,1,649,1,17,2,1,17,0,19900
Bavdhan,apartment,sale,semi-furnished,3,1055,3,23,3,8,19,0,6534600
Pimpri,apartment,rent,unfurnished,4,1891,4,5,2,0,5,0,85000
Baner,apartment,sale,semi-furnished,2,1241,2,30,5,1,3,1,8828900
Wakad,apartment,rent,semi-furnished,3,1391,3,18,3,0,9,1,86000
Baner,apartment,rent,semi-furnished,2,922,2,11,5,3,8,1,62500
Koregaon Park,plot,sale,semi-furnished,0,642,1,31,6,0,1,0,4318200
Koregaon Park,villa,sale,semi-furnished,5,2154,5,5,7,0,2,0,31596800
Baner,apartment,sale,unfurnished,2,1204,2,7,2,3,10,1,11914600
Pimple Saudagar,commercial,sale,semi-furnished,0,4651,1,15,4,0,1,0,38099900
Pimple Saudagar,studio,sale,fully-furnished,1,416,1,27,2,8,8,0,2276500
Wakad,studio,rent,unfurnished,1,546,1,10,2,4,8,1,17500
Undri,apartment,rent,semi-furnished,1,441,1,21,6,16,17,0,11100
Hinjewadi,apartment,sale,semi-furnished,2,1243,2,21,2,1,5,1,5932500
Kothrud,plot,sale,fully-furnished,0,1683,1,18,4,0,1,1,10795600
Viman Nagar,studio,sale,unfurnished,1,534,1,6,5,6,9,1,5896800
Kalyani Nagar,apartment,sale,unfurnished,3,1400,3,31,7,3,11,0,14769400
Kalyani Nagar,house,sale,fully-furnished,1,623,1,25,5,0,5,0,6281300
Kalyani Nagar,apartment,sale,semi-furnished,2,1169,2,15,8,5,12,0,14760300
Wakad,apartment,sale,unfurnished,2,863,2,10,4,2,4,1,6254500
Wanowrie,studio,sale,fully-furnished,1,553,1,12,1,2,7,0,4423300
Wagholi,apartment,sale,semi-furnished,4,1666,4,13,3,9,14,0,10764000
Wakad,commercial,sale,fully-furnished,0,5441,1,24,5,0,1,1,49576300
Chinchwad,plot,sale,semi-furnished,0,1830,1,6,2,0,1,0,8761900
Aundh,apartment,rent,fully-furnished,2,1180,2,4,2,4,18,1,65200
Wagholi,villa,sale,unfurnished,4,3635,4,17,0,0,2,0,19400500
Hinjewadi,commercial,rent,semi-furnished,0,3399,1,28,3,0,1,1,167300
Hadapsar,villa,sale,semi-furnished,1,2232,1,18,0,11,11,0,18393600
Baner,apartment,sale,fully-furnished,2,1121,2,21,3,5,11,1,11207700
Wakad,studio,sale,fully-furnished,1,622,1,5,5,9,17,1,7559300
Koregaon Park,apartment,sale,semi-furnished,4,1538,4,18,10,3,6,0,23713500
Wakad,apartment,sale,fully-furnished,2,888,2,18,1,1,17,1,7096600
Pimpri,house,rent,semi-furnished,2,1107,2,7,4,7,9,0,20800
Koregaon Park,house,sale,semi-furnished,3,1598,3,27,6,1,10,0,19989100
Undri,apartment,rent,fully-furnished,3,1178,3,0,2,7,14,0,51600
Undri,studio,sale,fully-furnished,1,427,1,16,1,1,13,0,2555100
Balewadi,house,rent,unfurnished,3,880,3,26,5,6,9,0,47100
Kothrud,studio,sale,semi-furnished,1,454,1,10,6,16,17,1,4609700
Wagholi,apartment,rent,fully-furnished,3,1431,3,30,0,11,23,0,45800
Hinjewadi,apartment,rent,semi-furnished,2,1185,2,27,3,14,15,1,37300
Pimpri,apartment,rent,fully-furnished,3,1427,3,22,0,0,5,0,52600
Pimple Saudagar,house,rent,semi-furnished,4,1716,4,10,6,0,3,0,97600
Wagholi,studio,rent,unfurnished,1,555,1,30,2,5,5,0,16500
Viman Nagar,commercial,rent,unfurnished,0,5151,1,13,9,0,1,1,403600
Wagholi,plot,rent,unfurnished,0,922,1,11,5,0,1,0,18500
Wakad,apartment,rent,semi-furnished,4,1331,4,5,7,2,5,1,105600
Hinjewadi,apartment,sale,semi-furnished,1,465,1,27,5,1,19,1,2331700
Baner,apartment,sale,fully-furnished,3,1543,3,18,3,5,15,1,19579700
Magarpatta,apartment,sale,semi-furnished,4,1761,4,0,4,3,16,0,19464400
Viman Nagar,apartment,rent,semi-furnished,2,1021,2,10,10,11,16,1,52800
Hinjewadi,apartment,sale,unfurnished,1,882,1,9,2,8,8,1,5910900
Wanowrie,studio,sale,fully-furnished,1,433,1,17,3,1,6,0,2608900
Wakad,studio,sale,semi-furnished,1,469,1,20,2,6,12,1,3490300
Kalyani Nagar,apartment,sale,unfurnished,2,993,2,18,6,1,5,0,9865700
Pimpri,villa,rent,fully-furnished,4,2687,4,27,2,6,8,0,387200
Wanowrie,plot,sale,fully-furnished,0,4664,1,16,3,0,1,0,26360800
Magarpatta,studio,sale,fully-furnished,1,541,1,17,1,0,5,0,4856900
Bavdhan,apartment,sale,semi-furnished,3,1422,3,22,7,2,4,0,8241500
Pimple Saudagar,apartment,rent,fully-furnished,2,1247,2,13,2,5,16,0,36600
Kothrud,house,sale,semi-furnished,3,1106,3,22,3,0,3,1,9964800
Pisoli,apartment,sale,fully-furnished,3,1473,3,5,2,2,2,0,12479100
Kalyani Nagar,apartment,rent,semi-furnished,4,1541,4,6,5,0,3,0,140200
Koregaon Park,commercial,rent,semi-furnished,0,3030,1,8,5,0,1,0,505200
Kothrud,apartment,rent,semi-furnished,2,1252,2,28,6,2,5,1,33100
Pashan,house,rent,unfurnished,2,959,2,19,1,3,16,0,34700
Baner,house,rent,semi-furnished,3,1275,3,20,5,2,7,1,81400
Wakad,house,rent,semi-furnished,5,2190,5,10,5,5,5,1,212600
Kothrud,apartment,rent,semi-furnished,2,652,2,26,5,12,18,1,43000
Undri,apartment,rent,semi-furnished,2,1096,2,25,4,0,3,0,30600
Wakad,apartment,sale,semi-furnished,3,1235,3,22,7,7,22,1,9038800
Viman Nagar,villa,sale,fully-furnished,2,3297,2,31,10,1,2,1,29269000
Pisoli,apartment,rent,unfurnished,1,622,1,19,2,3,11,0,15300
Pashan,apartment,sale,unfurnished,2,1092,2,21,6,2,4,0,6623800
Viman Nagar,house,rent,unfurnished,2,1050,2,0,8,6,11,1,39500
Koregaon Park,apartment,rent,semi-furnished,3,1277,3,29,6,3,8,0,92000
Viman Nagar,apartment,sale,unfurnished,1,559,1,16,7,0,2,1,4238800
Camp,apartment,sale,semi-furnished,2,965,2,15,4,4,13,0,9643700
Koregaon Park,commercial,rent,semi-furnished,0,4382,1,3,5,0,1,0,315600
Boat Club Road,commercial,rent,semi-furnished,0,1370,1,4,9,0,1,0,384500
Wakad,plot,sale,unfurnished,0,4898,1,7,4,0,1,1,32774900
Kharadi,apartment,sale,fully-furnished,2,939,2,5,8,0,6,1,10246200
Wagholi,commercial,sale,fully-furnished,0,2813,1,20,2,0,1,0,24768600
Koregaon Park,studio,rent,semi-furnished,1,448,1,14,7,6,12,0,33800
Pashan,studio,rent,unfurnished,1,432,1,17,4,0,13,0,15600
Balewadi,commercial,sale,semi-furnished,0,3690,1,23,9,0,1,0,42187800
Viman Nagar,house,rent,semi-furnished,2,1111,2,24,8,15,21,1,64300
Kothrud,commercial,rent,fully-furnished,0,1527,1,12,6,0,1,1,130300
Balewadi,apartment,sale,semi-furnished,1,789,1,5,5,0,5,0,5366100
Viman Nagar,apartment,rent,semi-furnished,1,1253,1,23,10,3,3,1,33000
Kalyani Nagar,studio,sale,semi-furnished,1,521,1,13,7,8,9,0,5256300
Pimpri,studio,sale,semi-furnished,1,574,1,14,1,1,6,0,2788700
Viman Nagar,apartment,sale,unfurnished,3,1204,3,15,7,12,17,1,14554500
Viman Nagar,apartment,sale,fully-furnished,2,921,2,5,7,3,4,1,13681200
Aundh,commercial,sale,fully-furnished,0,3423,1,5,7,0,1,1,55818600
Koregaon Park,apartment,sale,semi-furnished,2,1358,2,16,6,1,26,0,15693300
Pimple Saudagar,apartment,rent,unfurnished,3,1673,3,3,6,0,13,0,87400
Wakad,commercial,rent,fully-furnished,0,1423,1,9,4,0,1,1,226000
Magarpatta,apartment,sale,fully-furnished,4,1422,4,13,4,7,13,0,16055800
Hinjewadi,apartment,rent,fully-furnished,4,1526,4,27,6,4,9,1,148600
Viman Nagar,apartment,rent,unfurnished,4,1404,4,3,8,0,4,1,120500
Kothrud,apartment,rent,semi-furnished,4,1188,4,28,6,1,2,1,118200
Viman Nagar,commercial,rent,semi-furnished,0,1286,1,20,6,0,1,1,239900
Kharadi,apartment,rent,unfurnished,2,961,2,3,5,2,9,1,42600
Camp,studio,rent,semi-furnished,1,410,1,27,7,0,2,0,23300
Pashan,apartment,sale,fully-furnished,4,1613,4,6,3,1,8,0,17141500
Magarpatta,apartment,sale,fully-furnished,3,1380,3,12,6,12,13,0,14294700
Camp,studio,rent,fully-furnished,1,537,1,4,6,8,15,0,36300
Pimpri,commercial,sale,semi-furnished,0,2847,1,19,0,0,1,0,19136700
Baner,apartment,sale,semi-furnished,5,2011,5,8,4,2,9,1,23889800
Chinchwad,house,rent,fully-furnished,3,1470,3,16,1,12,14,0,52400
Kothrud,apartment,sale,semi-furnished,2,1067,2,25,6,1,2,1,7721700
Kharadi,apartment,sale,unfurnished,2,877,2,11,6,5,8,1,6658000
Kalyani Nagar,house,sale,semi-furnished,2,1161,2,16,6,1,4,0,11495400
Viman Nagar,studio,sale,semi-furnished,1,515,1,1,7,12,17,1,5857700
Chinchwad,apartment,sale,semi-furnished,3,1381,3,19,2,3,19,0,7288000
Wagholi,apartment,sale,semi-furnished,3,1183,3,10,1,2,6,0,7013100
Hadapsar,studio,rent,unfurnished,1,556,1,27,2,0,2,0,14400
Shivajinagar,studio,rent,semi-furnished,1,604,1,0,5,3,10,1,24300
Aundh,apartment,sale,fully-furnished,3,1270,3,12,3,4,10,1,14696900
Hadapsar,villa,rent,semi-furnished,4,2179,4,5,2,0,9,0,207300
Balewadi,villa,sale,fully-furnished,2,2025,2,16,5,4,9,0,16457900
Magarpatta,apartment,rent,fully-furnished,3,1234,3,0,4,9,9,0,74500
Kalyani Nagar,apartment,sale,unfurnished,2,837,2,13,8,3,5,0,8334100
Viman Nagar,apartment,sale,fully-furnished,2,1072,2,14,7,11,12,1,10342100
Hadapsar,studio,sale,fully-furnished,1,642,1,0,3,4,4,0,6525300
Undri,apartment,sale,semi-furnished,1,788,1,6,0,9,13,0,4420800
Balewadi,apartment,sale,semi-furnished,3,1198,3,3,6,7,15,0,15045000
Kharadi,apartment,rent,semi-furnished,3,1363,3,27,1,2,8,1,59600
Camp,apartment,sale,semi-furnished,2,966,2,0,2,5,9,0,11375300
Koregaon Park,house,rent,unfurnished,1,514,1,16,5,1,2,0,27700
Pimpri,apartment,sale,semi-furnished,5,1978,5,7,3,0,20,0,15497000
Kalyani Nagar,plot,sale,unfurnished,0,1143,1,24,8,0,1,0,7617400
Magarpatta,house,rent,semi-furnished,1,770,1,15,5,9,11,0,21500
Undri,apartment,sale,semi-furnished,2,957,2,0,2,8,11,0,6920900
Pimple Saudagar,apartment,sale,unfurnished,2,788,2,22,5,9,14,0,4497200
Balewadi,apartment,sale,unfurnished,3,1538,3,12,1,8,11,0,10484600
Hinjewadi,apartment,rent,unfurnished,1,642,1,4,2,3,10,1,18900
Wakad,apartment,rent,fully-furnished,3,1399,3,5,2,3,10,1,97400
Pimpri,studio,sale,semi-furnished,1,505,1,22,0,4,17,0,2461800
Koregaon Park,studio,sale,unfurnished,1,670,1,11,8,6,10,0,7315700
Aundh,studio,rent,semi-furnished,1,652,1,28,0,16,20,1,24100
Viman Nagar,apartment,rent,semi-furnished,3,1157,3,0,10,6,16,1,96100
Balewadi,apartment,sale,unfurnished,2,1088,2,28,3,1,2,0,5748600
Aundh,plot,sale,fully-furnished,0,4814,1,27,6,0,1,1,33447500
Baner,plot,sale,fully-furnished,0,2409,1,11,6,0,1,1,29160100
Pimpri,plot,sale,semi-furnished,0,2418,1,5,1,0,1,0,10434300
Kondhwa,apartment,sale,semi-furnished,3,1211,3,9,3,2,17,0,8161500
Pimpri,studio,rent,fully-furnished,1,431,1,12,2,2,2,0,13200
Shivajinagar,apartment,sale,fully-furnished,3,1339,3,18,7,5,8,1,17416000
Kharadi,apartment,rent,unfurnished,3,1388,3,26,4,8,10,1,66300
Wanowrie,apartment,sale,semi-furnished,2,858,2,4,0,10,17,0,5761500
Baner,studio,rent,unfurnished,1,470,1,2,5,2,12,1,25900
Magarpatta,house,rent,unfurnished,2,940,2,25,6,9,13,0,45300
Wakad,apartment,rent,unfurnished,2,938,2,5,4,7,8,1,22500
Aundh,house,rent,fully-furnished,3,1140,3,23,8,2,5,1,103000
Pisoli,apartment,sale,semi-furnished,1,558,1,7,1,5,9,0,3344700
Koregaon Park,apartment,sale,fully-furnished,2,1319,2,25,5,9,12,0,17776800
Wanowrie,studio,rent,fully-furnished,1,533,1,1,1,1,15,0,24300
Pimpri,villa,rent,semi-furnished,2,2975,2,7,4,1,2,0,381600
Undri,apartment,rent,semi-furnished,2,1204,2,14,3,7,11,0,23900
Viman Nagar,commercial,rent,semi-furnished,0,1118,1,9,5,0,1,1,144400
Viman Nagar,plot,sale,unfurnished,0,3232,1,23,5,0,1,1,19451000
Pisoli,villa,sale,fully-furnished,1,3793,1,13,3,5,7,0,33958500
Baner,villa,rent,semi-furnished,2,2878,2,7,5,3,4,1,430800
Hadapsar,apartment,rent,fully-furnished,2,1030,2,6,3,3,16,0,43400
Balewadi,commercial,sale,semi-furnished,0,2905,1,5,5,0,1,0,36264500
Pimple Saudagar,apartment,rent,unfurnished,3,1347,3,23,1,0,2,0,44000
Wakad,apartment,sale,semi-furnished,3,1397,3,17,5,3,12,1,10838000
Pimpri,apartment,sale,fully-furnished,3,1176,3,23,3,0,10,0,7027700
Chinchwad,plot,sale,semi-furnished,0,3772,1,26,4,0,1,0,11081100
Hinjewadi,studio,sale,unfurnished,1,510,1,6,4,1,10,1,3803500
Kalyani Nagar,apartment,sale,unfurnished,1,659,1,17,3,6,11,0,4891200
Viman Nagar,apartment,rent,fully-furnished,4,1746,4,28,8,8,14,1,208200
Pimple Saudagar,studio,sale,unfurnished,1,585,1,1,3,4,10,0,4276600
Magarpatta,apartment,sale,fully-furnished,2,1202,2,16,6,2,3,0,12743100
Baner,studio,sale,semi-furnished,1,494,1,16,4,2,2,1,4459800
Pimple Saudagar,studio,sale,semi-furnished,1,528,1,4,1,3,6,0,4474200
Kalyani Nagar,apartment,rent,semi-furnished,2,950,2,4,10,7,16,0,73900
Koregaon Park,house,rent,fully-furnished,2,1137,2,4,7,1,2,0,66100
Kharadi,house,rent,fully-furnished,2,1267,2,8,5,1,10,1,43700
Wakad,apartment,rent,fully-furnished,3,1563,3,7,1,4,5,1,75900
Koregaon Park,apartment,rent,fully-furnished,2,1044,2,15,8,2,11,0,93900
Wagholi,house,rent,unfurnished,1,587,1,3,1,10,12,0,8900
Pimple Saudagar,apartment,sale,fully-furnished,2,711,2,25,3,1,2,0,4173900
Aundh,apartment,sale,unfurnished,4,1692,4,15,5,9,12,1,18068100
Magarpatta,studio,rent,semi-furnished,1,470,1,7,5,2,13,0,19600
Wakad,apartment,sale,semi-furnished,2,787,2,4,6,11,17,1,7743800
Kalyani Nagar,apartment,sale,fully-furnished,2,948,2,12,8,2,5,0,16021700
Pimpri,apartment,sale,fully-furnished,3,1453,3,0,1,6,9,0,11581900
Hinjewadi,apartment,rent,unfurnished,3,1204,3,3,3,7,18,1,52600
Undri,villa,rent,fully-furnished,2,2239,2,27,3,7,9,0,426700
Viman Nagar,house,sale,unfurnished,4,1493,4,17,5,2,3,1,17883200
Wakad,studio,rent,unfurnished,1,300,1,22,6,1,12,1,14600
Koregaon Park,apartment,sale,fully-furnished,3,1110,3,23,6,15,18,0,15526100
Wakad,apartment,rent,semi-furnished,2,856,2,31,3,1,17,1,25000
Koregaon Park,commercial,sale,semi-furnished,0,4765,1,27,6,0,1,0,44532500
Koregaon Park,apartment,rent,fully-furnished,2,894,2,17,7,1,8,0,56700
Kalyani Nagar,apartment,rent,fully-furnished,2,1026,2,8,6,13,19,0,59100
Aundh,apartment,rent,semi-furnished,2,1335,2,27,4,7,10,1,58900
Kharadi,house,rent,semi-furnished,4,1467,4,1,2,9,9,1,98100
Balewadi,studio,sale,fully-furnished,1,402,1,19,3,3,7,0,3792500
Viman Nagar,house,sale,fully-furnished,3,1402,3,2,8,8,10,1,21764700
Hinjewadi,studio,rent,semi-furnished,1,508,1,28,5,0,8,1,22200
Viman Nagar,apartment,rent,fully-furnished,3,1071,3,12,7,4,5,1,96300
Hadapsar,apartment,sale,semi-furnished,4,1542,4,22,2,5,16,0,10197400
Wagholi,apartment,sale,semi-furnished,3,1231,3,25,0,1,2,0,5305200
Wakad,apartment,rent,fully-furnished,2,1201,2,31,4,3,16,1,53000
Wakad,apartment,rent,semi-furnished,3,1368,3,12,8,9,10,1,79700
Kalyani Nagar,commercial,rent,semi-furnished,0,4601,1,26,5,0,1,0,801000
Baner,apartment,sale,semi-furnished,2,1116,2,23,7,0,2,1,10255400
Kothrud,house,rent,semi-furnished,3,1589,3,3,3,5,14,1,105900
Baner,plot,rent,semi-furnished,0,4445,1,11,3,0,1,1,162700
Chinchwad,commercial,sale,semi-furnished,0,5361,1,28,0,0,1,0,27449400
Chinchwad,studio,rent,unfurnished,1,602,1,31,3,4,7,0,18300
Baner,studio,rent,semi-furnished,1,528,1,1,2,1,2,1,17300
Baner,villa,sale,semi-furnished,2,2569,2,7,7,6,6,1,45121500
Koregaon Park,apartment,sale,unfurnished,3,1387,3,5,9,4,6,0,22900900
Undri,villa,sale,unfurnished,3,2853,3,1,0,8,11,0,19677800
Baner,plot,sale,semi-furnished,0,892,1,20,4,0,1,1,5154300
Chinchwad,studio,sale,unfurnished,1,446,1,27,2,5,12,0,1559500
Chinchwad,apartment,rent,semi-furnished,2,835,2,28,3,7,8,0,24100
Pimple Saudagar,apartment,rent,unfurnished,3,1128,3,16,4,1,5,0,52100
Kalyani Nagar,studio,rent,fully-furnished,1,602,1,12,7,3,11,0,34100
Wakad,apartment,sale,fully-furnished,3,1472,3,31,4,0,5,1,6997300
Hadapsar,apartment,sale,semi-furnished,2,866,2,23,1,2,14,0,3694800
Magarpatta,villa,sale,fully-furnished,2,1971,2,4,6,0,6,0,29822600
Baner,house,sale,fully-furnished,3,1518,3,10,5,2,2,1,22681600
Viman Nagar,studio,sale,fully-furnished,1,563,1,29,7,12,19,1,5059400
Koregaon Park,commercial,sale,unfurnished,0,2635,1,14,5,0,1,0,42621300
Baner,apartment,rent,semi-furnished,1,813,1,11,3,9,10,1,17200
Baner,apartment,sale,unfurnished,2,1314,2,16,5,6,8,1,12070800
Pimpri,house,sale,fully-furnished,3,1380,3,10,1,0,2,0,9421300
Baner,apartment,rent,unfurnished,3,1330,3,20,6,6,9,1,79400
Balewadi,house,sale,unfurnished,2,934,2,23,6,0,2,0,6631300
Pimpri,apartment,sale,unfurnished,2,902,2,30,2,0,11,0,3489700
Koregaon Park,apartment,sale,semi-furnished,3,1351,3,3,6,0,7,0,23921400
Kharadi,studio,rent,fully-furnished,1,516,1,10,3,3,6,1,18800
Kalyani Nagar,house,sale,unfurnished,2,1008,2,8,5,16,16,0,12239400
Hinjewadi,apartment,rent,semi-furnished,2,1180,2,26,2,9,9,1,27000
Camp,apartment,sale,semi-furnished,4,1789,4,10,4,12,13,0,21882400
Balewadi,villa,sale,unfurnished,3,3737,3,19,6,0,7,0,29421400
Kalyani Nagar,apartment,sale,semi-furnished,1,541,1,17,5,6,21,0,4727000
Hinjewadi,house,rent,semi-furnished,2,738,2,21,0,4,7,1,32700
Aundh,house,sale,fully-furnished,5,1469,5,16,5,5,6,1,20176000
Aundh,apartment,rent,fully-furnished,3,1259,3,6,6,1,7,1,72200
Viman Nagar,apartment,sale,fully-furnished,1,735,1,11,5,1,6,1,5382700
Aundh,apartment,rent,unfurnished,2,1093,2,5,6,4,10,1,46100
Kondhwa,plot,sale,unfurnished,0,1197,1,8,2,0,1,0,3868100
Pimple Saudagar,apartment,sale,semi-furnished,1,842,1,31,1,3,3,0,3393300
Koregaon Park,apartment,rent,fully-furnished,3,1421,3,4,5,12,15,0,122900
Kalyani Nagar,apartment,sale,unfurnished,1,783,1,1,8,7,7,0,10761600
Baner,commercial,rent,fully-furnished,0,1812,1,31,7,0,1,1,273100
Koregaon Park,plot,rent,semi-furnished,0,937,1,25,6,0,1,0,62400
Viman Nagar,apartment,rent,fully-furnished,2,1143,2,14,6,2,15,1,70300
Aundh,villa,rent,unfurnished,2,1527,2,31,7,8,22,1,283300
Viman Nagar,apartment,rent,fully-furnished,2,1115,2,5,10,1,14,1,51000
Baner,apartment,sale,semi-furnished,2,858,2,14,4,2,7,1,7927000
Balewadi,apartment,rent,semi-furnished,2,1327,2,20,7,3,3,0,68900
Bavdhan,studio,sale,semi-furnished,1,433,1,24,1,0,6,0,2585900
Hinjewadi,apartment,sale,semi-furnished,3,1657,3,15,4,7,15,1,12347300
Hinjewadi,plot,sale,semi-furnished,0,954,1,13,2,0,1,1,4034000
Koregaon Park,studio,sale,fully-furnished,1,525,1,9,6,13,13,0,8599400
Kondhwa,apartment,sale,fully-furnished,2,1025,2,18,0,4,13,0,6371300
Kharadi,apartment,sale,semi-furnished,1,638,1,28,3,9,18,1,4310600
Kondhwa,apartment,sale,unfurnished,2,1315,2,22,5,0,8,0,6122700
Viman Nagar,apartment,rent,semi-furnished,3,1352,3,10,6,12,13,1,86100
Hinjewadi,apartment,rent,semi-furnished,2,1040,2,16,0,0,15,1,28100
Wakad,studio,sale,semi-furnished,1,388,1,1,0,11,15,1,3699900
Hinjewadi,commercial,rent,semi-furnished,0,5446,1,18,4,0,1,1,537400
Kharadi,apartment,sale,semi-furnished,3,1314,3,15,5,0,5,1,9472600
Wagholi,apartment,sale,fully-furnished,4,1831,4,4,3,4,6,0,17838400
Shivajinagar,studio,rent,unfurnished,1,500,1,30,6,3,3,1,28500
Hinjewadi,house,sale,fully-furnished,3,1334,3,27,5,11,17,1,9271600
Shivajinagar,villa,sale,semi-furnished,3,2756,3,14,5,7,15,1,34176200
Koregaon Park,villa,rent,fully-furnished,3,2839,3,7,6,2,7,0,931400
Viman Nagar,apartment,rent,fully-furnished,1,721,1,1,6,15,18,1,37200
Hinjewadi,apartment,rent,semi-furnished,4,1661,4,6,4,6,11,1,112400
Hinjewadi,commercial,rent,semi-furnished,0,3304,1,13,4,0,1,1,171500
Pimpri,villa,rent,semi-furnished,5,3169,5,18,5,2,9,0,619000
Undri,apartment,sale,fully-furnished,3,1229,3,21,3,11,14,0,8615200
Shivajinagar,apartment,rent,fully-furnished,3,1306,3,20,7,1,2,1,106500
Undri,commercial,rent,semi-furnished,0,3730,1,21,1,0,1,0,182900
Wanowrie,apartment,rent,semi-furnished,3,1238,3,30,3,0,12,0,61000
Kalyani Nagar,apartment,sale,semi-furnished,4,1780,4,17,9,7,16,0,26312600
Kalyani Nagar,apartment,sale,unfurnished,1,658,1,19,6,1,2,0,6275500
Kothrud,apartment,sale,semi-furnished,2,840,2,10,2,1,8,1,7671500
Wagholi,villa,rent,semi-furnished,1,1855,1,3,3,4,13,0,262900
Wagholi,plot,rent,unfurnished,0,3501,1,26,2,0,1,0,68500
Koregaon Park,apartment,rent,fully-furnished,2,856,2,13,7,2,3,0,73100
Undri,apartment,rent,semi-furnished,5,1996,5,1,1,0,12,0,132300
Wanowrie,studio,rent,unfurnished,1,560,1,21,0,12,15,0,16700
Shivajinagar,apartment,sale,fully-furnished,1,595,1,15,5,8,13,1,4911700
Viman Nagar,apartment,rent,unfurnished,1,779,1,9,7,1,6,1,28400
Kothrud,house,sale,semi-furnished,5,1806,5,25,5,2,3,1,19732700
Bavdhan,apartment,rent,fully-furnished,3,1311,3,31,1,5,9,0,62800
Balewadi,villa,rent,fully-furnished,3,1872,3,22,4,7,10,0,573200
Wanowrie,apartment,sale,semi-furnished,4,1648,4,20,3,8,9,0,13624700
Undri,apartment,rent,unfurnished,1,662,1,29,0,0,8,0,9500
Kondhwa,apartment,sale,semi-furnished,2,894,2,3,2,7,13,0,5377700
Kharadi,house,rent,unfurnished,3,1583,3,11,5,2,6,1,76100
Kondhwa,commercial,rent,fully-furnished,0,5116,1,17,3,0,1,0,239800
Koregaon Park,apartment,rent,fully-furnished,2,1072,2,22,7,4,14,0,99900
Boat Club Road,commercial,sale,semi-furnished,0,2931,1,18,6,0,1,0,42435400
Wanowrie,apartment,rent,semi-furnished,3,1240,3,13,2,1,8,0,56800
Kondhwa,apartment,rent,fully-furnished,3,1660,3,18,1,1,6,0,79300
Pisoli,villa,rent,semi-furnished,2,2916,2,28,4,1,4,0,220800
Wakad,villa,sale,unfurnished,2,2234,2,29,3,1,13,1,19593600
Hinjewadi,apartment,sale,fully-furnished,2,1083,2,16,2,10,16,1,8510500
Kharadi,apartment,rent,semi-furnished,1,643,1,1,0,1,2,1,27700
Pimple Saudagar,house,sale,semi-furnished,3,1327,3,4,5,10,12,0,13068400
Pashan,apartment,rent,semi-furnished,3,1195,3,12,5,10,13,0,66100
Pisoli,apartment,sale,unfurnished,5,2093,5,28,1,4,7,0,10538400
Pimple Saudagar,villa,sale,semi-furnished,3,2857,3,4,0,3,5,0,25137300
Wanowrie,apartment,sale,unfurnished,2,1120,2,6,2,4,4,0,8956800
Pimple Saudagar,apartment,rent,semi-furnished,3,1080,3,2,0,4,10,0,50800
Baner,apartment,sale,semi-furnished,4,1732,4,13,5,0,19,1,17389000
Baner,studio,sale,semi-furnished,1,466,1,24,5,6,6,1,3132400
Wagholi,studio,rent,unfurnished,1,597,1,24,2,0,9,0,11500
Wagholi,house,sale,semi-furnished,3,1282,3,22,1,3,4,0,6107000
Koregaon Park,plot,sale,semi-furnished,0,1883,1,19,6,0,1,0,12384800
Kharadi,studio,rent,fully-furnished,1,553,1,29,2,14,16,1,24000
Shivajinagar,plot,rent,fully-furnished,0,3050,1,26,5,0,1,1,128700
Wakad,apartment,rent,fully-furnished,2,973,2,5,2,1,2,1,48200
Kharadi,apartment,sale,unfurnished,4,1449,4,29,5,6,11,1,10553500
Viman Nagar,apartment,sale,fully-furnished,2,937,2,20,10,7,12,1,13041400
Pimpri,apartment,sale,unfurnished,4,1496,4,25,4,24,24,0,8072900
Viman Nagar,studio,sale,unfurnished,1,738,1,20,5,3,11,1,5132400
Baner,apartment,rent,unfurnished,3,1251,3,10,3,4,6,1,59600
Wanowrie,house,sale,semi-furnished,1,647,1,15,2,11,12,0,3458300
Pashan,plot,sale,unfurnished,0,1670,1,28,5,0,1,0,8830800
Hinjewadi,apartment,sale,unfurnished,2,822,2,1,4,12,12,1,8325100
Kothrud,villa,rent,semi-furnished,2,2844,2,31,5,15,16,1,564400
Undri,villa,sale,semi-furnished,2,1933,2,7,1,10,10,0,17398300
Magarpatta,apartment,sale,fully-furnished,2,810,2,17,6,6,7,0,6758700
Pashan,apartment,rent,fully-furnished,2,916,2,24,4,7,12,0,36200
Hadapsar,apartment,sale,unfurnished,2,824,2,0,2,2,5,0,5682400
Magarpatta,commercial,rent,unfurnished,0,4806,1,16,6,0,1,0,472000
Undri,plot,rent,fully-furnished,0,2807,1,29,7,0,1,0,78200
Bavdhan,apartment,sale,semi-furnished,4,1597,4,7,5,2,3,0,14105000
Wakad,apartment,rent,semi-furnished,3,1625,3,2,6,2,2,1,104700
Pimpri,house,sale,unfurnished,1,799,1,14,1,0,2,0,3064900
Kondhwa,apartment,rent,semi-furnished,3,1142,3,5,4,12,17,0,46200
Pimpri,plot,rent,semi-furnished,0,1069,1,7,2,0,1,0,16200
Baner,studio,rent,semi-furnished,1,507,1,24,1,1,2,1,25500
Wagholi,commercial,sale,fully-furnished,0,5826,1,30,0,0,1,0,27157000
Kharadi,apartment,sale,unfurnished,2,918,2,7,7,0,10,1,7484900
Hinjewadi,studio,sale,semi-furnished,1,530,1,10,1,6,7,1,4708400
Koregaon Park,house,rent,fully-furnished,4,1476,4,24,5,1,2,0,224100
Wagholi,plot,sale,unfurnished,0,3582,1,30,2,0,1,0,12600000
Baner,apartment,sale,fully-furnished,2,893,2,21,2,4,15,1,7563800
Magarpatta,house,sale,semi-furnished,3,1412,3,22,10,5,19,0,11044500
Undri,house,rent,semi-furnished,2,1124,2,28,2,3,5,0,29400
Chinchwad,apartment,rent,unfurnished,2,1334,2,23,1,5,10,0,19200
Bavdhan,apartment,sale,unfurnished,3,1405,3,28,3,3,4,0,7165700
Kothrud,apartment,sale,fully-furnished,4,1493,4,1,8,5,17,1,25007600
Undri,house,sale,unfurnished,3,1184,3,27,2,8,10,0,5105400
Viman Nagar,apartment,rent,unfurnished,2,912,2,18,4,4,8,1,39200
Hinjewadi,studio,sale,semi-furnished,1,459,1,4,1,4,4,1,4840000
Boat Club Road,studio,sale,unfurnished,1,577,1,14,5,3,3,0,8382200
Hadapsar,house,rent,semi-furnished,3,1058,3,29,5,4,6,0,41200
Hadapsar,apartment,sale,semi-furnished,2,1032,2,30,3,1,6,0,4816800
Undri,house,rent,unfurnished,3,1434,3,31,6,5,5,0,58200
Kalyani Nagar,apartment,sale,fully-furnished,1,791,1,9,6,0,13,0,9916800
Kothrud,apartment,rent,semi-furnished,3,1416,3,30,4,4,8,1,90000
Undri,apartment,sale,unfurnished,1,623,1,24,4,7,9,0,2669600
Boat Club Road,apartment,sale,fully-furnished,2,635,2,21,7,4,10,0,9287600
Kothrud,apartment,rent,unfurnished,3,1485,3,10,4,1,11,1,92900
Viman Nagar,villa,rent,fully-furnished,2,1728,2,26,6,11,21,1,522200
Chinchwad,apartment,sale,unfurnished,4,1342,4,14,1,8,17,0,7690200
Chinchwad,commercial,sale,fully-furnished,0,2805,1,24,3,0,1,0,12182100
Koregaon Park,house,rent,semi-furnished,4,1603,4,20,6,1,10,0,196200
Hinjewadi,apartment,rent,unfurnished,2,905,2,21,2,10,14,1,36400
Pisoli,apartment,sale,semi-furnished,3,1362,3,31,1,14,17,0,6020200
Boat Club Road,house,rent,semi-furnished,5,2240,5,13,6,15,15,0,393100
Hinjewadi,apartment,sale,fully-furnished,2,1054,2,16,4,9,15,1,8518100
Hadapsar,commercial,rent,fully-furnished,0,1945,1,19,3,0,1,0,196200
Wagholi,plot,rent,fully-furnished,0,1335,1,31,2,0,1,0,42500
Kalyani Nagar,apartment,sale,unfurnished,2,1002,2,24,7,2,13,0,9548200
Hinjewadi,house,rent,unfurnished,3,1284,3,22,1,9,10,1,47900
Chinchwad,apartment,sale,unfurnished,2,1145,2,29,0,3,9,0,4047100
Koregaon Park,house,rent,fully-furnished,2,810,2,7,8,6,9,0,75500
Balewadi,studio,rent,semi-furnished,1,357,1,23,4,5,15,0,17800
Balewadi,apartment,rent,semi-furnished,3,1104,3,26,4,2,2,0,80200
Koregaon Park,apartment,sale,fully-furnished,3,1435,3,2,8,1,11,0,20554600
Shivajinagar,villa,sale,fully-furnished,3,2191,3,24,3,2,6,1,15940600
Kharadi,apartment,sale,semi-furnished,3,1464,3,23,5,1,6,1,10063200
Kondhwa,villa,rent,semi-furnished,1,1948,1,29,2,0,6,0,209300
Balewadi,apartment,rent,semi-furnished,2,1057,2,8,6,11,17,0,54700
Kothrud,apartment,sale,unfurnished,3,1347,3,14,5,14,14,1,15035500
Viman Nagar,commercial,rent,semi-furnished,0,1815,1,30,5,0,1,1,262900
Wakad,apartment,rent,unfurnished,2,1072,2,24,5,1,19,1,30200
Kothrud,apartment,sale,semi-furnished,1,1005,1,7,0,6,14,1,9190300
Wakad,house,sale,unfurnished,2,669,2,9,5,3,7,1,5325400
Wakad,house,rent,fully-furnished,3,897,3,4,4,6,8,1,60100
Balewadi,plot,rent,unfurnished,0,3940,1,8,3,0,1,0,111400
Pashan,villa,sale,fully-furnished,1,2260,1,6,4,3,6,0,34914500
Undri,apartment,sale,unfurnished,2,1301,2,23,1,5,5,0,5875200
Undri,studio,rent,fully-furnished,1,334,1,27,4,12,14,0,11600
Pimpri,apartment,sale,semi-furnished,2,1475,2,6,4,1,3,0,8545300
Koregaon Park,commercial,rent,semi-furnished,0,2676,1,0,6,0,1,0,490500
Boat Club Road,commercial,rent,unfurnished,0,4944,1,16,10,0,1,0,861400
Chinchwad,commercial,rent,semi-furnished,0,2079,1,2,4,0,1,0,163500
Chinchwad,studio,sale,unfurnished,1,615,1,6,2,1,8,0,2836700
Pimple Saudagar,apartment,rent,fully-furnished,2,864,2,31,2,10,10,0,30700
Kalyani Nagar,villa,rent,semi-furnished,2,2763,2,19,2,2,11,0,384500
Koregaon Park,apartment,sale,unfurnished,1,604,1,12,4,1,14,0,5817100
Viman Nagar,plot,sale,unfurnished,0,1998,1,12,9,0,1,1,13904600
Hinjewadi,plot,rent,semi-furnished,0,3702,1,29,4,0,1,1,108700
Pimple Saudagar,apartment,sale,fully-furnished,2,818,2,25,5,3,7,0,4651900
Wanowrie,studio,rent,unfurnished,1,447,1,10,1,2,2,0,9000
Boat Club Road,house,sale,fully-furnished,1,611,1,30,2,0,4,0,6402500
Kharadi,apartment,rent,fully-furnished,2,881,2,1,1,21,21,1,50500
Kothrud,villa,rent,unfurnished,3,2362,3,0,5,12,12,1,454200
Hinjewadi,apartment,sale,fully-furnished,4,1910,4,22,0,1,5,1,17556300
Aundh,apartment,sale,fully-furnished,2,805,2,11,2,6,12,1,8890300
Kharadi,apartment,rent,semi-furnished,3,1267,3,16,4,4,17,1,74200
Pimpri,apartment,sale,unfurnished,2,930,2,13,5,3,9,0,5458500
Wakad,apartment,rent,semi-furnished,5,2499,5,25,6,1,7,1,280900
Hadapsar,plot,sale,semi-furnished,0,1755,1,12,4,0,1,0,7177200
Aundh,apartment,sale,semi-furnished,2,1024,2,4,2,2,8,1,7533900
Kalyani Nagar,studio,rent,unfurnished,1,536,1,14,5,2,7,0,26100
Magarpatta,studio,sale,fully-furnished,1,642,1,2,0,4,4,0,6876700
Kalyani Nagar,villa,sale,semi-furnished,4,2910,4,30,3,2,14,0,29201800
Magarpatta,house,sale,unfurnished,3,1068,3,29,3,2,14,0,6299400
Aundh,house,rent,semi-furnished,2,1130,2,13,6,10,15,1,49500
Koregaon Park,commercial,rent,fully-furnished,0,2390,1,5,6,0,1,0,491100
Wagholi,house,rent,semi-furnished,2,1029,2,25,1,1,6,0,18800
Wagholi,commercial,rent,fully-furnished,0,5547,1,14,1,0,1,0,440800
Koregaon Park,commercial,rent,unfurnished,0,3855,1,17,7,0,1,0,835900
Pashan,villa,sale,semi-furnished,3,3543,3,12,4,1,6,0,32125700
Viman Nagar,apartment,sale,semi-furnished,2,1055,2,12,8,5,7,1,11349500
Baner,villa,sale,semi-furnished,3,2594,3,11,9,4,8,1,38680000
Hinjewadi,studio,sale,unfurnished,1,606,1,0,4,9,14,1,5088200
Wagholi,apartment,sale,semi-furnished,2,940,2,18,1,2,6,0,4154100
Shivajinagar,apartment,sale,semi-furnished,4,1705,4,1,8,12,15,1,31011900
Kondhwa,studio,sale,fully-furnished,1,666,1,10,1,1,11,0,3912600
Camp,studio,rent,fully-furnished,1,437,1,8,5,9,12,0,25400
Hinjewadi,apartment,sale,unfurnished,3,1366,3,7,2,11,17,1,10779100
Magarpatta,commercial,rent,semi-furnished,0,3737,1,1,8,0,1,0,456000
Pisoli,house,sale,semi-furnished,2,853,2,7,4,10,12,0,4548200
Baner,house,sale,unfurnished,4,1699,4,25,0,13,13,1,12861400
Pimple Saudagar,apartment,rent,unfurnished,1,1007,1,7,0,1,2,0,12400
Balewadi,house,sale,semi-furnished,2,650,2,3,7,1,2,0,6510000
Camp,commercial,rent,unfurnished,0,857,1,26,4,0,1,0,58100
Koregaon Park,studio,sale,semi-furnished,1,387,1,28,8,9,13,0,4731200
Hadapsar,apartment,rent,unfurnished,2,998,2,26,1,8,9,0,20400
Pashan,studio,sale,unfurnished,1,610,1,29,8,1,2,0,3151800
Balewadi,apartment,sale,semi-furnished,3,1512,3,31,3,2,2,0,11238600
Baner,studio,rent,semi-furnished,1,667,1,18,4,1,5,1,29000
Kondhwa,villa,rent,unfurnished,3,2858,3,19,2,2,2,0,327900
Boat Club Road,apartment,sale,semi-furnished,4,1766,4,21,7,1,4,0,32332600
Pashan,villa,sale,semi-furnished,2,3960,2,21,5,6,11,0,41885800
Baner,apartment,sale,semi-furnished,3,1601,3,0,3,12,16,1,18262500
Pimple Saudagar,house,rent,fully-furnished,2,883,2,15,0,9,14,0,26800
Hadapsar,apartment,rent,fully-furnished,4,1771,4,24,2,4,12,0,117200
Pashan,apartment,sale,semi-furnished,4,1493,4,26,7,2,2,0,15827500
Chinchwad,studio,sale,fully-furnished,1,386,1,20,3,2,9,0,2284800
Kalyani Nagar,house,sale,unfurnished,2,610,2,15,10,4,5,0,7177600
Bavdhan,studio,rent,unfurnished,1,528,1,10,1,0,10,0,20600
Wagholi,studio,sale,unfurnished,1,449,1,29,5,7,7,0,1847200
Hinjewadi,plot,sale,semi-furnished,0,2262,1,29,3,0,1,1,12977000
Koregaon Park,apartment,sale,fully-furnished,1,723,1,14,6,2,7,0,11106200
Viman Nagar,apartment,rent,unfurnished,4,1548,4,2,10,9,11,1,146400
Hinjewadi,apartment,rent,unfurnished,2,1021,2,23,6,3,7,1,38100
Hinjewadi,house,sale,semi-furnished,3,1304,3,14,3,3,5,1,11173500
Aundh,villa,sale,semi-furnished,4,1858,4,22,3,2,6,1,18552800
Boat Club Road,apartment,rent,semi-furnished,5,1767,5,29,9,4,6,0,337700
Wagholi,apartment,sale,unfurnished,3,1247,3,7,3,5,14,0,8168800
Koregaon Park,villa,sale,unfurnished,3,4151,3,9,9,0,21,0,53363100
Wagholi,commercial,rent,fully-furnished,0,5558,1,6,0,0,1,0,337300
Magarpatta,apartment,sale,semi-furnished,2,1160,2,10,7,1,16,0,10616400
Viman Nagar,apartment,rent,fully-furnished,3,1324,3,25,5,1,5,1,85000
Undri,villa,sale,semi-furnished,3,3441,3,24,5,7,7,0,23769500
Hadapsar,apartment,sale,fully-furnished,2,769,2,7,6,4,10,0,5525900
Baner,apartment,sale,fully-furnished,2,788,2,22,6,2,13,1,7950300
Aundh,apartment,sale,unfurnished,2,1377,2,8,6,2,10,1,11339300
Hadapsar,villa,rent,semi-furnished,2,2191,2,28,2,6,10,0,405100
Pimple Saudagar,apartment,sale,unfurnished,3,1506,3,21,2,1,9,0,8683000
Hinjewadi,house,rent,semi-furnished,2,1024,2,21,1,0,5,1,24900
Wakad,house,sale,semi-furnished,2,930,2,23,2,0,15,1,6195900
Kalyani Nagar,apartment,rent,semi-furnished,2,714,2,18,8,1,8,0,59000
Pashan,apartment,sale,semi-furnished,2,1269,2,3,4,1,11,0,10129000
Kharadi,apartment,rent,unfurnished,3,982,3,22,5,4,10,1,50800
Pimple Saudagar,apartment,rent,unfurnished,2,1163,2,20,3,1,10,0,26200
Koregaon Park,apartment,rent,fully-furnished,3,1525,3,19,6,3,13,0,121700
Kalyani Nagar,plot,rent,semi-furnished,0,874,1,21,5,0,1,0,50000
Kothrud,apartment,rent,semi-furnished,3,1545,3,21,5,3,7,1,97000
Pisoli,apartment,sale,unfurnished,3,1444,3,17,1,3,3,0,7447500
Kothrud,commercial,sale,unfurnished,0,2679,1,4,7,0,1,1,28900900
Pimpri,house,sale,semi-furnished,2,765,2,29,8,15,15,0,3552600
Wanowrie,apartment,sale,unfurnished,2,1093,2,17,2,9,12,0,4326200
Wakad,apartment,sale,fully-furnished,2,1109,2,30,2,5,10,1,7200600
Kharadi,house,rent,semi-furnished,3,1327,3,17,5,3,17,1,65500
Pimpri,studio,sale,unfurnished,1,440,1,22,4,4,16,0,1997500
Wagholi,apartment,sale,semi-furnished,2,951,2,11,2,3,13,0,5738800
Pimpri,house,sale,fully-furnished,3,1104,3,23,5,7,11,0,7047700
Pimple Saudagar,apartment,sale,fully-furnished,3,1398,3,0,2,5,9,0,14561600
Viman Nagar,apartment,sale,fully-furnished,3,1228,3,20,4,2,10,1,13465700
Wanowrie,apartment,rent,unfurnished,3,1345,3,5,7,10,11,0,62100
Pimple Saudagar,commercial,rent,semi-furnished,0,4704,1,28,2,0,1,0,335700
Hadapsar,apartment,sale,semi-furnished,3,1610,3,25,0,5,10,0,8448300
Shivajinagar,plot,rent,semi-furnished,0,2810,1,16,7,0,1,1,141500
Hinjewadi,apartment,rent,fully-furnished,2,1224,2,7,3,10,12,1,70100
Kothrud,apartment,sale,unfurnished,2,1009,2,14,3,2,15,1,6759900
Koregaon Park,studio,sale,semi-furnished,1,481,1,12,4,7,12,0,4733200
Undri,apartment,sale,semi-furnished,1,404,1,18,0,3,15,0,1895200
Hinjewadi,apartment,rent,semi-furnished,2,1302,2,11,5,9,13,1,58000
Magarpatta,commercial,rent,fully-furnished,0,1517,1,13,4,0,1,0,57000
Aundh,apartment,sale,semi-furnished,4,1605,4,7,5,1,2,1,19729400
Viman Nagar,villa,rent,unfurnished,2,2978,2,29,6,1,9,1,733100
Hinjewadi,studio,sale,semi-furnished,1,531,1,10,4,13,17,1,5106100
Shivajinagar,apartment,sale,fully-furnished,4,1620,4,20,9,1,15,1,23409600
Hinjewadi,villa,sale,semi-furnished,3,2949,3,19,4,12,14,1,23700200
Bavdhan,apartment,rent,unfurnished,3,1747,3,28,4,5,7,0,67800
Chinchwad,villa,sale,unfurnished,1,2474,1,27,7,6,6,0,17512600
Kalyani Nagar,villa,rent,fully-furnished,3,3878,3,16,7,1,6,0,2111700
Aundh,apartment,sale,semi-furnished,2,1201,2,25,4,12,12,1,11706600
Kothrud,apartment,sale,semi-furnished,5,2020,5,21,7,5,10,1,21246500
Hinjewadi,apartment,sale,semi-furnished,3,1504,3,1,0,11,16,1,14234600
Bavdhan,apartment,rent,semi-furnished,1,641,1,20,0,11,18,0,15800
Kharadi,apartment,rent,semi-furnished,3,1369,3,27,3,9,15,1,65200
Bavdhan,house,sale,fully-furnished,2,901,2,22,5,6,7,0,7022800
Viman Nagar,apartment,sale,semi-furnished,1,788,1,3,6,8,14,1,9954500
Wakad,house,sale,semi-furnished,1,601,1,4,3,0,2,1,5295100
Wakad,apartment,sale,semi-furnished,4,1631,4,16,4,10,13,1,16306900
Viman Nagar,commercial,sale,semi-furnished,0,2454,1,8,9,0,1,1,34848900
Hinjewadi,house,sale,unfurnished,2,978,2,0,4,9,10,1,7262600
Baner,apartment,sale,fully-furnished,2,1335,2,2,6,4,4,1,22321800
Hadapsar,commercial,sale,fully-furnished,0,3386,1,21,4,0,1,0,38327200
Hinjewadi,apartment,sale,unfurnished,2,991,2,30,4,3,3,1,7165200
Aundh,villa,sale,semi-furnished,4,2745,4,9,6,5,7,1,30399800
Viman Nagar,apartment,sale,unfurnished,2,996,2,8,3,3,8,1,9027700
Wagholi,apartment,rent,unfurnished,2,822,2,14,4,0,2,0,22900
Viman Nagar,studio,sale,semi-furnished,1,470,1,29,8,10,15,1,3826200
Magarpatta,studio,rent,fully-furnished,1,641,1,24,1,6,10,0,23200
Wakad,apartment,sale,semi-furnished,5,2171,5,15,4,0,19,1,26650800
Kothrud,studio,rent,semi-furnished,1,490,1,14,4,7,12,1,26300
Pimple Saudagar,commercial,sale,fully-furnished,0,1375,1,21,3,0,1,0,13048800
Viman Nagar,apartment,sale,unfurnished,2,1155,2,29,4,3,7,1,9656600
Hadapsar,studio,rent,semi-furnished,1,471,1,20,5,0,8,0,14100
Hadapsar,apartment,rent,semi-furnished,2,1080,2,28,2,0,20,0,29700
Shivajinagar,apartment,sale,unfurnished,3,1376,3,0,6,1,6,1,19241400
Koregaon Park,apartment,rent,fully-furnished,3,1266,3,1,8,4,11,0,160200
Pimpri,commercial,rent,unfurnished,0,1445,1,28,1,0,1,0,116000
Kothrud,apartment,sale,unfurnished,4,1796,4,1,5,3,12,1,19174400
Baner,plot,sale,unfurnished,0,3379,1,8,2,0,1,1,25169700
Viman Nagar,commercial,sale,unfurnished,0,5091,1,3,10,0,1,1,66358200
Wanowrie,apartment,rent,fully-furnished,2,1224,2,21,3,1,12,0,40500
Baner,apartment,rent,semi-furnished,2,1286,2,27,4,2,2,1,44700
Koregaon Park,plot,rent,semi-furnished,0,1101,1,5,7,0,1,0,35900
Pimple Saudagar,commercial,sale,semi-furnished,0,5818,1,19,0,0,1,0,35552300
Undri,house,rent,fully-furnished,3,1467,3,2,3,2,8,0,69800
Pimple Saudagar,studio,sale,unfurnished,1,445,1,2,2,0,10,0,3046300
Magarpatta,apartment,sale,unfurnished,3,1311,3,28,0,4,8,0,6659300
Magarpatta,apartment,sale,semi-furnished,2,836,2,13,2,1,10,0,6878400
Magarpatta,commercial,rent,fully-furnished,0,1312,1,17,2,0,1,0,198300
Baner,house,rent,unfurnished,2,1192,2,8,7,8,13,1,66700
Viman Nagar,house,sale,unfurnished,3,1299,3,16,4,11,13,1,11831800
Pimple Saudagar,house,rent,semi-furnished,1,603,1,8,2,5,5,0,22700
Magarpatta,studio,rent,semi-furnished,1,444,1,6,5,6,8,0,23100
Wagholi,plot,sale,unfurnished,0,1805,1,26,3,0,1,0,4231600
Pimple Saudagar,plot,rent,fully-furnished,0,805,1,0,2,0,1,0,36600
Pimple Saudagar,apartment,sale,semi-furnished,2,1133,2,24,4,6,6,0,7457900
Magarpatta,studio,sale,unfurnished,1,454,1,29,2,2,2,0,2721800
Koregaon Park,apartment,rent,semi-furnished,2,1407,2,15,9,6,8,0,67300
Kothrud,apartment,sale,fully-furnished,3,984,3,1,3,6,6,1,14198300
Balewadi,apartment,sale,unfurnished,1,865,1,8,5,4,9,0,6232300
Camp,apartment,rent,semi-furnished,4,1910,4,27,4,5,7,0,177600
Pimpri,commercial,sale,semi-furnished,0,4072,1,10,1,0,1,0,23050700
Kharadi,apartment,sale,unfurnished,1,675,1,29,4,0,8,1,4264700
Wakad,apartment,sale,fully-furnished,3,1301,3,16,3,2,2,1,15447300
Hadapsar,house,rent,unfurnished,2,889,2,12,2,2,4,0,20900
Viman Nagar,villa,rent,fully-furnished,4,2561,4,26,6,5,9,1,1118800
Hinjewadi,house,sale,fully-furnished,4,1870,4,15,4,6,6,1,20244900
Chinchwad,studio,sale,unfurnished,1,300,1,5,3,9,15,0,1533700
Pimple Saudagar,apartment,rent,unfurnished,3,1337,3,9,5,4,5,0,56300
Camp,apartment,sale,semi-furnished,2,1160,2,3,2,7,11,0,11697400
Camp,apartment,rent,fully-furnished,4,1721,4,18,5,0,2,0,167000
Chinchwad,plot,sale,unfurnished,0,2698,1,31,4,0,1,0,7587900
Koregaon Park,house,sale,unfurnished,2,608,2,20,6,0,6,0,5322300
Kothrud,studio,sale,semi-furnished,1,547,1,30,5,18,18,1,4330000
Wakad,villa,sale,semi-furnished,2,2535,2,1,2,2,2,1,27648100
Undri,apartment,rent,unfurnished,2,1028,2,9,4,13,13,0,28100
Wakad,apartment,sale,unfurnished,3,1266,3,1,5,0,11,1,11189300
Wanowrie,apartment,rent,unfurnished,2,980,2,15,1,0,4,0,24500
Undri,studio,rent,semi-furnished,1,396,1,10,5,1,8,0,11100
Boat Club Road,apartment,rent,fully-furnished,1,722,1,18,5,5,18,0,39300
Magarpatta,apartment,rent,fully-furnished,3,1615,3,14,6,2,2,0,88700
Koregaon Park,apartment,sale,unfurnished,2,903,2,19,5,0,5,0,6657000
Viman Nagar,apartment,sale,semi-furnished,3,1368,3,4,7,10,10,1,17583900
Baner,commercial,sale,semi-furnished,0,1479,1,8,7,0,1,1,17034700
Kharadi,apartment,sale,semi-furnished,1,689,1,19,6,7,13,1,4730300
Baner,apartment,sale,unfurnished,2,1021,2,2,6,2,8,1,8848200
Kharadi,apartment,rent,semi-furnished,2,1264,2,17,4,5,6,1,42300
Pimple Saudagar,apartment,rent,unfurnished,3,1091,3,24,6,2,2,0,40500
Wagholi,house,rent,fully-furnished,3,1409,3,11,1,5,16,0,53300
Aundh,apartment,rent,semi-furnished,2,1176,2,4,4,2,10,1,43000
Baner,apartment,sale,semi-furnished,2,1048,2,12,7,11,14,1,10494100
Balewadi,apartment,rent,semi-furnished,2,1034,2,2,0,2,10,0,34700
Hinjewadi,apartment,sale,semi-furnished,3,1334,3,22,3,6,11,1,9188300
Hinjewadi,apartment,rent,semi-furnished,5,1866,5,14,5,4,8,1,192400
Kharadi,plot,rent,semi-furnished,0,2272,1,27,6,0,1,1,74700
Aundh,apartment,sale,fully-furnished,3,1126,3,2,5,4,7,1,14360900
Kothrud,apartment,rent,fully-furnished,4,1299,4,7,6,7,9,1,148800
Hinjewadi,plot,sale,semi-furnished,0,2667,1,23,0,0,1,1,11414800
Hadapsar,apartment,rent,unfurnished,4,1551,4,8,3,4,16,0,71000
Balewadi,apartment,rent,semi-furnished,2,1086,2,8,7,0,2,0,35600
Magarpatta,studio,rent,semi-furnished,1,558,1,9,6,1,2,0,21600
Viman Nagar,studio,sale,semi-furnished,1,408,1,10,8,5,6,1,4756400
Aundh,commercial,sale,unfurnished,0,1494,1,23,9,0,1,1,16992700
Kondhwa,apartment,sale,semi-furnished,4,1597,4,9,2,3,13,0,11246900
Bavdhan,apartment,rent,fully-furnished,1,998,1,28,2,5,6,0,16700
Magarpatta,apartment,rent,semi-furnished,2,956,2,1,4,3,4,0,40800
Undri,apartment,sale,semi-furnished,2,1174,2,31,5,5,12,0,5807300
Undri,house,rent,semi-furnished,2,886,2,13,0,2,6,0,19900
Hinjewadi,apartment,sale,fully-furnished,1,841,1,28,5,1,4,1,6196900
Magarpatta,apartment,sale,unfurnished,1,751,1,19,6,2,2,0,6237100
Hinjewadi,apartment,rent,unfurnished,2,564,2,13,2,1,3,1,18900
Hadapsar,apartment,sale,unfurnished,3,1380,3,5,0,2,7,0,8543900
Baner,house,sale,fully-furnished,2,993,2,19,6,5,9,1,9521200
Wakad,apartment,rent,fully-furnished,2,1315,2,11,3,2,3,1,56000
Baner,studio,sale,fully-furnished,1,602,1,15,6,2,14,1,6544900
Pashan,house,sale,unfurnished,4,1926,4,17,3,1,9,0,15545900
Undri,villa,sale,fully-furnished,2,3597,2,18,4,2,2,0,26715400
Chinchwad,house,rent,unfurnished,2,946,2,30,4,9,16,0,28900
Koregaon Park,house,sale,semi-furnished,1,483,1,20,7,2,2,0,5449300
Viman Nagar,apartment,rent,semi-furnished,3,1034,3,18,7,8,8,1,78300
Chinchwad,house,sale,semi-furnished,2,880,2,19,8,3,3,0,5142400
Hinjewadi,apartment,sale,unfurnished,2,1002,2,4,2,9,11,1,7267000
Wanowrie,commercial,sale,semi-furnished,0,3927,1,17,4,0,1,0,30152200
Pisoli,apartment,sale,semi-furnished,1,280,1,22,5,6,17,0,1500000
Undri,studio,sale,semi-furnished,1,434,1,13,4,7,11,0,1701100
Magarpatta,house,rent,unfurnished,3,1317,3,9,5,1,5,0,68800
Aundh,plot,rent,fully-furnished,0,808,1,26,6,0,1,1,44700
Aundh,house,rent,semi-furnished,2,1106,2,3,8,6,10,1,67400
Wagholi,house,rent,semi-furnished,2,1011,2,9,3,8,14,0,12700
Aundh,studio,sale,semi-furnished,1,456,1,17,2,3,3,1,3865800
Chinchwad,villa,sale,semi-furnished,3,1949,3,30,1,0,14,0,8426300
Baner,plot,rent,unfurnished,0,2008,1,3,3,0,1,1,82500
Hinjewadi,apartment,rent,unfurnished,3,1242,3,4,5,1,14,1,51600
Hadapsar,apartment,rent,semi-furnished,2,1040,2,24,3,2,6,0,26700
Kharadi,studio,rent,unfurnished,1,394,1,26,5,7,13,1,21500
Kalyani Nagar,apartment,sale,semi-furnished,3,1349,3,12,4,15,19,0,17833100
Kothrud,apartment,sale,semi-furnished,2,785,2,18,3,0,14,1,5585500
Pisoli,villa,sale,fully-furnished,2,2042,2,16,4,5,10,0,17826900
Pimple Saudagar,commercial,sale,semi-furnished,0,5531,1,18,3,0,1,0,30844800
Hinjewadi,house,rent,semi-furnished,5,1658,5,13,3,5,7,1,163600
Aundh,apartment,sale,fully-furnished,2,1030,2,20,6,8,10,1,13063200
Hinjewadi,villa,rent,unfurnished,1,4199,1,14,2,15,25,1,834000
Wakad,apartment,sale,semi-furnished,3,1409,3,26,7,6,15,1,12290400
Magarpatta,commercial,sale,fully-furnished,0,4529,1,31,8,0,1,0,36711000
Wanowrie,apartment,rent,semi-furnished,3,1341,3,22,1,0,15,0,51300
Viman Nagar,apartment,sale,semi-furnished,4,1601,4,17,4,15,16,1,18468300
Viman Nagar,studio,sale,unfurnished,1,491,1,25,7,6,9,1,4170500
Baner,apartment,sale,semi-furnished,2,669,2,28,5,0,16,1,5614200
Hinjewadi,apartment,rent,semi-furnished,2,775,2,11,5,1,13,1,37500
Viman Nagar,villa,rent,fully-furnished,2,2456,2,7,6,0,2,1,866900
Viman Nagar,apartment,rent,fully-furnished,2,1137,2,17,6,3,6,1,59700
Pisoli,villa,sale,semi-furnished,1,2525,1,8,0,0,5,0,14880200
Balewadi,studio,rent,unfurnished,1,540,1,23,2,5,19,0,15600
Hinjewadi,apartment,sale,semi-furnished,4,1787,4,26,6,3,5,1,13789000
Pimpri,apartment,sale,semi-furnished,4,1388,4,17,3,10,12,0,10930700
Bavdhan,house,rent,unfurnished,4,1595,4,19,1,1,16,0,88700
Kondhwa,commercial,rent,unfurnished,0,2529,1,1,2,0,1,0,202300
Hadapsar,commercial,rent,fully-furnished,0,5762,1,20,2,0,1,0,302100
Pashan,apartment,sale,unfurnished,2,1041,2,21,4,1,2,0,5564600
Viman Nagar,apartment,sale,unfurnished,2,1316,2,11,7,13,14,1,13570700
Pashan,studio,sale,semi-furnished,1,419,1,12,10,6,7,0,3708500
Baner,apartment,rent,fully-furnished,2,836,2,14,4,1,7,1,39500
Pimple Saudagar,apartment,rent,unfurnished,5,1986,5,10,0,5,10,0,148300
Pashan,apartment,sale,unfurnished,4,1798,4,6,6,6,12,0,17006800
Koregaon Park,apartment,sale,unfurnished,2,573,2,15,6,2,15,0,6746500
Wakad,apartment,rent,unfurnished,2,966,2,9,6,2,5,1,30400
Wakad,villa,sale,fully-furnished,2,2567,2,23,3,2,18,1,23978600
Hinjewadi,apartment,rent,semi-furnished,1,440,1,22,1,2,2,1,8700
Aundh,apartment,sale,fully-furnished,2,732,2,10,2,6,11,1,8030600
Kalyani Nagar,villa,sale,unfurnished,1,2498,1,12,5,3,5,0,25846500
Baner,apartment,rent,semi-furnished,2,956,2,23,5,9,9,1,62700
Hinjewadi,apartment,rent,unfurnished,2,1289,2,15,2,11,12,1,37500
Kothrud,plot,rent,semi-furnished,0,3583,1,29,3,0,1,1,104300
Magarpatta,apartment,sale,semi-furnished,2,733,2,12,2,2,8,0,6307900
Aundh,apartment,rent,semi-furnished,4,1613,4,6,6,2,7,1,135800
Kalyani Nagar,apartment,rent,fully-furnished,2,1089,2,12,7,4,9,0,66400
Hinjewadi,villa,sale,semi-furnished,2,3880,2,20,1,0,6,1,30836100
Undri,studio,sale,unfurnished,1,476,1,28,0,4,10,0,1900100
Balewadi,apartment,rent,fully-furnished,2,1195,2,2,4,8,8,0,50700
Kondhwa,apartment,rent,unfurnished,3,1188,3,15,6,1,3,0,48700
Wagholi,plot,rent,fully-furnished,0,1074,1,26,2,0,1,0,31100
Hinjewadi,apartment,rent,unfurnished,4,1871,4,5,0,1,4,1,112200
Kothrud,commercial,rent,fully-furnished,0,4395,1,6,3,0,1,1,522200
Kalyani Nagar,apartment,sale,semi-furnished,2,1041,2,24,10,2,2,0,13208900
Kothrud,apartment,sale,fully-furnished,3,1467,3,24,6,4,10,1,14542200
Wagholi,apartment,sale,semi-furnished,2,1061,2,24,6,7,12,0,5561000
Baner,apartment,rent,fully-furnished,2,1273,2,17,6,11,11,1,62400
Chinchwad,apartment,rent,fully-furnished,2,977,2,3,3,7,8,0,32800
Pimple Saudagar,plot,sale,semi-furnished,0,1290,1,27,4,0,1,0,7319100
Pimple Saudagar,apartment,sale,semi-furnished,3,1616,3,23,3,2,8,0,11500200
Pisoli,apartment,rent,semi-furnished,2,869,2,25,2,9,11,0,13900
Wanowrie,apartment,rent,fully-furnished,2,1068,2,17,0,1,5,0,46200
Viman Nagar,villa,sale,unfurnished,5,2414,5,1,8,1,7,1,25109100
Viman Nagar,apartment,rent,unfurnished,2,1289,2,19,4,6,6,1,51900
Wakad,plot,sale,semi-furnished,0,835,1,30,9,0,1,1,2916700
Magarpatta,plot,rent,unfurnished,0,2118,1,15,4,0,1,0,56600
Shivajinagar,apartment,rent,semi-furnished,2,639,2,30,7,5,6,1,30600
Aundh,studio,rent,unfurnished,1,602,1,23,6,0,14,1,23300
Bavdhan,apartment,sale,fully-furnished,5,1967,5,8,1,4,10,0,20651000
Baner,apartment,rent,semi-furnished,2,893,2,2,4,2,2,1,37300
Balewadi,apartment,rent,unfurnished,2,1252,2,25,3,0,4,0,48100
Kharadi,apartment,rent,fully-furnished,3,1278,3,12,6,1,19,1,82200
Koregaon Park,apartment,rent,semi-furnished,2,1051,2,2,4,0,10,0,62700
Wanowrie,house,sale,semi-furnished,1,686,1,17,2,0,6,0,3399600
Koregaon Park,apartment,sale,semi-furnished,2,1104,2,24,3,0,12,0,11747800
Balewadi,apartment,sale,fully-furnished,2,855,2,7,3,1,8,0,7019000
Koregaon Park,studio,sale,unfurnished,1,565,1,0,8,7,7,0,10645400
Baner,commercial,sale,fully-furnished,0,2270,1,18,6,0,1,1,22681000
Balewadi,villa,rent,fully-furnished,1,1500,1,9,4,1,2,0,463000
Hinjewadi,apartment,sale,fully-furnished,2,1033,2,17,6,4,14,1,9100400
Baner,house,rent,unfurnished,3,1263,3,23,1,0,6,1,65800
Kharadi,plot,rent,semi-furnished,0,1101,1,4,4,0,1,1,36100
Pimple Saudagar,plot,sale,semi-furnished,0,2006,1,1,2,0,1,0,12419900
Pimple Saudagar,apartment,rent,fully-furnished,2,947,2,21,3,5,12,0,32800
Koregaon Park,apartment,sale,unfurnished,2,1079,2,29,5,6,10,0,9918500
Baner,house,rent,unfurnished,4,1675,4,30,8,2,3,1,162000
Hinjewadi,apartment,rent,semi-furnished,4,1534,4,23,1,1,2,1,103600
Viman Nagar,apartment,rent,semi-furnished,1,444,1,16,8,9,14,1,26400
Wakad,apartment,sale,semi-furnished,2,911,2,6,4,1,7,1,8024700
Aundh,apartment,sale,unfurnished,2,1119,2,20,8,5,9,1,8836900
Wakad,apartment,rent,unfurnished,2,830,2,13,4,0,7,1,26500
Aundh,apartment,sale,unfurnished,3,1174,3,4,6,3,15,1,13025600
Kothrud,house,rent,semi-furnished,1,579,1,21,5,4,15,1,31600
Pimple Saudagar,apartment,sale,unfurnished,3,1275,3,7,5,7,19,0,11744000
Viman Nagar,apartment,rent,unfurnished,2,1120,2,12,7,3,7,1,69200
Baner,house,sale,fully-furnished,2,1202,2,24,7,12,12,1,10394400
Aundh,apartment,rent,semi-furnished,2,951,2,10,4,2,2,1,42200
Pimple Saudagar,commercial,sale,semi-furnished,0,623,1,25,5,0,1,0,3842300
Kharadi,house,sale,unfurnished,1,897,1,22,4,0,2,1,4222500
Kalyani Nagar,house,rent,fully-furnished,2,1062,2,1,6,12,12,0,48000
Aundh,apartment,rent,unfurnished,1,853,1,8,4,0,14,1,9100
Balewadi,apartment,rent,unfurnished,4,1743,4,31,3,2,5,0,112400
Baner,apartment,sale,semi-furnished,3,1041,3,10,1,0,5,1,8994300
Pimpri,apartment,rent,unfurnished,2,873,2,21,0,0,13,0,18200
Kothrud,apartment,rent,semi-furnished,3,1592,3,13,4,1,11,1,93200
Balewadi,studio,sale,unfurnished,1,598,1,18,4,7,8,0,4646000
Kothrud,house,rent,semi-furnished,3,1314,3,27,5,2,4,1,76300
Kalyani Nagar,commercial,sale,semi-furnished,0,5901,1,8,5,0,1,0,65108800
Kondhwa,villa,rent,unfurnished,2,3683,2,6,1,8,10,0,305300
Koregaon Park,apartment,sale,semi-furnished,3,1435,3,0,7,3,9,0,23108800
Chinchwad,apartment,rent,semi-furnished,2,1070,2,28,3,8,12,0,30700
Shivajinagar,apartment,sale,fully-furnished,1,544,1,16,6,12,12,1,7195100
Pimpri,villa,sale,fully-furnished,2,3101,2,28,5,15,15,0,25930800
Aundh,plot,sale,semi-furnished,0,4987,1,9,6,0,1,1,25165700
Chinchwad,commercial,sale,fully-furnished,0,3702,1,26,1,0,1,0,24299900
Shivajinagar,apartment,rent,fully-furnished,3,1401,3,27,6,9,12,1,129300
Koregaon Park,apartment,sale,semi-furnished,2,1029,2,25,6,5,12,0,9493800
Hinjewadi,house,sale,unfurnished,2,1159,2,8,4,0,8,1,8601500
Koregaon Park,apartment,rent,semi-furnished,2,1259,2,1,9,8,12,0,111400
Hadapsar,apartment,rent,unfurnished,2,1243,2,15,3,5,12,0,25400
Balewadi,studio,sale,semi-furnished,1,323,1,26,6,5,12,0,2336800
Wakad,commercial,sale,fully-furnished,0,2493,1,21,4,0,1,1,20382200
Aundh,plot,rent,unfurnished,0,802,1,1,4,0,1,1,37100
Hinjewadi,villa,rent,semi-furnished,3,3071,3,9,1,5,7,1,370000
Bavdhan,apartment,rent,fully-furnished,3,898,3,29,4,1,9,0,42500
Kondhwa,apartment,sale,semi-furnished,5,2085,5,25,4,8,14,0,13525400
Hinjewadi,house,sale,unfurnished,2,1106,2,1,2,21,23,1,8769200
Undri,apartment,sale,semi-furnished,1,793,1,4,4,2,5,0,4805500
Pimpri,studio,sale,semi-furnished,1,658,1,27,0,3,3,0,3630500
Hinjewadi,villa,sale,semi-furnished,3,3304,3,25,4,2,2,1,32778000
Magarpatta,apartment,rent,semi-furnished,2,657,2,11,4,0,2,0,31900
Hinjewadi,apartment,sale,semi-furnished,2,1081,2,28,4,3,11,1,5426600
Undri,commercial,sale,semi-furnished,0,4916,1,24,3,0,1,0,30996900
Magarpatta,apartment,rent,fully-furnished,2,956,2,29,5,16,19,0,43800
Kothrud,studio,sale,semi-furnished,1,497,1,17,4,2,6,1,3818600
Koregaon Park,apartment,sale,semi-furnished,3,1330,3,13,4,10,10,0,16065500
Viman Nagar,apartment,sale,unfurnished,3,1260,3,10,8,14,16,1,15713800
Kothrud,house,sale,fully-furnished,1,490,1,8,3,5,14,1,5001000
Undri,commercial,rent,semi-furnished,0,4063,1,2,2,0,1,0,260800
Wagholi,apartment,rent,unfurnished,3,1178,3,18,2,8,8,0,33200
Koregaon Park,apartment,sale,fully-furnished,2,1218,2,18,7,8,15,0,17677300
Hinjewadi,apartment,sale,semi-furnished,3,1394,3,15,3,6,10,1,11138200
Hadapsar,house,rent,unfurnished,2,1145,2,13,3,10,10,0,29200
Pashan,apartment,rent,semi-furnished,2,1267,2,30,5,3,3,0,59900
Wagholi,apartment,rent,fully-furnished,2,1036,2,16,4,9,16,0,30500
Pimple Saudagar,studio,rent,unfurnished,1,531,1,19,1,1,18,0,10100
Hinjewadi,commercial,rent,semi-furnished,0,1757,1,7,1,0,1,1,145400
Kothrud,apartment,rent,unfurnished,3,1409,3,14,3,2,13,1,67900
Kharadi,apartment,rent,semi-furnished,3,1099,3,15,2,7,14,1,52300
Wakad,apartment,sale,fully-furnished,4,1307,4,1,6,0,2,1,17168100
Wakad,villa,rent,semi-furnished,2,2784,2,30,8,0,3,1,495400
Hadapsar,apartment,sale,unfurnished,2,873,2,5,5,5,9,0,4815200
Pisoli,villa,sale,unfurnished,2,3533,2,7,2,12,18,0,19541900
Balewadi,villa,sale,fully-furnished,3,3007,3,19,3,19,19,0,27482800
Pashan,apartment,rent,unfurnished,3,1267,3,8,8,7,17,0,67200
Wakad,apartment,sale,semi-furnished,2,1204,2,0,3,7,11,1,10221500
Kothrud,apartment,sale,unfurnished,2,856,2,10,3,16,17,1,6939200
Chinchwad,villa,rent,fully-furnished,2,1993,2,11,2,4,6,0,262300
Balewadi,plot,sale,semi-furnished,0,3659,1,14,4,0,1,0,20680700
Wagholi,studio,rent,semi-furnished,1,465,1,11,0,6,13,0,13000
Wagholi,apartment,rent,fully-furnished,3,1379,3,22,4,9,9,0,59500
Hinjewadi,commercial,rent,fully-furnished,0,2326,1,12,4,0,1,1,195100
Kothrud,apartment,rent,fully-furnished,3,1547,3,30,1,5,22,1,103400
Koregaon Park,apartment,sale,semi-furnished,2,1092,2,28,8,4,9,0,10673900
Baner,house,rent,semi-furnished,2,1110,2,3,1,5,5,1,56100
Viman Nagar,apartment,rent,semi-furnished,1,790,1,13,3,9,15,1,12700
Balewadi,commercial,sale,semi-furnished,0,5383,1,15,5,0,1,0,41962800
Chinchwad,apartment,sale,fully-furnished,1,960,1,27,3,2,18,0,3748600
Magarpatta,plot,sale,semi-furnished,0,3591,1,10,5,0,1,0,23871500
Kondhwa,studio,sale,semi-furnished,1,406,1,17,3,3,12,0,2422500
Viman Nagar,apartment,sale,unfurnished,4,1896,4,0,6,5,11,1,29486200
Undri,apartment,rent,fully-furnished,3,1373,3,9,5,2,5,0,58900
Viman Nagar,house,rent,fully-furnished,2,1364,2,8,6,7,8,1,80800
Kharadi,villa,sale,semi-furnished,3,1638,3,4,7,1,16,1,16342300
Hinjewadi,house,sale,semi-furnished,3,1481,3,30,1,7,8,1,11716900
Balewadi,villa,sale,fully-furnished,2,3094,2,18,4,4,5,0,49396300
Bavdhan,apartment,sale,fully-furnished,2,941,2,30,5,3,10,0,5658200
Baner,apartment,sale,semi-furnished,2,804,2,0,6,1,6,1,9233600
Baner,villa,sale,fully-furnished,4,3282,4,30,6,6,9,1,34675200
Pisoli,apartment,rent,fully-furnished,1,657,1,3,5,4,5,0,20200
Chinchwad,apartment,rent,fully-furnished,3,1350,3,2,3,6,11,0,64200
Undri,plot,rent,semi-furnished,0,3768,1,19,5,0,1,0,81900
Viman Nagar,apartment,rent,unfurnished,3,1190,3,9,10,2,5,1,75300
Shivajinagar,commercial,rent,fully-furnished,0,5327,1,14,7,0,1,1,681800
Balewadi,apartment,sale,semi-furnished,3,1418,3,8,2,0,5,0,16345100
Aundh,commercial,sale,semi-furnished,0,5571,1,6,6,0,1,1,58203600
Kharadi,apartment,rent,semi-furnished,2,832,2,18,2,13,13,1,37100
Shivajinagar,apartment,rent,unfurnished,2,1132,2,13,7,1,4,1,64900
Shivajinagar,plot,sale,unfurnished,0,1806,1,2,6,0,1,1,20515900
Pimpri,apartment,sale,fully-furnished,3,1130,3,26,6,2,7,0,6470800
Wanowrie,house,rent,semi-furnished,3,1200,3,15,6,0,11,0,62500
Chinchwad,apartment,sale,semi-furnished,4,1650,4,0,1,1,9,0,12527600
Boat Club Road,apartment,rent,unfurnished,3,1365,3,16,6,5,9,0,109500
Kondhwa,commercial,rent,fully-furnished,0,3915,1,1,2,0,1,0,405300
Aundh,house,sale,fully-furnished,1,389,1,14,5,9,9,1,3478100
Pashan,commercial,sale,semi-furnished,0,5844,1,14,5,0,1,0,65785800
Pimple Saudagar,studio,sale,fully-furnished,1,577,1,12,1,2,12,0,3628900
Wakad,apartment,rent,unfurnished,4,1639,4,13,6,5,17,1,116200
Kondhwa,apartment,rent,semi-furnished,1,844,1,4,3,2,3,0,8300
Pashan,house,sale,fully-furnished,2,1060,2,30,6,13,14,0,8586700
Kothrud,studio,rent,semi-furnished,1,379,1,0,6,2,5,1,15900
Baner,apartment,sale,unfurnished,3,1671,3,9,5,9,14,1,14124300
Viman Nagar,apartment,rent,fully-furnished,1,595,1,10,5,12,13,1,30100
Kondhwa,apartment,sale,unfurnished,4,1462,4,19,5,5,9,0,9392400
Kothrud,plot,rent,unfurnished,0,3719,1,28,6,0,1,1,122400
Aundh,apartment,sale,semi-furnished,2,1154,2,25,8,2,7,1,9713600
Kothrud,villa,rent,fully-furnished,2,2202,2,7,5,6,6,1,772700
Viman Nagar,apartment,sale,unfurnished,2,1106,2,4,7,2,2,1,14724400
Wakad,commercial,sale,unfurnished,0,2168,1,12,6,0,1,1,22293600
Hinjewadi,house,rent,semi-furnished,1,782,1,7,3,4,9,1,13200
Chinchwad,apartment,rent,unfurnished,1,508,1,10,2,6,10,0,10400
Hinjewadi,plot,sale,fully-furnished,0,3333,1,6,2,0,1,1,25997500
Kothrud,villa,sale,unfurnished,4,1709,4,20,3,0,3,1,14165300
Hinjewadi,studio,rent,semi-furnished,1,643,1,31,4,8,19,1,21500
Kondhwa,apartment,rent,fully-furnished,4,1509,4,28,2,5,16,0,108900
Magarpatta,villa,sale,unfurnished,4,2090,4,11,4,3,5,0,23713600
Wagholi,apartment,sale,semi-furnished,4,1618,4,29,2,6,8,0,9339400
Magarpatta,studio,rent,semi-furnished,1,322,1,24,5,4,12,0,16300
Balewadi,commercial,rent,semi-furnished,0,5571,1,0,7,0,1,0,499600
Kondhwa,apartment,sale,semi-furnished,1,719,1,1,3,2,16,0,5651400
Undri,apartment,sale,unfurnished,2,961,2,10,1,5,5,0,4916100
Kharadi,villa,sale,semi-furnished,3,2530,3,11,6,2,6,1,23280500
Kharadi,apartment,rent,semi-furnished,2,826,2,19,5,9,13,1,45600
Hinjewadi,house,rent,semi-furnished,4,1603,4,7,4,2,2,1,109300
Pimple Saudagar,studio,sale,fully-furnished,1,656,1,7,5,7,7,0,6347000
Wakad,commercial,sale,semi-furnished,0,3356,1,18,7,0,1,1,21653000
Boat Club Road,plot,sale,semi-furnished,0,4816,1,14,8,0,1,0,51701400
Baner,apartment,rent,semi-furnished,2,1124,2,28,4,20,22,1,63300
Kothrud,commercial,rent,unfurnished,0,3895,1,8,2,0,1,1,233600
Wagholi,apartment,rent,fully-furnished,3,1330,3,7,1,6,11,0,48600
Kalyani Nagar,apartment,sale,semi-furnished,2,1209,2,22,5,2,10,0,13606300
Hinjewadi,commercial,sale,semi-furnished,0,585,1,7,3,0,1,1,5270400
Pimpri,plot,sale,fully-furnished,0,4687,1,5,2,0,1,0,27144500
Baner,house,sale,fully-furnished,3,1663,3,10,2,5,5,1,17262200
Magarpatta,apartment,rent,unfurnished,1,453,1,3,5,3,4,0,21300
Hinjewadi,apartment,rent,unfurnished,4,1848,4,30,0,4,13,1,114600
Pimpri,studio,rent,unfurnished,1,612,1,6,6,10,16,0,14300
Baner,villa,sale,semi-furnished,3,2559,3,25,7,5,10,1,31453900
Pimple Saudagar,apartment,sale,fully-furnished,2,1140,2,21,7,1,2,0,8430300
Magarpatta,plot,sale,semi-furnished,0,1575,1,22,6,0,1,0,8189000
Pimpri,apartment,sale,fully-furnished,3,1255,3,15,6,0,2,0,8835800
Wakad,villa,rent,semi-furnished,3,3344,3,29,3,2,11,1,431500
Kharadi,apartment,rent,semi-furnished,3,1314,3,5,3,15,16,1,70400
Bavdhan,apartment,rent,semi-furnished,3,1339,3,4,5,11,19,0,62300
Pisoli,apartment,rent,semi-furnished,3,1699,3,6,2,5,5,0,41300
Koregaon Park,commercial,sale,fully-furnished,0,929,1,30,3,0,1,0,8828100
Wakad,studio,rent,semi-furnished,1,533,1,29,5,2,12,1,27400
Hadapsar,plot,sale,fully-furnished,0,1280,1,11,0,0,1,0,5570100
Koregaon Park,apartment,rent,fully-furnished,3,1183,3,7,4,1,5,0,118700
Camp,apartment,rent,unfurnished,3,1335,3,30,5,3,12,0,61600
Wanowrie,apartment,rent,fully-furnished,2,956,2,9,1,1,9,0,41300
Baner,apartment,sale,fully-furnished,2,927,2,17,6,6,7,1,8597500
Boat Club Road,commercial,rent,unfurnished,0,4488,1,23,3,0,1,0,393400
Kalyani Nagar,apartment,rent,fully-furnished,2,1068,2,12,7,1,8,0,30100
Magarpatta,apartment,sale,semi-furnished,3,1435,3,13,7,14,14,0,14608300
Hinjewadi,apartment,sale,semi-furnished,3,1332,3,31,1,14,23,1,6978600
Kharadi,villa,rent,semi-furnished,1,3735,1,1,5,6,10,1,700600
Kondhwa,studio,rent,unfurnished,1,473,1,19,4,1,8,0,17300
Hinjewadi,villa,rent,fully-furnished,4,3386,4,3,4,13,16,1,804200
Aundh,house,sale,fully-furnished,3,1284,3,5,3,3,8,1,14116500
Shivajinagar,apartment,rent,fully-furnished,3,1173,3,18,6,2,7,1,110400
Kondhwa,apartment,sale,unfurnished,1,488,1,10,4,3,4,0,3254200
Wagholi,apartment,sale,fully-furnished,1,1008,1,25,2,4,6,0,4054100
Hinjewadi,apartment,sale,fully-furnished,1,280,1,14,4,2,15,1,2071100
Shivajinagar,house,sale,fully-furnished,1,729,1,20,7,6,11,1,7918300
Kondhwa,apartment,rent,unfurnished,4,1740,4,23,0,13,13,0,91200
Kharadi,house,rent,semi-furnished,2,1334,2,17,4,2,13,1,50000
Pashan,house,rent,unfurnished,2,1166,2,1,2,1,18,0,34100
Wagholi,studio,sale,unfurnished,1,527,1,8,2,5,8,0,2606000
Hinjewadi,villa,sale,fully-furnished,2,1433,2,10,5,2,6,1,17957500
Baner,apartment,sale,semi-furnished,2,943,2,15,1,2,5,1,9842200
Kothrud,apartment,sale,unfurnished,2,828,2,11,2,0,9,1,7238200
Koregaon Park,villa,rent,unfurnished,5,3587,5,18,10,8,20,0,1177000
Undri,studio,sale,semi-furnished,1,463,1,17,1,4,6,0,2027500
Wanowrie,plot,rent,unfurnished,0,3875,1,17,1,0,1,0,80100
Undri,plot,rent,semi-furnished,0,4650,1,11,3,0,1,0,87600
Viman Nagar,apartment,sale,unfurnished,3,1095,3,4,8,2,7,1,12372100
Wakad,apartment,rent,fully-furnished,1,853,1,2,3,5,14,1,33200
Kalyani Nagar,studio,sale,fully-furnished,1,633,1,9,4,1,2,0,8085100
Hadapsar,house,rent,unfurnished,2,1000,2,2,1,0,13,0,28700
Hadapsar,commercial,rent,fully-furnished,0,1257,1,23,3,0,1,0,103300
Hadapsar,apartment,sale,semi-furnished,2,970,2,26,3,1,21,0,5149900
Bavdhan,commercial,sale,fully-furnished,0,3352,1,16,2,0,1,0,12012400
Shivajinagar,apartment,sale,fully-furnished,3,1137,3,27,6,3,9,1,12358200
Hinjewadi,apartment,rent,semi-furnished,4,1568,4,25,3,6,8,1,109600
Hadapsar,house,rent,unfurnished,2,1055,2,27,2,10,15,0,32000
Wakad,villa,rent,unfurnished,2,1615,2,14,5,1,2,1,241000
Wagholi,apartment,sale,fully-furnished,3,1494,3,13,0,4,9,0,9339200
Viman Nagar,studio,sale,semi-furnished,1,462,1,6,7,2,2,1,6370900
Viman Nagar,apartment,sale,fully-furnished,2,394,2,22,6,4,6,1,3921400
Kharadi,commercial,rent,fully-furnished,0,3908,1,5,2,0,1,1,591600
Viman Nagar,apartment,sale,unfurnished,2,1085,2,25,6,0,8,1,8640900
Aundh,apartment,rent,semi-furnished,2,1148,2,5,4,3,7,1,29500
Wakad,house,rent,unfurnished,2,1434,2,5,4,1,2,1,43700
Wakad,apartment,sale,semi-furnished,4,1824,4,20,10,0,12,1,16923600
Hinjewadi,commercial,rent,semi-furnished,0,2499,1,4,3,0,1,1,93500
Kharadi,apartment,rent,semi-furnished,2,936,2,9,7,11,12,1,32000
Baner,studio,rent,fully-furnished,1,625,1,2,5,15,15,1,30200
Baner,house,sale,semi-furnished,3,1469,3,29,5,12,16,1,12645500
Hinjewadi,apartment,sale,unfurnished,2,907,2,10,6,6,12,1,6309700
Baner,apartment,sale,semi-furnished,3,1443,3,4,6,6,6,1,17928700
Kothrud,studio,rent,semi-furnished,1,630,1,24,3,6,8,1,25700
Hinjewadi,apartment,rent,semi-furnished,2,873,2,28,4,3,9,1,38900
Pashan,apartment,sale,semi-furnished,2,891,2,29,1,3,5,0,4862000
Pimple Saudagar,apartment,rent,semi-furnished,2,1121,2,1,0,0,12,0,15700
Bavdhan,commercial,rent,unfurnished,0,4377,1,3,3,0,1,0,340300
Viman Nagar,villa,rent,unfurnished,1,2374,1,12,5,0,8,1,895800
Wakad,apartment,rent,fully-furnished,2,939,2,24,9,2,2,1,59100
Viman Nagar,villa,rent,semi-furnished,2,3067,2,21,8,1,4,1,690700
Bavdhan,studio,sale,fully-furnished,1,366,1,30,4,10,13,0,2414500
Magarpatta,apartment,rent,semi-furnished,4,1590,4,31,7,0,2,0,137600
Kalyani Nagar,house,rent,semi-furnished,3,1540,3,18,2,2,2,0,147100
Viman Nagar,plot,rent,fully-furnished,0,4214,1,15,7,0,1,1,247800
Kondhwa,plot,sale,semi-furnished,0,3245,1,11,3,0,1,0,17893500
Kothrud,villa,rent,unfurnished,1,2767,1,17,1,6,15,1,353200
Wagholi,house,sale,unfurnished,3,1333,3,7,1,10,12,0,6972700
Viman Nagar,house,sale,unfurnished,2,933,2,15,8,7,9,1,8284900
Wanowrie,apartment,sale,unfurnished,5,2058,5,22,2,8,12,0,14296300
Wakad,apartment,sale,semi-furnished,2,802,2,4,4,9,10,1,8188300
Hinjewadi,apartment,sale,unfurnished,2,1061,2,3,1,3,6,1,8150600
Hinjewadi,villa,rent,semi-furnished,2,2724,2,22,4,0,5,1,380700
Shivajinagar,apartment,sale,unfurnished,3,1290,3,31,7,1,4,1,11772400
Hinjewadi,apartment,rent,fully-furnished,3,1215,3,30,6,3,6,1,87500
Hinjewadi,commercial,sale,semi-furnished,0,2202,1,10,3,0,1,1,21792100
Wanowrie,apartment,rent,semi-furnished,2,689,2,12,3,6,11,0,26900
Viman Nagar,studio,sale,unfurnished,1,426,1,28,5,12,14,1,2973000
Magarpatta,villa,sale,unfurnished,3,1219,3,22,1,5,11,0,7657900
Hadapsar,apartment,rent,fully-furnished,2,1120,2,31,5,5,8,0,36800
Kothrud,apartment,sale,semi-furnished,2,1172,2,17,1,8,13,1,9038900
Kharadi,apartment,sale,unfurnished,4,1529,4,27,3,1,13,1,9915400
Pisoli,plot,rent,semi-furnished,0,2695,1,24,2,0,1,0,50700
Hinjewadi,apartment,rent,unfurnished,3,1307,3,19,0,1,7,1,48000
Baner,house,rent,unfurnished,4,1907,4,23,3,4,7,1,143100
Hinjewadi,apartment,rent,unfurnished,2,895,2,22,7,2,5,1,38100
Balewadi,apartment,sale,unfurnished,1,740,1,4,3,3,11,0,5113600
Pimpri,house,rent,unfurnished,2,940,2,30,3,2,6,0,23900
Undri,apartment,sale,unfurnished,2,894,2,0,4,3,9,0,5243000
Wakad,studio,sale,semi-furnished,1,389,1,13,7,0,5,1,2668600
Baner,apartment,rent,unfurnished,4,1547,4,6,5,0,9,1,128300
Chinchwad,house,sale,semi-furnished,2,937,2,14,4,7,8,0,4425600
Hadapsar,commercial,sale,semi-furnished,0,5239,1,11,4,0,1,0,43081000
Viman Nagar,studio,rent,semi-furnished,1,483,1,4,3,6,7,1,20300
Wakad,plot,rent,fully-furnished,0,2738,1,12,5,0,1,1,77700
Koregaon Park,commercial,sale,fully-furnished,0,4724,1,2,10,0,1,0,110060100
Hinjewadi,apartment,rent,fully-furnished,2,1110,2,19,5,0,8,1,36900
Koregaon Park,studio,rent,fully-furnished,1,617,1,25,2,11,11,0,49000
Hadapsar,house,sale,unfurnished,3,1498,3,15,2,0,4,0,7208500
Aundh,commercial,rent,semi-furnished,0,4523,1,27,2,0,1,1,277200
Chinchwad,studio,sale,semi-furnished,1,481,1,13,4,6,9,0,3209500
Wanowrie,apartment,rent,semi-furnished,3,1321,3,5,3,1,3,0,55100
Pimpri,apartment,sale,fully-furnished,2,714,2,3,2,4,8,0,4243600
Magarpatta,studio,rent,semi-furnished,1,477,1,15,6,0,10,0,28000
Chinchwad,apartment,rent,unfurnished,4,1643,4,23,1,1,13,0,73200
Hadapsar,house,rent,fully-furnished,4,1588,4,30,3,2,2,0,86100
Aundh,studio,rent,semi-furnished,1,332,1,31,3,8,12,1,14900
Balewadi,house,rent,semi-furnished,4,1714,4,20,1,12,14,0,125700
Camp,apartment,rent,unfurnished,4,1375,4,3,3,1,10,0,119700
Kothrud,apartment,sale,unfurnished,2,1428,2,4,3,4,7,1,10275400
Hadapsar,apartment,rent,semi-furnished,2,1072,2,6,6,1,15,0,39200
Koregaon Park,plot,sale,semi-furnished,0,2065,1,17,9,0,1,0,18674300
Kharadi,villa,rent,unfurnished,2,3037,2,16,5,3,3,1,441200
Chinchwad,house,rent,semi-furnished,4,1876,4,9,6,2,3,0,106100
Pisoli,apartment,rent,fully-furnished,3,1197,3,29,6,9,9,0,57400
Kharadi,apartment,rent,unfurnished,1,698,1,27,6,9,10,1,9200
Wagholi,studio,sale,semi-furnished,1,538,1,22,1,5,10,0,2519500
Kharadi,studio,sale,semi-furnished,1,546,1,4,3,15,19,1,5060200
Pimple Saudagar,apartment,rent,semi-furnished,1,714,1,8,3,5,12,0,27300
Kothrud,apartment,sale,semi-furnished,3,1121,3,22,5,11,17,1,11082400
Shivajinagar,apartment,rent,unfurnished,2,902,2,17,9,2,11,1,40100
Wakad,apartment,sale,fully-furnished,3,1455,3,19,4,1,10,1,13364700
Kharadi,apartment,sale,fully-furnished,2,1022,2,0,7,13,14,1,12554100
Shivajinagar,villa,sale,fully-furnished,2,3018,2,29,8,7,9,1,43215800
Bavdhan,apartment,sale,fully-furnished,3,1069,3,18,4,1,12,0,8735600
Koregaon Park,apartment,sale,semi-furnished,1,742,1,21,9,0,13,0,6540900
Koregaon Park,house,rent,fully-furnished,2,1107,2,17,7,5,12,0,71200
Hadapsar,plot,sale,fully-furnished,0,1520,1,10,0,0,1,0,6871100
Hadapsar,commercial,rent,fully-furnished,0,4523,1,9,2,0,1,0,503200
Chinchwad,apartment,rent,fully-furnished,1,637,1,3,1,8,8,0,15100
Baner,house,rent,unfurnished,3,1463,3,31,3,5,11,1,73300
Wagholi,apartment,sale,unfurnished,2,1046,2,31,3,5,11,0,3223000
Hinjewadi,apartment,sale,semi-furnished,4,1853,4,10,4,1,3,1,19500800
Kharadi,apartment,sale,semi-furnished,2,1067,2,10,10,8,9,1,12988100
Wakad,apartment,rent,fully-furnished,2,1014,2,20,5,9,12,1,63100
Undri,commercial,sale,fully-furnished,0,4086,1,16,7,0,1,0,50536300
Baner,studio,rent,fully-furnished,1,421,1,26,5,2,12,1,28400
Undri,villa,sale,unfurnished,2,3699,2,10,2,6,8,0,23120900
Aundh,apartment,rent,fully-furnished,1,714,1,6,10,2,7,1,30000
Shivajinagar,apartment,sale,fully-furnished,2,1038,2,0,8,4,6,1,17207900
Shivajinagar,apartment,sale,semi-furnished,1,777,1,5,7,4,4,1,9710400
Viman Nagar,house,sale,semi-furnished,3,1350,3,2,4,9,18,1,18027300
Balewadi,plot,sale,unfurnished,0,1027,1,10,6,0,1,0,4635000
Undri,apartment,rent,unfurnished,3,1303,3,20,5,1,2,0,55100
Kharadi,commercial,sale,unfurnished,0,1386,1,20,9,0,1,1,6349300
Aundh,apartment,sale,fully-furnished,2,1099,2,27,0,0,8,1,6397800
Kharadi,apartment,rent,fully-furnished,2,1142,2,10,2,9,11,1,42500
Koregaon Park,studio,sale,semi-furnished,1,466,1,30,5,1,11,0,4524700
Boat Club Road,apartment,rent,fully-furnished,3,1551,3,20,7,14,14,0,151600
Kalyani Nagar,house,rent,unfurnished,2,1007,2,23,4,8,13,0,46400
Hadapsar,apartment,rent,unfurnished,2,764,2,1,5,5,17,0,23800
Balewadi,apartment,sale,unfurnished,2,1018,2,17,3,2,5,0,6943900
Undri,apartment,rent,fully-furnished,1,591,1,31,1,1,9,0,5200
Chinchwad,apartment,sale,semi-furnished,4,1872,4,0,2,7,9,0,15881500
Wanowrie,house,rent,semi-furnished,3,1436,3,29,3,7,9,0,67200
Aundh,apartment,sale,unfurnished,4,1299,4,15,3,2,9,1,9486200
Wanowrie,house,rent,semi-furnished,2,932,2,26,3,0,3,0,24500
Baner,apartment,sale,fully-furnished,2,1125,2,16,4,5,16,1,12575300
Wagholi,apartment,sale,semi-furnished,2,893,2,28,0,10,10,0,3785700
Wanowrie,apartment,sale,unfurnished,1,839,1,18,4,0,3,0,4239700
Chinchwad,apartment,rent,unfurnished,2,822,2,11,3,4,5,0,31800
Wagholi,apartment,rent,fully-furnished,2,1051,2,11,3,11,12,0,18200
Pimple Saudagar,apartment,sale,unfurnished,2,1188,2,12,2,5,6,0,6336400
Undri,apartment,sale,fully-furnished,2,1112,2,6,0,2,9,0,6023600
Chinchwad,apartment,sale,fully-furnished,3,1601,3,4,3,8,12,0,13228400
Kondhwa,apartment,rent,fully-furnished,3,1455,3,11,3,1,6,0,50000
Kharadi,house,sale,semi-furnished,2,991,2,5,6,1,3,1,9137400
Wagholi,villa,rent,fully-furnished,1,3685,1,17,4,2,2,0,552400
Chinchwad,house,rent,semi-furnished,1,601,1,9,3,10,16,0,14000
Wagholi,villa,rent,unfurnished,2,3605,2,21,2,2,7,0,344800
Hadapsar,apartment,rent,semi-furnished,2,921,2,2,4,8,15,0,28300
Wakad,house,rent,semi-furnished,4,1305,4,30,2,3,4,1,98000
Pimple Saudagar,plot,sale,semi-furnished,0,1715,1,7,0,0,1,0,7360600
Balewadi,apartment,sale,unfurnished,4,1724,4,16,4,8,11,0,14303300
Pimpri,house,sale,unfurnished,2,883,2,6,2,2,4,0,4827500
Baner,plot,sale,fully-furnished,0,3050,1,16,9,0,1,1,24080100
Kalyani Nagar,apartment,sale,unfurnished,1,638,1,1,10,2,9,0,8291500
Pisoli,house,sale,fully-furnished,2,1072,2,21,3,0,10,0,5264500
Hinjewadi,apartment,sale,semi-furnished,4,1687,4,9,2,1,9,1,15223900
Viman Nagar,apartment,sale,semi-furnished,3,1259,3,30,6,1,5,1,11492800
Pashan,plot,rent,semi-furnished,0,4136,1,5,10,0,1,0,132700
Wanowrie,apartment,sale,unfurnished,2,490,2,9,2,4,4,0,3214800
Chinchwad,studio,sale,unfurnished,1,580,1,27,1,0,9,0,2185300
Hadapsar,apartment,rent,unfurnished,1,552,1,30,2,9,12,0,13300
Kothrud,studio,rent,semi-furnished,1,561,1,7,5,5,12,1,28400
Wanowrie,villa,sale,semi-furnished,3,3180,3,11,3,5,8,0,21999900
Aundh,apartment,sale,fully-furnished,3,1300,3,29,1,9,12,1,12120100
Wakad,apartment,rent,fully-furnished,1,655,1,1,7,15,16,1,22800
Hinjewadi,apartment,sale,fully-furnished,3,1201,3,4,3,0,10,1,11974800
Kondhwa,villa,rent,unfurnished,2,2109,2,29,2,0,12,0,251000
Kalyani Nagar,apartment,sale,unfurnished,3,1443,3,30,8,4,15,0,13311900
Baner,commercial,rent,semi-furnished,0,1451,1,20,3,0,1,1,230400
Wanowrie,commercial,sale,fully-furnished,0,1617,1,13,0,0,1,0,12806900
Magarpatta,apartment,rent,unfurnished,4,1437,4,5,3,4,6,0,83700
Viman Nagar,apartment,sale,semi-furnished,4,1386,4,18,7,2,9,1,17302600
Undri,house,rent,unfurnished,5,1881,5,1,2,0,8,0,114700
Hinjewadi,studio,rent,unfurnished,1,741,1,18,6,4,15,1,22500
Pashan,house,sale,semi-furnished,2,919,2,17,4,2,2,0,8152300
Hinjewadi,house,rent,unfurnished,2,911,2,2,3,15,17,1,31700
Kothrud,apartment,rent,semi-furnished,2,942,2,1,5,4,6,1,29700
Wakad,plot,sale,semi-furnished,0,4461,1,4,4,0,1,1,22864100
Kharadi,villa,rent,unfurnished,1,2231,1,22,1,3,7,1,291000
Viman Nagar,house,rent,semi-furnished,3,1352,3,28,8,3,9,1,83800
Bavdhan,apartment,sale,fully-furnished,2,901,2,1,2,5,7,0,9717800
Magarpatta,commercial,sale,semi-furnished,0,391,1,13,0,0,1,0,3560500
Hinjewadi,villa,rent,unfurnished,4,2126,4,5,0,0,8,1,239400
Pimpri,commercial,rent,unfurnished,0,1136,1,24,4,0,1,0,57500
Shivajinagar,apartment,sale,unfurnished,3,1330,3,0,8,8,9,1,18441200
Pimpri,commercial,rent,semi-furnished,0,5385,1,1,0,0,1,0,343500
Wagholi,apartment,sale,fully-furnished,2,854,2,30,2,10,12,0,3446200
Wakad,apartment,sale,semi-furnished,3,1270,3,6,5,3,5,1,11456800
Magarpatta,villa,rent,semi-furnished,5,3041,5,20,4,1,2,0,496000
Magarpatta,apartment,rent,fully-furnished,2,847,2,23,2,1,7,0,57800
Koregaon Park,house,rent,semi-furnished,2,1179,2,24,8,9,15,0,84900
Boat Club Road,apartment,rent,fully-furnished,5,2248,5,16,8,11,12,0,474000
Bavdhan,commercial,sale,semi-furnished,0,3833,1,25,0,0,1,0,16517400
Kalyani Nagar,villa,sale,semi-furnished,3,1970,3,31,6,3,3,0,28394500
Baner,apartment,sale,semi-furnished,2,828,2,27,2,8,8,1,6011500
Pimpri,commercial,sale,semi-furnished,0,3326,1,16,4,0,1,0,15266800
Kalyani Nagar,apartment,sale,semi-furnished,3,1389,3,2,5,5,9,0,15895700
Pimple Saudagar,apartment,sale,semi-furnished,2,953,2,23,2,4,4,0,5915200
Kothrud,apartment,rent,unfurnished,1,552,1,22,7,3,4,1,15000
Kothrud,villa,rent,semi-furnished,2,4170,2,29,4,10,10,1,999200
Baner,apartment,rent,fully-furnished,1,620,1,26,4,0,9,1,37900
Chinchwad,apartment,sale,fully-furnished,3,1132,3,30,2,2,6,0,6142500
Kothrud,studio,rent,semi-furnished,1,528,1,29,5,1,2,1,32000
Undri,apartment,sale,semi-furnished,2,1043,2,23,5,6,7,0,5389100
Pisoli,plot,sale,semi-furnished,0,820,1,14,3,0,1,0,3376300
Camp,apartment,rent,semi-furnished,3,1218,3,25,9,0,9,0,77200
Wakad,commercial,sale,fully-furnished,0,4285,1,11,2,0,1,1,44268500
Viman Nagar,studio,rent,fully-furnished,1,469,1,10,6,0,6,1,36900
Aundh,studio,sale,semi-furnished,1,494,1,7,4,7,16,1,5112200
Viman Nagar,plot,sale,semi-furnished,0,2948,1,5,9,0,1,1,27810500
Wakad,apartment,rent,semi-furnished,2,1173,2,2,2,0,2,1,41200
Pimple Saudagar,villa,rent,semi-furnished,1,2254,1,18,0,0,2,0,314400
Undri,apartment,rent,semi-furnished,2,1182,2,1,2,4,5,0,22600
Undri,plot,sale,semi-furnished,0,2077,1,22,2,0,1,0,7004300
Pimple Saudagar,apartment,rent,fully-furnished,1,875,1,19,4,8,10,0,16000
Magarpatta,apartment,sale,fully-furnished,4,1505,4,20,4,0,7,0,13982900
Boat Club Road,commercial,sale,unfurnished,0,1596,1,15,9,0,1,0,28361800
Aundh,house,sale,semi-furnished,2,1060,2,17,1,3,8,1,9972600
Pimple Saudagar,house,sale,semi-furnished,5,1965,5,16,1,2,13,0,14937900
Kothrud,apartment,rent,semi-furnished,3,1341,3,12,5,0,12,1,72100
Wakad,house,sale,fully-furnished,3,853,3,25,4,2,4,1,6348800
Hadapsar,apartment,sale,unfurnished,2,1145,2,12,4,1,9,0,6321600
Hinjewadi,apartment,sale,semi-furnished,3,1494,3,24,2,9,9,1,10960000
Koregaon Park,apartment,rent,semi-furnished,2,1109,2,31,8,8,13,0,91200
Baner,house,sale,unfurnished,2,822,2,18,6,12,14,1,5025500
Wagholi,apartment,sale,fully-furnished,2,945,2,10,1,4,6,0,5423700
Balewadi,studio,rent,unfurnished,1,313,1,24,4,7,8,0,14400
Bavdhan,house,rent,fully-furnished,3,1174,3,7,5,6,11,0,71800
Chinchwad,apartment,sale,semi-furnished,3,1318,3,24,5,9,12,0,7981100
Pimpri,commercial,rent,semi-furnished,0,2076,1,31,2,0,1,0,105600
Boat Club Road,apartment,sale,semi-furnished,3,1329,3,31,5,10,13,0,16844300
Kharadi,house,rent,semi-furnished,2,925,2,14,8,8,8,1,38000
Magarpatta,plot,rent,semi-furnished,0,3587,1,21,8,0,1,0,72100
Wakad,apartment,sale,semi-furnished,2,980,2,21,7,2,8,1,6164700
Viman Nagar,apartment,rent,semi-furnished,3,1208,3,18,7,0,12,1,83600
Wakad,apartment,sale,unfurnished,2,961,2,17,6,11,12,1,7160100
Boat Club Road,apartment,sale,unfurnished,2,1392,2,12,4,8,14,0,14911900
Kharadi,apartment,sale,semi-furnished,3,1266,3,17,7,13,14,1,15565700
Pimple Saudagar,apartment,rent,unfurnished,1,698,1,22,4,2,5,0,22400
Baner,apartment,rent,semi-furnished,1,973,1,30,3,2,2,1,18400
Chinchwad,apartment,rent,fully-furnished,3,1337,3,28,5,1,5,0,60600
Kharadi,villa,rent,unfurnished,3,2517,3,1,4,1,2,1,356600
Balewadi,apartment,rent,semi-furnished,2,998,2,20,3,6,6,0,39200
Undri,apartment,sale,semi-furnished,2,1291,2,24,0,4,12,0,5294700
Kothrud,apartment,rent,unfurnished,4,1374,4,1,4,11,13,1,89800
Viman Nagar,house,sale,fully-furnished,2,935,2,21,10,1,2,1,11043600
Hadapsar,studio,sale,fully-furnished,1,685,1,29,5,1,3,0,3582800
Kalyani Nagar,house,rent,semi-furnished,2,790,2,1,8,9,14,0,55100
Wagholi,apartment,rent,unfurnished,3,1314,3,23,1,1,4,0,41600
Koregaon Park,studio,sale,fully-furnished,1,304,1,22,4,15,16,0,4349600
Aundh,studio,rent,fully-furnished,1,478,1,25,6,2,4,1,25300
Hadapsar,studio,sale,semi-furnished,1,410,1,3,4,7,19,0,2704300
Pimpri,apartment,rent,semi-furnished,1,772,1,18,4,2,14,0,14700
Wagholi,apartment,sale,unfurnished,4,1392,4,14,3,2,11,0,8216700
Hadapsar,plot,rent,unfurnished,0,3768,1,30,4,0,1,0,69600
Koregaon Park,house,rent,unfurnished,1,280,1,9,8,8,8,0,20600
Viman Nagar,studio,rent,unfurnished,1,564,1,2,8,12,13,1,21900
Magarpatta,commercial,rent,unfurnished,0,5995,1,9,1,0,1,0,524700
Pisoli,apartment,rent,fully-furnished,2,1064,2,3,4,1,8,0,37700
Magarpatta,apartment,sale,semi-furnished,2,680,2,19,3,7,12,0,4660700
Boat Club Road,apartment,rent,fully-furnished,2,812,2,6,9,6,8,0,59300
Kothrud,villa,rent,unfurnished,2,2675,2,8,7,9,10,1,421300
Hinjewadi,house,rent,unfurnished,3,1624,3,17,5,10,16,1,64800
Viman Nagar,apartment,sale,semi-furnished,2,1078,2,19,7,8,10,1,11023900
Wanowrie,studio,rent,unfurnished,1,563,1,12,0,1,2,0,16800
Pisoli,apartment,rent,unfurnished,3,1276,3,14,0,7,7,0,44700
Wanowrie,apartment,sale,semi-furnished,3,1575,3,27,3,6,6,0,9512400
Aundh,house,rent,fully-furnished,4,1456,4,11,3,2,10,1,148400
Shivajinagar,house,sale,semi-furnished,1,792,1,5,5,12,15,1,9528200
Hinjewadi,house,sale,fully-furnished,3,1148,3,2,2,10,11,1,12151400
Wakad,apartment,sale,semi-furnished,1,598,1,6,8,8,12,1,5375000
Wagholi,apartment,rent,fully-furnished,3,1147,3,20,3,8,12,0,40600
Baner,apartment,sale,semi-furnished,2,1122,2,28,0,11,14,1,7122900
Viman Nagar,apartment,rent,semi-furnished,1,619,1,28,4,10,11,1,13000
Balewadi,house,sale,unfurnished,2,1012,2,30,6,8,9,0,8478400
Pisoli,house,sale,semi-furnished,2,1343,2,16,3,0,3,0,6562200
Wakad,plot,sale,unfurnished,0,3846,1,31,3,0,1,1,21363400
Baner,apartment,sale,unfurnished,3,1272,3,28,3,1,8,1,9179900
Chinchwad,commercial,rent,semi-furnished,0,453,1,26,4,0,1,0,113600
Koregaon Park,apartment,rent,fully-furnished,4,1971,4,22,4,4,12,0,272700
Hinjewadi,studio,rent,fully-furnished,1,491,1,9,1,12,12,1,25400
Wagholi,villa,rent,fully-furnished,4,3601,4,15,4,2,4,0,345400
Pimpri,apartment,rent,semi-furnished,2,1365,2,29,4,4,13,0,26000
Chinchwad,villa,sale,semi-furnished,1,3059,1,14,0,6,8,0,18350200
Magarpatta,commercial,sale,fully-furnished,0,722,1,20,5,0,1,0,6858700
Baner,studio,sale,semi-furnished,1,627,1,20,2,1,14,1,5791400
Viman Nagar,apartment,rent,unfurnished,3,1321,3,2,5,2,16,1,96800
Hadapsar,studio,sale,unfurnished,1,640,1,29,0,5,5,0,2522100
Wakad,villa,sale,semi-furnished,2,1712,2,2,7,5,5,1,23764700
Pashan,studio,rent,semi-furnished,1,628,1,4,3,1,2,0,26400
Chinchwad,commercial,rent,semi-furnished,0,5204,1,12,3,0,1,0,304200
Bavdhan,apartment,sale,unfurnished,4,1838,4,0,3,2,20,0,16874300
Baner,commercial,sale,unfurnished,0,5567,1,10,1,0,1,1,44943800
Kondhwa,apartment,sale,fully-furnished,2,804,2,29,1,2,14,0,4459600
Baner,apartment,sale,unfurnished,4,1875,4,2,5,5,14,1,19115400
Aundh,studio,rent,semi-furnished,1,599,1,12,7,4,7,1,29400
Koregaon Park,house,sale,semi-furnished,4,1787,4,29,3,1,8,0,21247000
Baner,apartment,sale,semi-furnished,3,1436,3,28,3,14,15,1,11541100
Magarpatta,villa,sale,unfurnished,3,1688,3,8,3,1,2,0,18248800
Baner,villa,rent,semi-furnished,5,3848,5,25,5,7,7,1,822700
Balewadi,apartment,sale,unfurnished,1,636,1,22,10,11,11,0,4534400
Kondhwa,apartment,rent,unfurnished,2,864,2,16,2,20,20,0,19400
Kothrud,apartment,rent,semi-furnished,2,972,2,22,4,6,11,1,48800
Kondhwa,plot,sale,fully-furnished,0,1393,1,25,2,0,1,0,4394200
Pimpri,apartment,sale,fully-furnished,2,1196,2,15,4,5,6,0,7877200
Kothrud,villa,sale,semi-furnished,2,3344,2,14,5,9,18,1,35513100
Pisoli,apartment,sale,unfurnished,2,967,2,3,0,0,2,0,4186900
Aundh,commercial,rent,semi-furnished,0,4342,1,8,4,0,1,1,501800
Hadapsar,apartment,sale,semi-furnished,1,759,1,10,2,3,5,0,3577300
Wakad,apartment,sale,semi-furnished,2,1323,2,30,2,2,2,1,8057100
Pimple Saudagar,apartment,rent,fully-furnished,2,1213,2,10,3,16,20,0,40600
Aundh,house,sale,unfurnished,3,1500,3,9,6,0,4,1,11921900
Viman Nagar,apartment,rent,unfurnished,2,831,2,20,4,2,13,1,28400
Hinjewadi,commercial,sale,semi-furnished,0,2656,1,30,3,0,1,1,14822800
Kharadi,apartment,rent,fully-furnished,2,864,2,6,0,10,10,1,35500
Pashan,commercial,sale,fully-furnished,0,1325,1,28,2,0,1,0,10525100
Kothrud,studio,sale,unfurnished,1,525,1,1,3,4,9,1,5063700
Aundh,plot,sale,semi-furnished,0,3414,1,2,5,0,1,1,18076600
Aundh,apartment,sale,semi-furnished,2,829,2,3,4,1,2,1,7850400
Kondhwa,apartment,rent,semi-furnished,2,801,2,9,0,1,9,0,27900
Hadapsar,apartment,rent,semi-furnished,2,1061,2,15,4,1,9,0,26000
Kalyani Nagar,studio,rent,fully-furnished,1,423,1,19,6,2,6,0,27600
Bavdhan,commercial,sale,unfurnished,0,5530,1,24,3,0,1,0,46140500
Shivajinagar,plot,sale,fully-furnished,0,4553,1,11,7,0,1,1,57435800
Viman Nagar,apartment,rent,unfurnished,2,1054,2,30,7,0,16,1,45000
Magarpatta,plot,rent,unfurnished,0,2945,1,23,4,0,1,0,76300
Baner,plot,rent,unfurnished,0,2182,1,11,3,0,1,1,60900
Pimple Saudagar,apartment,sale,semi-furnished,3,1433,3,4,0,1,3,0,12376400
Shivajinagar,apartment,sale,semi-furnished,2,1407,2,30,8,1,6,1,10974000
Balewadi,studio,rent,unfurnished,1,494,1,0,7,0,10,0,21500
Kothrud,villa,rent,unfurnished,2,2394,2,8,2,7,19,1,400000
Shivajinagar,apartment,sale,unfurnished,1,546,1,4,8,0,7,1,5469700
Shivajinagar,studio,sale,semi-furnished,1,536,1,1,9,0,6,1,7316700
Magarpatta,house,rent,unfurnished,3,1154,3,11,1,6,11,0,49400
Undri,commercial,sale,fully-furnished,0,842,1,18,4,0,1,0,5437200
Wakad,apartment,rent,unfurnished,2,1218,2,16,2,3,11,1,37100
Balewadi,apartment,sale,unfurnished,2,698,2,22,4,4,17,0,5158500
Kharadi,villa,rent,fully-furnished,2,2923,2,14,1,4,10,1,615000
Undri,apartment,sale,semi-furnished,2,1037,2,26,0,17,17,0,3044300
Pimple Saudagar,commercial,rent,unfurnished,0,4146,1,11,1,0,1,0,412400
Kharadi,apartment,sale,semi-furnished,2,1198,2,25,3,0,7,1,8169000
Pimple Saudagar,villa,sale,semi-furnished,2,2009,2,6,4,0,15,0,21847300
Magarpatta,villa,sale,semi-furnished,4,3569,4,25,2,2,2,0,19490300
Kharadi,villa,rent,semi-furnished,4,4786,4,14,5,5,13,1,819700
Aundh,house,sale,fully-furnished,2,1193,2,25,6,0,17,1,10148100
Baner,apartment,sale,semi-furnished,1,665,1,12,4,18,20,1,5402500
Kharadi,studio,rent,semi-furnished,1,608,1,1,7,12,14,1,17600
Aundh,apartment,rent,fully-furnished,3,1109,3,23,4,1,5,1,69300
Hinjewadi,house,sale,semi-furnished,2,1200,2,23,1,2,2,1,7927700
Boat Club Road,apartment,sale,fully-furnished,2,1001,2,2,9,10,10,0,18803400
Kalyani Nagar,apartment,rent,fully-furnished,4,1660,4,19,5,7,22,0,194300
Hinjewadi,studio,rent,semi-furnished,1,348,1,0,2,1,9,1,15300
Kondhwa,studio,rent,fully-furnished,1,360,1,12,0,1,2,0,14200
Kondhwa,apartment,sale,semi-furnished,2,947,2,22,3,0,8,0,3580100
Koregaon Park,apartment,sale,unfurnished,4,1196,4,10,7,4,6,0,15972300
Baner,apartment,sale,fully-furnished,3,1400,3,27,4,4,11,1,13800300
Pimple Saudagar,house,rent,semi-furnished,1,1026,1,31,4,2,8,0,21300
Pashan,villa,rent,semi-furnished,2,3531,2,10,5,0,8,0,643700
Aundh,apartment,rent,fully-furnished,3,1225,3,5,4,12,13,1,86900
Viman Nagar,studio,sale,semi-furnished,1,591,1,13,7,1,7,1,6880500
Aundh,plot,rent,unfurnished,0,1737,1,28,5,0,1,1,70100
Wakad,house,sale,unfurnished,1,540,1,9,4,4,16,1,3471400
Kothrud,apartment,sale,unfurnished,3,1285,3,6,7,5,9,1,12682600
Chinchwad,apartment,rent,unfurnished,5,1554,5,4,0,10,12,0,94500
Pisoli,commercial,rent,fully-furnished,0,5539,1,27,1,0,1,0,547200
Magarpatta,villa,sale,fully-furnished,4,2535,4,4,2,2,11,0,31340900
Hinjewadi,studio,sale,fully-furnished,1,534,1,26,2,6,9,1,3059600
Viman Nagar,apartment,rent,semi-furnished,2,954,2,9,9,2,2,1,64300
Magarpatta,villa,sale,fully-furnished,2,3322,2,3,3,7,7,0,47377400
Kothrud,villa,rent,unfurnished,2,3302,2,8,5,2,7,1,729300
Koregaon Park,villa,rent,unfurnished,1,1994,1,17,7,4,5,0,570000
Pimpri,apartment,sale,semi-furnished,5,1608,5,8,3,9,12,0,12957100
Wagholi,studio,sale,semi-furnished,1,467,1,12,2,11,11,0,2896300
Aundh,apartment,rent,semi-furnished,5,2041,5,31,4,9,9,1,220400
Boat Club Road,house,sale,semi-furnished,3,1472,3,23,8,19,20,0,21552000
Boat Club Road,apartment,rent,semi-furnished,2,717,2,15,7,6,7,0,52900
Wagholi,apartment,sale,semi-furnished,2,1150,2,18,2,2,12,0,5008800
Aundh,villa,rent,fully-furnished,3,3018,3,12,5,6,14,1,870400
Wagholi,house,sale,fully-furnished,2,993,2,18,3,6,9,0,6965600
Wagholi,house,rent,unfurnished,3,1263,3,31,3,11,15,0,42400
Koregaon Park,studio,sale,semi-furnished,1,388,1,18,3,17,18,0,4340200
Chinchwad,apartment,rent,fully-furnished,4,1562,4,27,0,2,11,0,79000
Koregaon Park,apartment,sale,semi-furnished,3,1074,3,24,8,3,6,0,11958800
Hadapsar,apartment,sale,semi-furnished,3,1580,3,21,2,10,14,0,8225600
Chinchwad,house,sale,unfurnished,3,1374,3,21,0,2,2,0,6300400
Pashan,apartment,sale,fully-furnished,3,1302,3,23,4,2,2,0,10112800
Wakad,villa,sale,semi-furnished,5,3076,5,19,1,1,12,1,30255500
Aundh,studio,rent,unfurnished,1,331,1,31,4,0,4,1,18900
Koregaon Park,apartment,sale,semi-furnished,2,1197,2,29,6,2,5,0,12091900
Kondhwa,apartment,sale,unfurnished,1,669,1,2,1,5,13,0,3149300
Bavdhan,apartment,sale,semi-furnished,4,1563,4,14,6,3,3,0,12583400
Wanowrie,commercial,sale,semi-furnished,0,1356,1,9,3,0,1,0,14947200
Koregaon Park,apartment,sale,fully-furnished,4,1665,4,26,6,1,11,0,20071600
Magarpatta,apartment,sale,semi-furnished,2,1130,2,2,4,7,18,0,10090600
Undri,villa,sale,semi-furnished,2,3847,2,28,6,5,8,0,23736100
Koregaon Park,apartment,sale,fully-furnished,1,366,1,19,8,4,6,0,4473100
Pimpri,plot,rent,fully-furnished,0,4405,1,1,0,0,1,0,80700
Pimpri,villa,rent,fully-furnished,2,3105,2,26,0,2,10,0,369200
Hinjewadi,house,rent,semi-furnished,3,1062,3,23,5,3,7,1,45900
Kalyani Nagar,apartment,rent,semi-furnished,3,1250,3,12,8,1,2,0,112200
Koregaon Park,studio,rent,semi-furnished,1,443,1,22,2,2,3,0,22900
Wakad,apartment,sale,semi-furnished,2,776,2,16,9,4,14,1,6097400
Bavdhan,apartment,rent,fully-furnished,2,956,2,30,0,3,7,0,34200
Pimple Saudagar,villa,rent,unfurnished,3,2863,3,0,3,2,3,0,425400
Aundh,plot,sale,semi-furnished,0,1400,1,0,7,0,1,1,13643400
Koregaon Park,villa,rent,unfurnished,1,3327,1,10,8,4,4,0,975200
Boat Club Road,apartment,sale,unfurnished,5,1987,5,13,6,4,9,0,30935500
Hadapsar,house,rent,semi-furnished,2,792,2,19,3,3,6,0,17700
Wagholi,house,sale,fully-furnished,3,1178,3,28,3,7,11,0,6102200
Aundh,apartment,rent,semi-furnished,2,960,2,6,5,7,7,1,51800
Chinchwad,apartment,rent,semi-furnished,1,970,1,15,2,2,15,0,19200
Hadapsar,villa,sale,unfurnished,4,1807,4,14,3,15,17,0,15042600
Magarpatta,apartment,rent,fully-furnished,3,1355,3,18,6,7,10,0,89300
Wagholi,apartment,rent,unfurnished,4,1697,4,28,1,2,4,0,67300
Boat Club Road,plot,sale,fully-furnished,0,1227,1,12,5,0,1,0,18661700
Wanowrie,villa,sale,semi-furnished,3,1505,3,8,4,12,21,0,20071800
Bavdhan,studio,rent,unfurnished,1,649,1,29,7,0,7,0,15000
Hinjewadi,apartment,sale,unfurnished,2,809,2,9,3,4,11,1,5071300
Viman Nagar,house,sale,fully-furnished,2,604,2,17,5,4,6,1,7165700
Kothrud,studio,rent,semi-furnished,1,616,1,15,8,13,13,1,21800
Hinjewadi,apartment,rent,fully-furnished,1,828,1,20,0,10,11,1,23600
Hinjewadi,apartment,sale,semi-furnished,2,938,2,14,1,2,7,1,7171700
Koregaon Park,house,rent,semi-furnished,4,1866,4,9,5,3,5,0,204800
Hinjewadi,villa,rent,unfurnished,2,4218,2,4,2,3,15,1,577600
Kharadi,villa,rent,semi-furnished,2,2066,2,30,2,4,17,1,501700
Koregaon Park,apartment,rent,semi-furnished,3,1617,3,4,2,4,5,0,111800
Aundh,commercial,rent,fully-furnished,0,265,1,8,6,0,1,1,77000
Bavdhan,apartment,rent,semi-furnished,1,447,1,0,4,7,11,0,22400
Kothrud,apartment,rent,unfurnished,3,1358,3,17,2,8,16,1,68000
Hinjewadi,commercial,sale,unfurnished,0,3225,1,18,5,0,1,1,26825500
Kothrud,house,rent,unfurnished,2,972,2,0,2,7,12,1,43600
Hinjewadi,apartment,sale,unfurnished,2,767,2,26,2,3,8,1,4520900
Chinchwad,apartment,sale,semi-furnished,2,960,2,5,2,3,8,0,5230000
Wagholi,apartment,sale,semi-furnished,1,578,1,5,1,0,4,0,2770900
Kothrud,plot,sale,fully-furnished,0,4201,1,12,7,0,1,1,30636300
Boat Club Road,commercial,rent,unfurnished,0,584,1,7,10,0,1,0,45900
Aundh,house,rent,semi-furnished,5,1955,5,6,5,1,2,1,274600
Hinjewadi,house,sale,fully-furnished,1,638,1,20,2,7,15,1,4288100
Aundh,apartment,sale,semi-furnished,2,1206,2,30,2,3,10,1,9590900
Camp,commercial,sale,semi-furnished,0,3939,1,25,3,0,1,0,41139100
Balewadi,apartment,rent,fully-furnished,2,957,2,13,0,0,10,0,38800
Aundh,plot,sale,fully-furnished,0,1566,1,20,3,0,1,1,11343500
Kondhwa,apartment,sale,unfurnished,3,1213,3,25,4,10,13,0,6266000
Kondhwa,villa,sale,unfurnished,1,3567,1,24,2,6,8,0,19534800
Hadapsar,villa,rent,semi-furnished,2,3040,2,26,2,0,11,0,249100
Boat Club Road,apartment,sale,semi-furnished,2,660,2,27,7,0,14,0,7026400
Wagholi,apartment,rent,semi-furnished,1,637,1,18,4,7,10,0,19600
Chinchwad,studio,sale,semi-furnished,1,440,1,6,6,0,7,0,2865400
Kondhwa,commercial,sale,unfurnished,0,305,1,26,1,0,1,0,1500000
Baner,apartment,sale,unfurnished,2,894,2,3,3,2,2,1,8035300
Kalyani Nagar,house,sale,semi-furnished,2,870,2,17,8,4,11,0,10505800
Viman Nagar,house,sale,fully-furnished,1,829,1,17,4,2,7,1,10660400
Hinjewadi,house,sale,semi-furnished,2,870,2,3,4,2,14,1,6575100
Pimple Saudagar,apartment,rent,semi-furnished,1,876,1,3,2,3,6,0,10400
Camp,apartment,rent,semi-furnished,2,1079,2,22,4,14,21,0,54100
Hadapsar,studio,sale,unfurnished,1,501,1,20,0,4,15,0,1753600
Balewadi,house,rent,fully-furnished,1,397,1,12,5,12,13,0,13100
Koregaon Park,apartment,rent,unfurnished,4,1455,4,27,8,4,6,0,159400
Viman Nagar,apartment,rent,semi-furnished,2,1247,2,29,9,0,2,1,53800
Aundh,house,rent,fully-furnished,3,1210,3,3,3,3,13,1,94700
Pimpri,apartment,sale,fully-furnished,4,1452,4,11,2,1,4,0,10092100
Hinjewadi,apartment,rent,unfurnished,2,1337,2,12,1,5,8,1,35300
Camp,apartment,rent,fully-furnished,4,1613,4,31,5,5,9,0,191000
Wakad,apartment,rent,unfurnished,4,1374,4,13,5,1,2,1,110000
Baner,apartment,rent,fully-furnished,3,1449,3,23,6,2,2,1,107000
Pimple Saudagar,villa,sale,unfurnished,4,2484,4,23,5,7,13,0,18634700
Viman Nagar,studio,sale,semi-furnished,1,570,1,29,6,10,14,1,4090800
Aundh,villa,rent,semi-furnished,3,1614,3,30,7,4,5,1,560500
Pimple Saudagar,studio,sale,fully-furnished,1,514,1,12,1,12,21,0,4791800
Viman Nagar,apartment,sale,fully-furnished,2,725,2,0,3,6,7,1,10813900
Balewadi,apartment,rent,unfurnished,3,1225,3,9,0,8,10,0,56300
Pimpri,apartment,sale,semi-furnished,2,1230,2,21,4,8,17,0,5052400
Pisoli,apartment,rent,semi-furnished,2,800,2,26,3,4,7,0,21100
Baner,apartment,rent,unfurnished,2,1182,2,24,4,7,9,1,32800
Kondhwa,plot,sale,semi-furnished,0,3607,1,22,2,0,1,0,15534900
Kharadi,villa,sale,fully-furnished,3,3168,3,29,6,2,7,1,37200900
Viman Nagar,apartment,rent,semi-furnished,4,1705,4,26,9,1,16,1,182800
Kothrud,apartment,rent,semi-furnished,2,852,2,25,4,2,5,1,41100
Bavdhan,house,sale,unfurnished,4,1431,4,21,1,5,5,0,10771900
Kharadi,apartment,sale,semi-furnished,3,1405,3,18,5,1,5,1,12589800
Hinjewadi,studio,sale,semi-furnished,1,434,1,26,0,0,3,1,1929600
Pashan,apartment,rent,unfurnished,2,1037,2,21,3,2,5,0,28300
Kothrud,studio,rent,fully-furnished,1,459,1,24,6,15,18,1,30400
Magarpatta,villa,sale,semi-furnished,3,3644,3,2,1,3,10,0,33964800
Viman Nagar,apartment,sale,fully-furnished,3,1510,3,29,4,7,10,1,16729900
Magarpatta,house,sale,fully-furnished,1,1002,1,10,8,9,11,0,9524000
Camp,apartment,sale,unfurnished,2,1011,2,8,4,4,15,0,8836000
Balewadi,studio,rent,fully-furnished,1,345,1,29,4,0,4,0,16700
Kharadi,studio,rent,fully-furnished,1,537,1,22,2,6,11,1,29700
Wanowrie,villa,sale,unfurnished,3,2611,3,2,2,0,6,0,20572400
Undri,commercial,sale,semi-furnished,0,5533,1,9,2,0,1,0,23726100
Wanowrie,villa,sale,unfurnished,1,3631,1,2,6,10,17,0,34634000
Pimple Saudagar,apartment,sale,unfurnished,2,828,2,5,1,13,14,0,5568100
Chinchwad,apartment,rent,semi-furnished,3,1418,3,25,5,6,9,0,61900
Pimple Saudagar,commercial,sale,semi-furnished,0,5669,1,21,4,0,1,0,28241200
Hadapsar,apartment,rent,semi-furnished,3,1233,3,28,6,14,18,0,46400
Wakad,commercial,sale,unfurnished,0,5864,1,29,6,0,1,1,42594300
Hinjewadi,apartment,sale,semi-furnished,2,805,2,10,3,0,9,1,6279100
Pimpri,house,sale,fully-furnished,2,1308,2,21,4,4,7,0,8445700
Pimple Saudagar,apartment,rent,unfurnished,1,673,1,1,2,4,10,0,18900
Boat Club Road,studio,sale,semi-furnished,1,601,1,11,5,3,10,0,8329500
Pimple Saudagar,apartment,sale,fully-furnished,2,995,2,0,6,0,7,0,9517400
Wanowrie,apartment,rent,fully-furnished,4,1751,4,17,4,0,4,0,129900
Aundh,house,rent,unfurnished,5,1701,5,23,1,3,10,1,183300
Hadapsar,studio,rent,fully-furnished,1,646,1,3,1,0,5,0,20800
Viman Nagar,apartment,rent,semi-furnished,5,1977,5,19,6,5,11,1,259700
Magarpatta,apartment,sale,unfurnished,2,786,2,0,4,3,14,0,7650400
Magarpatta,apartment,rent,unfurnished,5,1778,5,12,6,2,2,0,156600
Hinjewadi,house,sale,semi-furnished,4,1443,4,28,0,4,5,1,10677400
Kothrud,apartment,sale,fully-furnished,3,1323,3,10,4,7,15,1,12667400
Baner,house,sale,semi-furnished,4,1903,4,4,5,9,13,1,22479100
Koregaon Park,studio,rent,semi-furnished,1,699,1,15,7,3,8,0,49300
Kothrud,villa,sale,unfurnished,4,3070,4,23,2,1,2,1,27843100
Kharadi,plot,sale,semi-furnished,0,4158,1,14,6,0,1,1,19739400
Kothrud,plot,rent,unfurnished,0,2001,1,31,4,0,1,1,63900
Kharadi,house,sale,unfurnished,2,1049,2,20,1,1,5,1,5654000
Wagholi,commercial,sale,semi-furnished,0,2113,1,27,3,0,1,0,15115200
Kalyani Nagar,apartment,sale,semi-furnished,3,1014,3,5,5,2,5,0,14226200
Kharadi,villa,sale,fully-furnished,2,1940,2,18,6,5,8,1,23779400
Undri,apartment,rent,semi-furnished,2,878,2,10,6,0,22,0,19500
Koregaon Park,apartment,sale,semi-furnished,2,912,2,1,8,6,10,0,15965900
Balewadi,house,sale,semi-furnished,1,787,1,26,5,8,10,0,6039200
Hadapsar,studio,sale,semi-furnished,1,393,1,6,2,13,19,0,2020600
Shivajinagar,commercial,sale,semi-furnished,0,3837,1,1,8,0,1,1,80930300
Hinjewadi,apartment,sale,semi-furnished,3,1272,3,3,0,11,13,1,12858700
Wakad,apartment,rent,fully-furnished,3,1238,3,12,2,0,3,1,88900
Kharadi,studio,sale,semi-furnished,1,562,1,19,6,0,3,1,4430000
Pashan,apartment,rent,semi-furnished,4,1511,4,15,3,14,19,0,92700
Hadapsar,apartment,sale,unfurnished,2,998,2,25,3,1,9,0,3800600
Balewadi,commercial,rent,unfurnished,0,4813,1,13,5,0,1,0,564800
Wanowrie,villa,sale,unfurnished,4,2544,4,29,1,3,10,0,7612200
Kalyani Nagar,studio,sale,unfurnished,1,485,1,22,10,3,13,0,5321700
Hinjewadi,apartment,sale,unfurnished,2,1012,2,3,1,4,4,1,7568400
Wakad,apartment,sale,unfurnished,3,1344,3,17,5,19,21,1,10394600
Kalyani Nagar,villa,sale,unfurnished,2,2674,2,27,5,0,2,0,21476600
Magarpatta,apartment,sale,unfurnished,5,1937,5,12,3,5,14,0,21373300
Baner,villa,rent,fully-furnished,2,2025,2,23,4,6,9,1,361800
Chinchwad,apartment,rent,unfurnished,3,1217,3,17,3,17,20,0,43500
Kothrud,apartment,rent,semi-furnished,1,684,1,2,5,9,9,1,30100
Bavdhan,commercial,sale,fully-furnished,0,647,1,10,2,0,1,0,6425200
Hinjewadi,apartment,sale,fully-furnished,3,1386,3,18,2,1,2,1,12515300
Undri,apartment,sale,semi-furnished,2,1305,2,22,1,2,9,0,5266300
Kothrud,apartment,sale,unfurnished,4,1570,4,22,5,1,2,1,11511400
Kothrud,apartment,rent,fully-furnished,2,847,2,5,4,3,19,1,43600
Balewadi,house,sale,fully-furnished,1,280,1,30,5,9,9,0,2064700
Kondhwa,villa,rent,semi-furnished,3,3040,3,28,5,15,15,0,432100
Kondhwa,apartment,sale,unfurnished,4,1933,4,26,1,3,5,0,9575400
Kharadi,studio,sale,semi-furnished,1,355,1,30,2,2,8,1,2225600
Pashan,apartment,sale,fully-furnished,4,1944,4,28,5,9,13,0,18189900
Boat Club Road,apartment,sale,unfurnished,3,1358,3,31,6,7,21,0,14060900
Chinchwad,apartment,sale,fully-furnished,3,1386,3,26,7,2,10,0,8898500
Aundh,villa,rent,semi-furnished,3,2774,3,21,3,11,14,1,508400
Chinchwad,apartment,sale,semi-furnished,2,1140,2,22,4,13,15,0,5175200
Chinchwad,apartment,rent,unfurnished,2,1209,2,7,2,16,18,0,26500
Undri,apartment,sale,semi-furnished,2,1061,2,7,1,9,14,0,7060400
Pimpri,plot,sale,unfurnished,0,4430,1,0,2,0,1,0,15015800
Wakad,studio,sale,fully-furnished,1,665,1,22,5,2,3,1,6843700
Magarpatta,studio,rent,fully-furnished,1,361,1,18,5,0,4,0,14600
Pimpri,apartment,sale,semi-furnished,2,917,2,21,2,4,9,0,4604200
Pimpri,apartment,sale,semi-furnished,2,1257,2,16,1,5,7,0,7387400
Hadapsar,villa,sale,semi-furnished,2,2994,2,23,5,11,14,0,23716800
Pimple Saudagar,apartment,sale,semi-furnished,2,1004,2,18,0,1,11,0,5224900
Pashan,plot,sale,unfurnished,0,4625,1,6,7,0,1,0,26460200
Kalyani Nagar,villa,sale,semi-furnished,3,2796,3,2,6,0,8,0,47924700
Aundh,commercial,sale,semi-furnished,0,513,1,21,9,0,1,1,4707600
Viman Nagar,apartment,rent,semi-furnished,1,620,1,21,6,7,7,1,20100
Wakad,villa,sale,fully-furnished,4,2200,4,7,3,0,2,1,26980600
Pimple Saudagar,plot,rent,fully-furnished,0,2438,1,26,1,0,1,0,70400
Pisoli,house,sale,semi-furnished,3,1510,3,26,3,12,13,0,7516400
Wagholi,apartment,sale,semi-furnished,4,1688,4,6,4,13,13,0,13421600
Hinjewadi,house,rent,unfurnished,1,794,1,9,3,7,7,1,20700
Hinjewadi,apartment,sale,unfurnished,2,937,2,30,0,3,10,1,4956200
Hadapsar,apartment,rent,unfurnished,2,882,2,20,2,12,13,0,22800
Hadapsar,apartment,rent,fully-furnished,3,1483,3,2,3,4,5,0,61300
Baner,apartment,sale,semi-furnished,1,750,1,21,7,8,10,1,6648800
Pimple Saudagar,apartment,sale,semi-furnished,2,986,2,29,3,9,13,0,6400500
Pashan,apartment,sale,fully-furnished,3,1356,3,31,6,8,8,0,11310400
Baner,studio,rent,unfurnished,1,615,1,1,6,6,11,1,30900
Aundh,studio,sale,fully-furnished,1,441,1,11,6,8,12,1,4809000
Magarpatta,villa,sale,semi-furnished,3,4089,3,9,4,2,2,0,44284800
Shivajinagar,commercial,sale,semi-furnished,0,2288,1,22,4,0,1,1,21119100
Magarpatta,apartment,sale,fully-furnished,2,1159,2,9,5,0,4,0,12631000
Hinjewadi,house,sale,fully-furnished,2,1126,2,9,1,2,2,1,9842900
Shivajinagar,commercial,sale,fully-furnished,0,5371,1,28,8,0,1,1,86651500
Magarpatta,apartment,rent,semi-furnished,2,1108,2,26,4,1,4,0,41000
Aundh,studio,rent,fully-furnished,1,636,1,17,2,0,16,1,27400
Undri,apartment,sale,semi-furnished,2,908,2,13,3,3,12,0,5064000
Baner,apartment,rent,unfurnished,2,1099,2,23,4,0,9,1,50000
Aundh,commercial,sale,semi-furnished,0,1776,1,6,4,0,1,1,21921900
Baner,villa,rent,unfurnished,3,2845,3,26,6,2,11,1,742700
Wakad,studio,sale,semi-furnished,1,300,1,26,6,11,13,1,2633400
Wakad,apartment,sale,fully-furnished,2,940,2,6,10,4,14,1,10745200
Pimpri,villa,rent,fully-furnished,2,3756,2,3,6,3,5,0,711800
Kalyani Nagar,apartment,sale,semi-furnished,1,303,1,3,3,9,16,0,3533300
Kalyani Nagar,commercial,rent,semi-furnished,0,3171,1,18,8,0,1,0,468900
Kondhwa,house,sale,semi-furnished,3,1377,3,12,5,9,13,0,9850200
Pisoli,apartment,sale,fully-furnished,2,1046,2,2,0,2,7,0,6866400
Aundh,commercial,sale,fully-furnished,0,1343,1,16,5,0,1,1,13414700
Baner,apartment,rent,semi-furnished,2,807,2,8,4,5,14,1,30400
Magarpatta,commercial,sale,fully-furnished,0,1447,1,6,4,0,1,0,22113600
Shivajinagar,apartment,sale,fully-furnished,3,1439,3,30,8,0,5,1,17718600
Kharadi,house,rent,unfurnished,2,1248,2,6,5,1,16,1,51300
Balewadi,apartment,rent,fully-furnished,2,1185,2,9,10,10,13,0,70900
Wagholi,studio,sale,unfurnished,1,541,1,29,2,5,8,0,1808000
Hinjewadi,studio,rent,unfurnished,1,643,1,3,2,2,7,1,14000
Aundh,house,sale,semi-furnished,3,1409,3,20,5,1,2,1,11558000
Balewadi,apartment,rent,semi-furnished,2,708,2,8,6,2,3,0,28500
Magarpatta,house,rent,semi-furnished,2,1433,2,23,2,0,6,0,40400
Undri,apartment,rent,semi-furnished,3,1472,3,14,5,6,8,0,33300
Undri,plot,sale,semi-furnished,0,4156,1,19,3,0,1,0,21157500
Shivajinagar,house,rent,unfurnished,2,807,2,26,7,19,21,1,36100
Undri,plot,sale,fully-furnished,0,766,1,5,0,0,1,0,3507600
Hinjewadi,apartment,rent,fully-furnished,2,901,2,26,3,1,4,1,38700
Baner,villa,rent,fully-furnished,2,2429,2,12,6,3,13,1,743000
Hadapsar,studio,sale,fully-furnished,1,389,1,16,5,3,4,0,2911500
Hadapsar,apartment,sale,unfurnished,2,831,2,20,1,2,9,0,3311900
Baner,house,sale,fully-furnished,2,927,2,15,5,3,9,1,9357500
Kothrud,apartment,rent,unfurnished,5,1939,5,5,0,2,7,1,186900
Balewadi,studio,rent,unfurnished,1,584,1,11,7,6,8,0,20400
Chinchwad,apartment,rent,fully-furnished,5,1892,5,9,1,3,9,0,159100
Wakad,studio,sale,semi-furnished,1,545,1,0,2,0,14,1,3935000
Chinchwad,apartment,sale,semi-furnished,4,1691,4,0,8,3,3,0,14999100
Balewadi,apartment,sale,semi-furnished,3,835,3,26,4,1,9,0,6325900
Camp,apartment,rent,fully-furnished,3,1387,3,23,5,14,18,0,71700
Baner,studio,rent,unfurnished,1,300,1,23,7,1,2,1,12000
Wanowrie,apartment,rent,fully-furnished,3,1526,3,18,6,1,9,0,79800
Kharadi,studio,sale,unfurnished,1,444,1,21,7,0,2,1,2575100
Viman Nagar,plot,sale,unfurnished,0,1009,1,11,8,0,1,1,8583800
Magarpatta,house,sale,unfurnished,4,1723,4,24,6,7,8,0,14470900
Baner,apartment,rent,fully-furnished,2,907,2,10,5,6,6,1,56900
Bavdhan,apartment,rent,fully-furnished,2,646,2,21,0,0,14,0,26700
Kothrud,plot,sale,unfurnished,0,1523,1,5,3,0,1,1,12373400
Pimpri,apartment,rent,semi-furnished,1,541,1,29,5,5,13,0,12800
Koregaon Park,apartment,rent,unfurnished,2,1222,2,13,6,3,4,0,70300
Aundh,plot,sale,semi-furnished,0,4304,1,27,4,0,1,1,26544900
Undri,apartment,rent,semi-furnished,3,1091,3,13,3,1,2,0,42100
Pimpri,studio,sale,unfurnished,1,435,1,3,4,4,6,0,2628600
Viman Nagar,apartment,rent,fully-furnished,5,1830,5,20,6,7,7,1,302400
Kharadi,apartment,sale,unfurnished,1,944,1,3,6,2,5,1,7790300
Pisoli,apartment,sale,unfurnished,4,1285,4,25,0,7,16,0,4980100
Hinjewadi,villa,sale,unfurnished,1,2268,1,27,2,4,15,1,17026700
Kharadi,villa,rent,semi-furnished,2,1891,2,27,9,6,6,1,414700
Hinjewadi,apartment,sale,fully-furnished,2,898,2,10,3,4,6,1,6677500
Kalyani Nagar,apartment,sale,semi-furnished,2,677,2,23,5,14,16,0,7277100
Kondhwa,house,rent,fully-furnished,2,1201,2,24,2,17,17,0,13400
Kalyani Nagar,villa,sale,unfurnished,4,2245,4,20,7,5,15,0,26086400
Hadapsar,apartment,sale,semi-furnished,1,765,1,26,8,4,5,0,4067600
Shivajinagar,apartment,sale,semi-furnished,3,1064,3,27,6,0,4,1,8454300
Undri,apartment,sale,semi-furnished,4,1889,4,13,3,0,10,0,12739500
Kothrud,studio,rent,fully-furnished,1,468,1,23,4,0,4,1,29200
Kondhwa,studio,sale,unfurnished,1,481,1,15,3,13,18,0,2559700
Magarpatta,apartment,rent,semi-furnished,3,1414,3,3,6,1,13,0,77000
Aundh,apartment,rent,semi-furnished,2,1092,2,25,2,2,9,1,57000
Hadapsar,apartment,sale,semi-furnished,4,2105,4,9,1,3,3,0,13933600
Undri,apartment,rent,unfurnished,2,1151,2,28,5,2,4,0,20300
Camp,studio,sale,unfurnished,1,300,1,27,6,9,9,0,2567000
Undri,house,sale,semi-furnished,2,930,2,12,4,4,6,0,4827400
Hinjewadi,apartment,rent,unfurnished,2,794,2,18,0,2,7,1,22500
Wakad,apartment,rent,unfurnished,5,1977,5,2,6,8,11,1,193700
Baner,apartment,sale,semi-furnished,4,1723,4,11,4,6,8,1,19079800
Wakad,apartment,sale,unfurnished,2,843,2,12,4,2,4,1,5805400
Aundh,apartment,sale,semi-furnished,2,906,2,30,9,0,2,1,7309000
Bavdhan,commercial,rent,fully-furnished,0,898,1,22,6,0,1,0,167000
Kothrud,villa,sale,fully-furnished,4,1829,4,31,5,0,3,1,15995600
Bavdhan,plot,rent,semi-furnished,0,2980,1,15,1,0,1,0,56600
Kothrud,studio,sale,fully-furnished,1,494,1,6,4,6,8,1,5909300
Kharadi,apartment,sale,unfurnished,2,1126,2,30,6,3,6,1,6315100
Viman Nagar,apartment,sale,fully-furnished,3,926,3,10,3,7,9,1,12657700
Hinjewadi,apartment,sale,unfurnished,4,1590,4,26,3,7,15,1,11646000
Hinjewadi,plot,rent,fully-furnished,0,2785,1,30,0,0,1,1,104200
Kharadi,apartment,sale,semi-furnished,4,1626,4,20,6,8,8,1,17819300
Baner,villa,rent,unfurnished,4,3072,4,25,4,4,8,1,630600
Pimple Saudagar,apartment,rent,semi-furnished,4,1667,4,28,1,11,17,0,99400
Baner,house,sale,semi-furnished,2,1049,2,11,6,8,12,1,10721500
Hinjewadi,studio,sale,fully-furnished,1,536,1,3,3,5,10,1,5743300
Kalyani Nagar,commercial,rent,semi-furnished,0,5180,1,17,9,0,1,0,629400
Hinjewadi,apartment,sale,unfurnished,2,1084,2,5,3,2,14,1,7403900
Koregaon Park,apartment,sale,fully-furnished,2,1124,2,13,8,6,9,0,18799000
Hadapsar,house,sale,unfurnished,1,740,1,21,0,6,10,0,3241200
Kothrud,house,rent,fully-furnished,2,736,2,21,3,1,10,1,42200
Balewadi,villa,sale,unfurnished,3,3288,3,13,4,6,12,0,31910600
Wakad,commercial,rent,unfurnished,0,3195,1,10,4,0,1,1,274000
Koregaon Park,apartment,sale,semi-furnished,2,747,2,15,5,2,3,0,7261400
Kothrud,apartment,rent,fully-furnished,2,921,2,31,6,8,11,1,56500
Koregaon Park,apartment,sale,semi-furnished,3,1365,3,31,6,0,7,0,15654700
Pashan,villa,sale,fully-furnished,3,3515,3,2,4,9,9,0,37771100
Hinjewadi,apartment,sale,semi-furnished,3,1315,3,21,1,5,20,1,9755100
Koregaon Park,apartment,sale,fully-furnished,2,1045,2,4,7,2,17,0,17270400
Chinchwad,villa,sale,semi-furnished,2,2254,2,23,2,0,4,0,11917300
Kalyani Nagar,house,rent,semi-furnished,2,968,2,16,6,3,13,0,59300
Hadapsar,studio,sale,unfurnished,1,394,1,5,0,0,8,0,1630500
Pisoli,studio,sale,unfurnished,1,300,1,21,3,11,11,0,1500000
Viman Nagar,villa,sale,fully-furnished,3,2746,3,1,4,9,10,1,47874600
Wakad,apartment,sale,semi-furnished,3,1069,3,7,5,6,6,1,12943100
Hadapsar,apartment,sale,unfurnished,1,489,1,0,5,0,2,0,2690200
Wakad,apartment,sale,unfurnished,2,1009,2,22,4,1,2,1,6332200
Chinchwad,apartment,rent,unfurnished,2,785,2,2,0,3,14,0,21800
Balewadi,commercial,sale,fully-furnished,0,2950,1,3,6,0,1,0,43266600
Baner,apartment,sale,semi-furnished,1,543,1,27,5,2,5,1,3604400
Koregaon Park,apartment,rent,semi-furnished,3,1322,3,9,6,3,5,0,105000
Baner,commercial,rent,semi-furnished,0,4945,1,29,5,0,1,1,599200
Kondhwa,apartment,rent,fully-furnished,2,1477,2,3,2,8,14,0,36400
Balewadi,plot,rent,semi-furnished,0,2130,1,29,6,0,1,0,56200
Hinjewadi,apartment,rent,unfurnished,4,1634,4,11,4,11,22,1,103300
Koregaon Park,villa,sale,unfurnished,1,2729,1,0,6,5,13,0,36992700
Kothrud,villa,sale,fully-furnished,2,3019,2,18,5,0,10,1,31954100
Kharadi,plot,rent,unfurnished,0,1930,1,28,5,0,1,1,59800
Hinjewadi,studio,rent,semi-furnished,1,479,1,14,4,10,10,1,17500
Kondhwa,apartment,sale,unfurnished,1,910,1,14,3,0,5,0,3971800
Balewadi,commercial,sale,semi-furnished,0,1279,1,25,3,0,1,0,7752900
Pisoli,apartment,rent,unfurnished,2,964,2,31,1,0,7,0,22600
Pimple Saudagar,apartment,sale,unfurnished,4,1821,4,1,3,2,10,0,16144400
Wakad,apartment,sale,unfurnished,3,1309,3,2,3,2,13,1,10736800
Kalyani Nagar,apartment,sale,unfurnished,2,976,2,25,8,5,9,0,7629600
Baner,apartment,sale,unfurnished,3,1103,3,20,4,2,4,1,9656600
Baner,apartment,rent,semi-furnished,5,2208,5,15,8,8,11,1,305500
Balewadi,apartment,sale,unfurnished,1,743,1,28,4,8,12,0,4762600
Magarpatta,house,rent,fully-furnished,2,816,2,4,5,1,2,0,50600
Pimpri,house,sale,semi-furnished,2,929,2,11,2,0,2,0,5218100
Hinjewadi,studio,sale,unfurnished,1,567,1,7,2,2,7,1,3906200
Chinchwad,commercial,sale,fully-furnished,0,1515,1,3,1,0,1,0,9427400
Wakad,house,sale,semi-furnished,2,1061,2,11,5,1,2,1,8563400
Kharadi,apartment,sale,unfurnished,2,944,2,9,2,3,8,1,5825300
Hinjewadi,plot,sale,unfurnished,0,4686,1,6,0,0,1,1,26158500
Hinjewadi,apartment,sale,fully-furnished,3,1283,3,11,4,1,2,1,13022600
Baner,house,sale,semi-furnished,4,1448,4,16,0,1,3,1,12753200
Hinjewadi,house,sale,semi-furnished,2,858,2,28,0,6,13,1,5055200
Wagholi,studio,sale,semi-furnished,1,408,1,24,4,1,6,0,1777100
Hinjewadi,apartment,rent,fully-furnished,4,1879,4,31,1,0,3,1,150400
Viman Nagar,commercial,rent,semi-furnished,0,3474,1,4,6,0,1,1,182100
Balewadi,apartment,sale,semi-furnished,2,1143,2,10,4,11,14,0,8754000
Hadapsar,apartment,rent,unfurnished,1,694,1,25,4,8,14,0,12300
Undri,villa,rent,semi-furnished,2,2547,2,12,0,0,6,0,133900
Kalyani Nagar,apartment,rent,semi-furnished,2,747,2,0,5,0,7,0,54900
Wakad,studio,rent,semi-furnished,1,600,1,16,3,1,2,1,21400
Undri,studio,sale,fully-furnished,1,449,1,22,6,10,10,0,3089800
Koregaon Park,apartment,rent,fully-furnished,1,927,1,25,6,8,8,0,34200
Aundh,commercial,sale,semi-furnished,0,2690,1,26,5,0,1,1,20667800
Aundh,apartment,rent,semi-furnished,2,1173,2,27,5,11,11,1,65400
Aundh,apartment,sale,fully-furnished,2,923,2,25,6,2,16,1,8254700
Hadapsar,villa,sale,unfurnished,2,3053,2,16,5,2,3,0,16639900
Kothrud,apartment,sale,unfurnished,3,1027,3,1,6,1,8,1,10169600
Camp,apartment,sale,fully-furnished,4,1811,4,1,2,2,9,0,22977500
Kalyani Nagar,apartment,sale,fully-furnished,2,975,2,10,7,17,18,0,13339900
Shivajinagar,apartment,sale,fully-furnished,2,1243,2,15,6,7,13,1,16030300
Kalyani Nagar,apartment,sale,fully-furnished,3,1125,3,1,7,5,14,0,24422600
Balewadi,plot,sale,semi-furnished,0,4755,1,21,3,0,1,0,16701000
Wanowrie,studio,rent,fully-furnished,1,508,1,1,3,7,7,0,17300
Chinchwad,plot,rent,semi-furnished,0,2177,1,7,2,0,1,0,53200
Kothrud,commercial,sale,fully-furnished,0,1197,1,17,5,0,1,1,17647900
Kothrud,villa,sale,unfurnished,4,2476,4,23,5,3,7,1,15855500
Balewadi,apartment,sale,semi-furnished,4,1463,4,31,4,3,15,0,11220200
Pimple Saudagar,plot,sale,semi-furnished,0,4677,1,21,0,0,1,0,19995500
Hadapsar,plot,sale,unfurnished,0,3096,1,25,6,0,1,0,7888400
Baner,studio,sale,fully-furnished,1,324,1,2,2,1,3,1,4734000
Undri,apartment,sale,fully-furnished,3,1142,3,13,1,9,14,0,9067200
Viman Nagar,plot,sale,fully-furnished,0,1510,1,1,8,0,1,1,12248300
Kondhwa,apartment,rent,unfurnished,2,1412,2,17,2,5,12,0,36700
Baner,house,rent,semi-furnished,2,1071,2,26,1,2,8,1,59800
Kharadi,commercial,rent,unfurnished,0,3122,1,4,4,0,1,1,250900
Baner,apartment,sale,fully-furnished,4,1643,4,2,8,8,10,1,27752800
Baner,villa,rent,fully-furnished,3,2479,3,15,5,12,16,1,849200
Pisoli,studio,rent,unfurnished,1,687,1,21,5,7,14,0,12400
Pimple Saudagar,apartment,sale,semi-furnished,2,855,2,21,2,6,7,0,5282300
Hinjewadi,apartment,rent,semi-furnished,3,1140,3,18,1,3,12,1,58000
Viman Nagar,plot,sale,semi-furnished,0,1028,1,30,4,0,1,1,7961900
Viman Nagar,apartment,sale,semi-furnished,3,1275,3,7,7,2,5,1,15165000
Wakad,apartment,sale,fully-furnished,3,1148,3,6,1,7,11,1,11054000
Hinjewadi,apartment,sale,fully-furnished,2,883,2,25,4,5,14,1,6821500
Kharadi,apartment,rent,semi-furnished,2,944,2,10,7,3,7,1,36500
Magarpatta,villa,rent,semi-furnished,2,1910,2,12,5,6,8,0,348300
Kalyani Nagar,commercial,rent,fully-furnished,0,2887,1,9,5,0,1,0,530400
Kalyani Nagar,studio,sale,fully-furnished,1,504,1,10,5,0,2,0,6011600
Bavdhan,house,rent,semi-furnished,5,2073,5,30,3,1,9,0,187200
Wakad,studio,rent,unfurnished,1,475,1,17,5,7,13,1,16000
Viman Nagar,house,rent,fully-furnished,3,1486,3,12,6,1,16,1,106300
Wanowrie,apartment,rent,semi-furnished,3,1019,3,22,2,0,4,0,54800
Koregaon Park,villa,sale,fully-furnished,5,2043,5,17,8,5,17,0,38163300
Hinjewadi,studio,sale,fully-furnished,1,500,1,12,0,1,8,1,3611200
Aundh,apartment,rent,semi-furnished,2,981,2,28,8,1,12,1,51800
Kothrud,apartment,rent,fully-furnished,2,789,2,17,6,10,13,1,21100
Hinjewadi,apartment,sale,semi-furnished,3,1172,3,20,6,6,7,1,9796400
Balewadi,villa,sale,unfurnished,2,3125,2,0,4,0,8,0,20752800
Undri,studio,rent,semi-furnished,1,568,1,26,0,5,5,0,11700
Pashan,apartment,sale,unfurnished,2,953,2,0,5,7,14,0,7714700
Koregaon Park,house,rent,unfurnished,1,678,1,23,6,3,14,0,21100
Wakad,studio,rent,fully-furnished,1,420,1,4,2,12,12,1,17200
Kharadi,apartment,sale,semi-furnished,2,1394,2,13,5,6,14,1,11876300
Balewadi,studio,sale,unfurnished,1,333,1,17,4,6,19,0,1510200
Kalyani Nagar,apartment,sale,unfurnished,3,781,3,18,9,5,15,0,9342500
Wakad,apartment,sale,unfurnished,2,982,2,22,1,1,5,1,5152700
Kothrud,apartment,sale,semi-furnished,2,1191,2,20,3,4,5,1,9782400
Shivajinagar,apartment,rent,semi-furnished,3,1216,3,19,8,0,17,1,95200
Wanowrie,apartment,rent,unfurnished,3,1414,3,19,6,7,18,0,51900
Hadapsar,apartment,sale,semi-furnished,3,1200,3,15,1,7,8,0,7937600
Kothrud,apartment,rent,semi-furnished,2,817,2,2,4,2,21,1,27000
Kothrud,studio,sale,semi-furnished,1,300,1,22,3,4,5,1,2143800
Kalyani Nagar,studio,sale,semi-furnished,1,597,1,12,7,0,6,0,7267800
Pimple Saudagar,commercial,rent,unfurnished,0,944,1,23,2,0,1,0,100400
Wakad,plot,rent,unfurnished,0,991,1,14,5,0,1,1,36600
Camp,villa,sale,unfurnished,3,2172,3,10,3,9,9,0,29065800
Boat Club Road,commercial,sale,fully-furnished,0,3031,1,6,7,0,1,0,60708700
Kharadi,apartment,sale,semi-furnished,2,910,2,12,4,5,7,1,7058500
Pisoli,apartment,rent,fully-furnished,3,1245,3,7,4,6,8,0,37300
Pimple Saudagar,apartment,rent,fully-furnished,2,936,2,0,3,2,2,0,35700
Magarpatta,apartment,sale,semi-furnished,4,1832,4,3,6,1,5,0,22733900
Chinchwad,apartment,sale,unfurnished,3,1075,3,15,2,1,6,0,5833900
Viman Nagar,apartment,sale,fully-furnished,2,847,2,27,8,1,2,1,8612200
Undri,studio,sale,fully-furnished,1,499,1,21,4,9,15,0,3186700
Kalyani Nagar,villa,sale,unfurnished,2,2355,2,19,4,0,5,0,29216600
Magarpatta,apartment,rent,unfurnished,3,1173,3,31,1,4,7,0,50700
Hadapsar,villa,sale,semi-furnished,2,3326,2,11,4,4,8,0,29437400
Pimple Saudagar,villa,rent,fully-furnished,2,2343,2,30,3,8,14,0,230300
Undri,apartment,rent,unfurnished,1,567,1,5,2,11,16,0,8700
Hinjewadi,studio,rent,unfurnished,1,403,1,8,0,0,4,1,12600
Wagholi,apartment,rent,unfurnished,4,1776,4,29,3,7,9,0,76700
Pisoli,apartment,rent,semi-furnished,3,1720,3,12,3,9,19,0,74400
Baner,apartment,sale,fully-furnished,4,1618,4,31,4,15,16,1,16966600
Wagholi,apartment,rent,fully-furnished,4,1470,4,25,3,10,12,0,83600
Aundh,apartment,sale,unfurnished,3,1157,3,29,4,12,21,1,7950000
Kothrud,apartment,sale,fully-furnished,3,1423,3,4,5,4,7,1,20509700
Aundh,villa,sale,fully-furnished,2,2059,2,9,1,5,9,1,18790600
Balewadi,commercial,sale,semi-furnished,0,5389,1,2,6,0,1,0,48773200
Wakad,villa,rent,unfurnished,3,2211,3,12,5,2,12,1,387200
Viman Nagar,studio,rent,unfurnished,1,360,1,5,5,2,4,1,27700
Viman Nagar,studio,rent,semi-furnished,1,323,1,20,7,2,3,1,25400
Magarpatta,studio,rent,semi-furnished,1,405,1,15,1,4,6,0,19600
Koregaon Park,studio,rent,semi-furnished,1,473,1,1,5,22,23,0,32000
Wakad,villa,sale,unfurnished,1,2222,1,12,6,7,15,1,20065300
Pisoli,plot,sale,fully-furnished,0,3512,1,2,1,0,1,0,16826600
Wakad,commercial,rent,unfurnished,0,4900,1,20,4,0,1,1,477000
Hinjewadi,apartment,rent,fully-furnished,2,1082,2,31,3,3,5,1,35100
Pashan,commercial,rent,unfurnished,0,2704,1,13,6,0,1,0,290000
Pimple Saudagar,studio,sale,semi-furnished,1,303,1,20,0,5,5,0,1910200
Hinjewadi,house,rent,fully-furnished,4,1838,4,25,2,2,8,1,140400
Wagholi,apartment,sale,unfurnished,2,1052,2,31,0,0,14,0,3442000
Pisoli,studio,sale,semi-furnished,1,364,1,2,6,4,12,0,2307900
Koregaon Park,apartment,sale,fully-furnished,2,991,2,15,6,0,4,0,10359900
Baner,apartment,sale,unfurnished,2,838,2,0,2,4,12,1,8038800
Kharadi,apartment,rent,fully-furnished,4,1533,4,14,8,1,2,1,154500
Viman Nagar,apartment,rent,fully-furnished,2,1083,2,20,6,1,6,1,53900
Wakad,apartment,sale,semi-furnished,2,1134,2,3,3,2,8,1,10991200
Aundh,commercial,sale,unfurnished,0,2906,1,8,5,0,1,1,28356600
Hinjewadi,apartment,sale,fully-furnished,2,592,2,27,2,1,13,1,4187000
Pimpri,apartment,rent,fully-furnished,3,976,3,22,1,2,8,0,34900
Baner,commercial,sale,fully-furnished,0,4045,1,0,1,0,1,1,64577400
Aundh,apartment,sale,semi-furnished,5,2079,5,28,3,2,8,1,19023900
Chinchwad,apartment,rent,fully-furnished,4,1635,4,0,3,1,4,0,88300
Pimpri,apartment,rent,semi-furnished,3,1532,3,6,3,4,5,0,52000
Baner,apartment,sale,semi-furnished,2,1009,2,15,7,3,4,1,9976300
Kalyani Nagar,commercial,sale,fully-furnished,0,4085,1,29,3,0,1,0,51661400
Baner,apartment,sale,fully-furnished,3,1343,3,31,5,3,7,1,13955000
Bavdhan,apartment,sale,semi-furnished,3,1123,3,15,3,5,6,0,7002000
Viman Nagar,apartment,rent,semi-furnished,2,930,2,7,8,6,6,1,47000
Hinjewadi,plot,sale,unfurnished,0,1491,1,7,3,0,1,1,7932400
Baner,apartment,rent,semi-furnished,4,1556,4,2,4,12,12,1,138900
Kothrud,villa,sale,semi-furnished,2,1453,2,23,5,2,6,1,17060600
Magarpatta,apartment,sale,fully-furnished,3,1021,3,1,2,5,12,0,11132300
Kothrud,apartment,rent,unfurnished,2,944,2,8,2,6,7,1,31300
Pimple Saudagar,apartment,sale,semi-furnished,4,1988,4,12,6,13,18,0,18082200
Pimple Saudagar,apartment,sale,fully-furnished,3,1295,3,13,3,5,8,0,11630500
Wanowrie,studio,sale,unfurnished,1,647,1,5,5,10,10,0,4559400
Wakad,apartment,sale,semi-furnished,3,1215,3,6,7,0,2,1,11709200
Viman Nagar,house,rent,semi-furnished,3,1354,3,8,10,4,10,1,127800
Koregaon Park,apartment,sale,fully-furnished,2,555,2,15,10,0,6,0,9241500
Koregaon Park,studio,sale,fully-furnished,1,454,1,18,7,0,2,0,7256600
Shivajinagar,commercial,rent,unfurnished,0,3494,1,28,5,0,1,1,380000
Boat Club Road,apartment,rent,fully-furnished,2,800,2,1,6,1,16,0,65400
Kothrud,apartment,sale,semi-furnished,4,1664,4,9,4,13,15,1,18045600
Hinjewadi,apartment,rent,fully-furnished,2,1393,2,28,4,1,6,1,51400
Pimple Saudagar,plot,sale,semi-furnished,0,3070,1,5,5,0,1,0,20420000
Bavdhan,apartment,sale,fully-furnished,1,632,1,15,0,1,16,0,4319100
Pashan,house,sale,unfurnished,2,1090,2,8,5,8,9,0,6063600
Kharadi,house,rent,fully-furnished,2,1250,2,0,5,10,10,1,47300
Hinjewadi,apartment,sale,semi-furnished,3,1451,3,2,3,2,12,1,12707400
Magarpatta,studio,sale,fully-furnished,1,581,1,6,3,4,5,0,6181000
Undri,apartment,rent,unfurnished,1,581,1,26,0,2,2,0,7400
Kalyani Nagar,apartment,sale,semi-furnished,2,630,2,0,10,9,10,0,10142600
Koregaon Park,apartment,sale,fully-furnished,3,1421,3,5,6,10,10,0,26862200
Kalyani Nagar,studio,rent,unfurnished,1,443,1,20,8,0,2,0,24200
Kondhwa,apartment,sale,semi-furnished,4,1496,4,9,1,13,14,0,10029300
Chinchwad,villa,sale,fully-furnished,2,2859,2,31,2,10,15,0,18483500
Wagholi,apartment,sale,unfurnished,1,888,1,29,3,10,12,0,3593400
Hinjewadi,apartment,sale,fully-furnished,3,1466,3,6,5,4,6,1,16014600
Baner,commercial,sale,unfurnished,0,2409,1,31,5,0,1,1,18997400
Pashan,apartment,sale,fully-furnished,1,744,1,28,2,1,9,0,4623800
Hadapsar,commercial,sale,fully-furnished,0,1779,1,16,2,0,1,0,15491400
Pimpri,commercial,sale,semi-furnished,0,698,1,3,2,0,1,0,3595400
Hadapsar,house,rent,semi-furnished,2,1012,2,18,2,0,4,0,25600
Shivajinagar,house,rent,semi-furnished,3,1356,3,23,6,6,10,1,93500
Pisoli,commercial,rent,unfurnished,0,5611,1,22,1,0,1,0,450800
Chinchwad,apartment,sale,semi-furnished,3,997,3,1,2,0,10,0,6807500
Koregaon Park,apartment,sale,unfurnished,3,1124,3,1,10,9,12,0,18730600
Hadapsar,commercial,rent,unfurnished,0,1458,1,12,2,0,1,0,114600
Hinjewadi,house,sale,semi-furnished,4,1870,4,26,5,1,13,1,14735000
Aundh,apartment,rent,semi-furnished,2,1174,2,7,2,10,14,1,39300
Viman Nagar,house,rent,fully-furnished,2,1030,2,18,7,0,4,1,47000
Balewadi,studio,sale,semi-furnished,1,567,1,0,4,7,8,0,4254500
Koregaon Park,villa,sale,unfurnished,3,2485,3,8,5,1,5,0,36732600
Wakad,apartment,rent,unfurnished,2,839,2,14,2,0,9,1,40200
Aundh,plot,sale,semi-furnished,0,2218,1,31,4,0,1,1,9618900
Pashan,apartment,sale,unfurnished,4,1401,4,5,5,1,11,0,12950400
Chinchwad,apartment,sale,semi-furnished,2,1166,2,12,2,2,5,0,6208000
Chinchwad,apartment,sale,fully-furnished,3,1467,3,27,0,2,9,0,8629200
Kharadi,apartment,rent,semi-furnished,2,547,2,17,2,0,8,1,30700
Pimple Saudagar,house,rent,fully-furnished,2,1201,2,5,1,9,10,0,37500
Kothrud,apartment,sale,semi-furnished,3,1502,3,17,4,0,9,1,11907100
Wakad,apartment,sale,fully-furnished,2,1299,2,8,4,9,9,1,14989300
Hadapsar,apartment,rent,fully-furnished,5,1896,5,14,4,1,11,0,175200
Shivajinagar,house,rent,fully-furnished,2,632,2,12,9,7,10,1,50200
Aundh,studio,rent,fully-furnished,1,389,1,8,3,14,15,1,35400
Kothrud,apartment,rent,semi-furnished,2,842,2,0,5,8,8,1,47400
Koregaon Park,apartment,rent,semi-furnished,2,929,2,18,10,1,9,0,69500
Balewadi,apartment,sale,semi-furnished,3,1518,3,25,5,3,3,0,11391700
Hinjewadi,apartment,sale,unfurnished,2,1076,2,2,5,0,16,1,8552100
Chinchwad,apartment,rent,semi-furnished,3,1326,3,31,3,6,8,0,54600
Balewadi,apartment,sale,fully-furnished,1,699,1,26,3,2,5,0,3632700
Aundh,house,sale,semi-furnished,2,1138,2,30,8,0,3,1,7008000
Pashan,apartment,rent,fully-furnished,4,1509,4,26,9,6,6,0,138700
Balewadi,house,sale,semi-furnished,3,1132,3,14,3,8,9,0,10128700
Koregaon Park,apartment,sale,unfurnished,2,1104,2,5,7,8,15,0,17907900
Pimpri,commercial,rent,semi-furnished,0,2005,1,1,2,0,1,0,87300
Undri,apartment,sale,semi-furnished,2,1009,2,29,1,12,12,0,4067100
Hadapsar,house,rent,fully-furnished,3,1283,3,6,3,6,10,0,62700
Hinjewadi,house,sale,fully-furnished,4,1456,4,5,4,0,11,1,16773700
Kharadi,house,rent,fully-furnished,2,734,2,7,4,0,14,1,44900
Baner,apartment,rent,fully-furnished,2,1150,2,26,5,6,8,1,59700
Hinjewadi,apartment,sale,fully-furnished,2,869,2,17,3,21,22,1,7582200
Hinjewadi,apartment,rent,semi-furnished,2,913,2,25,1,0,2,1,50300
Pashan,studio,rent,unfurnished,1,462,1,15,5,6,6,0,20700
Magarpatta,studio,sale,unfurnished,1,570,1,14,4,12,19,0,3614500
Aundh,commercial,rent,fully-furnished,0,331,1,20,7,0,1,1,100800
Viman Nagar,house,rent,semi-furnished,3,1155,3,15,9,3,12,1,100000
Koregaon Park,plot,rent,unfurnished,0,3842,1,22,6,0,1,0,162900
Bavdhan,apartment,sale,fully-furnished,1,970,1,16,3,11,11,0,6524700
Baner,studio,rent,unfurnished,1,490,1,19,5,2,2,1,15100
Camp,plot,sale,fully-furnished,0,2324,1,22,5,0,1,0,15868400
Pimple Saudagar,house,sale,semi-furnished,3,1321,3,23,5,2,2,0,11142200
Hinjewadi,studio,sale,unfurnished,1,569,1,13,2,3,7,1,2730000
Kothrud,apartment,rent,semi-furnished,2,851,2,5,3,4,11,1,48500
Magarpatta,apartment,rent,semi-furnished,2,1197,2,31,0,2,6,0,34400
Viman Nagar,apartment,sale,semi-furnished,5,1998,5,22,9,6,12,1,29492200
Magarpatta,apartment,sale,semi-furnished,2,1216,2,15,4,3,3,0,10434800
Pashan,apartment,rent,semi-furnished,2,1073,2,8,2,0,9,0,30600
Hinjewadi,apartment,sale,fully-furnished,4,1883,4,26,3,15,15,1,17867300
Balewadi,villa,sale,fully-furnished,4,1526,4,4,0,9,16,0,20996200
Shivajinagar,apartment,rent,unfurnished,2,907,2,27,8,1,15,1,51600
Wakad,house,sale,semi-furnished,3,1198,3,5,7,17,17,1,13505800
Chinchwad,apartment,sale,unfurnished,2,1130,2,23,5,5,7,0,4791100
Balewadi,apartment,sale,semi-furnished,3,1577,3,3,3,6,10,0,17444100
Pimpri,house,rent,unfurnished,3,1445,3,6,6,1,3,0,50100
Viman Nagar,plot,sale,fully-furnished,0,730,1,17,5,0,1,1,4975200
Pimple Saudagar,apartment,rent,semi-furnished,2,681,2,26,2,9,19,0,22500
Kharadi,studio,rent,fully-furnished,1,439,1,4,4,3,7,1,24600
Viman Nagar,apartment,sale,fully-furnished,1,729,1,20,4,12,17,1,6458800
Wagholi,commercial,rent,semi-furnished,0,5335,1,3,3,0,1,0,552900
Kondhwa,apartment,rent,unfurnished,2,768,2,30,2,14,16,0,28000
Viman Nagar,apartment,sale,unfurnished,3,956,3,29,3,1,7,1,7215800
Koregaon Park,studio,rent,semi-furnished,1,533,1,25,2,3,15,0,33800
Pimple Saudagar,apartment,rent,semi-furnished,3,1263,3,19,4,3,5,0,65300
Koregaon Park,apartment,sale,unfurnished,2,781,2,20,5,4,14,0,7774000
Wagholi,plot,sale,semi-furnished,0,809,1,11,2,0,1,0,4005000
Kalyani Nagar,apartment,sale,unfurnished,2,960,2,18,4,6,17,0,10012100
Aundh,apartment,rent,unfurnished,2,981,2,16,7,0,8,1,36700
Aundh,apartment,sale,semi-furnished,3,1194,3,13,4,2,15,1,11159400
Wakad,apartment,rent,semi-furnished,1,615,1,11,5,1,17,1,28700
Kharadi,apartment,sale,semi-furnished,3,1359,3,6,9,8,11,1,13752600
Viman Nagar,apartment,sale,semi-furnished,2,918,2,16,9,1,3,1,11016400
Viman Nagar,apartment,sale,semi-furnished,2,819,2,16,8,5,7,1,9007900
Aundh,apartment,sale,fully-furnished,4,1903,4,25,2,5,11,1,18848500
Wanowrie,apartment,sale,semi-furnished,3,1269,3,4,3,0,5,0,9457800
Baner,apartment,sale,semi-furnished,4,1832,4,11,6,5,10,1,22740800
Undri,commercial,sale,unfurnished,0,5419,1,2,5,0,1,0,51994700
Viman Nagar,apartment,rent,fully-furnished,2,903,2,20,10,2,7,1,51300
Viman Nagar,studio,rent,fully-furnished,1,558,1,31,6,1,4,1,32400
Balewadi,apartment,rent,semi-furnished,2,1140,2,16,5,11,11,0,33100
Kothrud,studio,rent,fully-furnished,1,490,1,22,4,9,13,1,24000
Wakad,house,sale,fully-furnished,2,902,2,15,4,5,13,1,8339000
Wanowrie,apartment,sale,unfurnished,3,1517,3,4,1,9,12,0,9065900
Koregaon Park,apartment,sale,semi-furnished,2,1133,2,18,5,0,2,0,13405100
Wagholi,commercial,rent,fully-furnished,0,661,1,22,1,0,1,0,46700
Kharadi,apartment,sale,unfurnished,2,853,2,0,3,10,10,1,7063500
Kharadi,apartment,rent,unfurnished,5,1911,5,2,7,7,9,1,192500
Hadapsar,apartment,sale,fully-furnished,2,1184,2,14,4,3,12,0,8015500
Kothrud,house,sale,semi-furnished,3,1260,3,4,6,8,10,1,16321100
Wakad,apartment,sale,unfurnished,3,1245,3,25,5,3,8,1,8527400
Viman Nagar,apartment,rent,semi-furnished,3,1109,3,14,8,7,14,1,59200
Baner,commercial,rent,unfurnished,0,1172,1,11,3,0,1,1,56900
Hinjewadi,commercial,sale,unfurnished,0,953,1,20,2,0,1,1,8174100
Viman Nagar,apartment,sale,semi-furnished,2,961,2,29,8,10,14,1,9125200
Kondhwa,plot,sale,unfurnished,0,4425,1,1,1,0,1,0,17760000
Boat Club Road,apartment,rent,semi-furnished,1,1022,1,3,8,4,17,0,44000
Wagholi,plot,sale,fully-furnished,0,1487,1,25,6,0,1,0,6382000
Bavdhan,apartment,rent,fully-furnished,2,1086,2,28,4,0,2,0,33300
Hinjewadi,apartment,rent,semi-furnished,3,1244,3,24,0,4,8,1,61800
Hinjewadi,house,sale,unfurnished,3,1307,3,5,3,10,10,1,12141200
Chinchwad,house,sale,semi-furnished,3,1400,3,9,5,7,17,0,9083300
Koregaon Park,plot,rent,semi-furnished,0,2797,1,30,10,0,1,0,123500
Aundh,apartment,sale,unfurnished,4,1578,4,3,5,2,12,1,15445700
Magarpatta,studio,sale,unfurnished,1,302,1,23,5,4,8,0,2048900
Wanowrie,apartment,sale,fully-furnished,4,1470,4,0,0,1,2,0,15105900
Wakad,apartment,rent,semi-furnished,2,889,2,16,7,2,2,1,44400
Wanowrie,apartment,sale,fully-furnished,2,688,2,19,5,0,2,0,4677500
Hinjewadi,studio,sale,fully-furnished,1,553,1,22,5,6,11,1,4777900
Kharadi,villa,sale,unfurnished,2,2954,2,12,4,13,14,1,30177600
Undri,commercial,sale,fully-furnished,0,5806,1,15,0,0,1,0,32226100
Hinjewadi,plot,rent,semi-furnished,0,1778,1,26,3,0,1,1,63900
Koregaon Park,villa,rent,semi-furnished,4,2849,4,4,8,4,5,0,842100
Balewadi,studio,rent,semi-furnished,1,310,1,3,6,3,7,0,13800
Aundh,apartment,rent,fully-furnished,1,662,1,1,4,5,6,1,25300
Viman Nagar,apartment,sale,fully-furnished,3,1844,3,26,6,14,15,1,21742000
Wakad,apartment,rent,fully-furnished,3,1373,3,8,8,2,10,1,113400
Wagholi,studio,rent,fully-furnished,1,540,1,12,1,2,6,0,16500
Kharadi,apartment,sale,fully-furnished,1,627,1,25,2,1,7,1,3723100
Pashan,villa,rent,unfurnished,3,2348,3,23,1,4,9,0,506800
Wagholi,plot,rent,semi-furnished,0,4217,1,11,4,0,1,0,65200
Aundh,plot,rent,unfurnished,0,4470,1,4,3,0,1,1,123000
Aundh,villa,rent,fully-furnished,4,3917,4,21,5,7,13,1,618200
Koregaon Park,apartment,sale,fully-furnished,4,1920,4,13,4,1,11,0,28947400
Kothrud,studio,rent,unfurnished,1,419,1,31,5,2,2,1,17100
Kondhwa,apartment,rent,fully-furnished,2,1036,2,8,2,5,8,0,36400
Pimple Saudagar,villa,sale,fully-furnished,2,2944,2,22,3,0,7,0,20630300
Wakad,villa,sale,unfurnished,2,3382,2,11,5,9,14,1,32444800
Hinjewadi,apartment,rent,semi-furnished,3,1637,3,5,3,12,13,1,73900
Wagholi,villa,sale,unfurnished,3,2508,3,20,4,10,15,0,15941400
Camp,apartment,rent,semi-furnished,2,1084,2,2,3,4,8,0,41600
Baner,studio,rent,semi-furnished,1,485,1,23,4,6,6,1,30300
Pimpri,house,sale,unfurnished,2,963,2,13,0,8,15,0,4453500
Kharadi,apartment,sale,semi-furnished,2,1449,2,25,5,8,9,1,10415000
Wagholi,house,sale,semi-furnished,4,1984,4,12,2,9,15,0,11315100
Hinjewadi,studio,sale,unfurnished,1,680,1,1,5,11,14,1,5655600
Camp,studio,rent,unfurnished,1,457,1,19,2,2,6,0,22700
Bavdhan,commercial,sale,semi-furnished,0,1710,1,4,0,0,1,0,20206500
Chinchwad,commercial,rent,semi-furnished,0,4974,1,26,4,0,1,0,299100
Aundh,house,sale,fully-furnished,5,2153,5,29,6,3,7,1,23793400
Wakad,apartment,rent,unfurnished,5,1787,5,14,4,0,15,1,182900
Kothrud,commercial,sale,unfurnished,0,806,1,18,2,0,1,1,4766000
Wakad,apartment,rent,fully-furnished,3,1317,3,6,4,1,2,1,68400
Aundh,apartment,rent,fully-furnished,1,769,1,14,5,4,7,1,25000
Pimpri,apartment,rent,semi-furnished,1,431,1,10,1,9,9,0,13100
Undri,commercial,sale,semi-furnished,0,4081,1,5,3,0,1,0,30704000
Hinjewadi,commercial,rent,unfurnished,0,637,1,28,0,0,1,1,109300
Balewadi,house,rent,fully-furnished,2,961,2,19,5,0,9,0,58900
Wanowrie,apartment,rent,unfurnished,2,593,2,20,3,3,4,0,26100
Baner,apartment,sale,fully-furnished,2,981,2,25,4,1,5,1,7462700
Kondhwa,apartment,sale,semi-furnished,2,765,2,29,0,1,2,0,3124700
Baner,studio,rent,unfurnished,1,467,1,25,8,8,8,1,20400
Balewadi,studio,rent,semi-furnished,1,561,1,1,3,2,2,0,15400
Kothrud,studio,rent,semi-furnished,1,597,1,30,4,2,15,1,31200
Kharadi,commercial,sale,semi-furnished,0,1366,1,9,7,0,1,1,13279900
Kondhwa,apartment,rent,fully-furnished,2,912,2,4,2,5,6,0,25100
Koregaon Park,house,sale,semi-furnished,2,973,2,30,8,5,12,0,12782900
Wagholi,studio,rent,semi-furnished,1,492,1,23,1,6,10,0,7800
Aundh,studio,rent,fully-furnished,1,408,1,6,7,0,2,1,26000
Baner,villa,sale,unfurnished,3,2047,3,8,6,1,9,1,27431300
Hinjewadi,studio,sale,unfurnished,1,358,1,18,4,11,11,1,2898400
Kharadi,plot,sale,fully-furnished,0,2992,1,0,7,0,1,1,22385400
Pisoli,house,sale,semi-furnished,2,948,2,1,5,2,9,0,5487900
Aundh,apartment,sale,fully-furnished,2,1234,2,15,7,8,11,1,13364800
Wagholi,apartment,rent,fully-furnished,3,1319,3,22,5,3,8,0,57300
Wakad,apartment,sale,semi-furnished,2,829,2,5,5,5,11,1,7210800
Balewadi,apartment,rent,semi-furnished,3,1526,3,22,6,0,3,0,80300
Hinjewadi,studio,rent,unfurnished,1,542,1,11,2,4,6,1,20800
Hinjewadi,villa,sale,fully-furnished,2,3614,2,24,3,0,6,1,33351500
Viman Nagar,apartment,rent,unfurnished,2,1206,2,1,7,8,9,1,57400
Koregaon Park,apartment,rent,semi-furnished,4,1620,4,9,6,0,2,0,210800
Baner,house,sale,semi-furnished,2,749,2,21,1,0,13,1,6277400
Kothrud,apartment,sale,semi-furnished,3,1221,3,25,6,7,13,1,8639000
Kharadi,apartment,sale,semi-furnished,2,1091,2,31,0,0,9,1,4988300
Pisoli,villa,rent,semi-furnished,2,3560,2,23,1,0,2,0,350900
Undri,apartment,rent,semi-furnished,2,1033,2,31,3,5,8,0,30700
Kothrud,villa,rent,semi-furnished,2,3574,2,5,6,3,5,1,739700
Hinjewadi,apartment,rent,semi-furnished,3,1206,3,19,1,9,9,1,42600
Balewadi,apartment,sale,unfurnished,4,1515,4,9,2,1,9,0,14504900
Bavdhan,apartment,rent,semi-furnished,2,922,2,15,3,5,11,0,39300
Baner,house,sale,semi-furnished,2,643,2,1,6,1,11,1,7089900
Baner,villa,sale,unfurnished,2,3179,2,8,6,0,2,1,37400200
Balewadi,studio,rent,unfurnished,1,541,1,16,4,8,10,0,18300
Wakad,studio,sale,unfurnished,1,515,1,17,4,2,3,1,2903000
Wanowrie,apartment,sale,semi-furnished,2,1200,2,31,2,0,10,0,6179200
Kharadi,studio,rent,semi-furnished,1,403,1,2,7,4,11,1,29500
Wagholi,apartment,rent,fully-furnished,4,1505,4,3,2,3,13,0,70100
Chinchwad,apartment,rent,semi-furnished,2,713,2,24,2,2,2,0,24400
Bavdhan,apartment,sale,fully-furnished,3,1916,3,1,0,6,12,0,20452400
Balewadi,plot,rent,semi-furnished,0,1717,1,16,5,0,1,0,55400
Magarpatta,plot,sale,fully-furnished,0,2384,1,2,5,0,1,0,21861000
Kothrud,villa,sale,unfurnished,3,3106,3,7,5,5,17,1,33136800
Pimpri,studio,sale,fully-furnished,1,369,1,16,1,1,8,0,2405000
Pimple Saudagar,apartment,sale,fully-furnished,2,867,2,6,2,7,9,0,8420400
Hinjewadi,apartment,rent,semi-furnished,3,1096,3,29,1,11,11,1,47400
Shivajinagar,plot,sale,fully-furnished,0,2288,1,1,8,0,1,1,24329500
Kharadi,plot,sale,fully-furnished,0,2494,1,20,2,0,1,1,14090800
Balewadi,apartment,rent,unfurnished,2,797,2,8,5,7,11,0,31800
Koregaon Park,apartment,rent,unfurnished,5,1648,5,24,4,8,14,0,240800
Pisoli,apartment,rent,unfurnished,2,840,2,22,3,0,8,0,22900
Wagholi,house,sale,fully-furnished,3,806,3,8,2,1,2,0,5046800
Hinjewadi,commercial,sale,semi-furnished,0,1380,1,27,0,0,1,1,7279400
Viman Nagar,apartment,rent,unfurnished,2,1012,2,14,8,2,7,1,48300
Chinchwad,apartment,rent,unfurnished,1,466,1,17,4,4,4,0,12500
Hinjewadi,apartment,rent,fully-furnished,5,1918,5,5,5,6,14,1,226500
Wakad,studio,rent,semi-furnished,1,649,1,4,3,3,4,1,23200
Kharadi,apartment,sale,unfurnished,2,1322,2,2,3,10,11,1,12973300
Koregaon Park,apartment,rent,semi-furnished,4,1658,4,5,7,5,8,0,191400
Viman Nagar,apartment,sale,semi-furnished,3,953,3,11,8,1,4,1,12567900
Wakad,apartment,rent,semi-furnished,2,904,2,29,5,1,2,1,43700
Bavdhan,apartment,rent,semi-furnished,3,1489,3,12,4,10,14,0,68100
Wakad,apartment,sale,semi-furnished,4,1644,4,13,6,7,9,1,14885300
Pisoli,apartment,rent,semi-furnished,1,998,1,17,4,10,15,0,22400
Pashan,villa,rent,unfurnished,2,1886,2,15,5,10,10,0,352700
Hinjewadi,studio,sale,semi-furnished,1,481,1,0,5,2,2,1,4715200
Viman Nagar,studio,sale,semi-furnished,1,499,1,9,10,4,4,1,7040000
Magarpatta,apartment,sale,semi-furnished,2,924,2,22,5,5,9,0,7171000
Kalyani Nagar,apartment,sale,semi-furnished,1,845,1,3,6,0,5,0,10012500
Aundh,apartment,sale,fully-furnished,3,1139,3,3,4,9,11,1,15196600
Hadapsar,apartment,rent,semi-furnished,3,1231,3,14,4,16,16,0,57600
Undri,house,rent,unfurnished,3,1651,3,4,0,6,8,0,44000
Baner,apartment,sale,semi-furnished,4,1631,4,8,9,0,3,1,20487900
Hinjewadi,villa,rent,semi-furnished,1,4237,1,9,4,8,14,1,796500
Baner,commercial,sale,fully-furnished,0,1746,1,28,6,0,1,1,13912700
Aundh,studio,sale,semi-furnished,1,482,1,31,4,11,13,1,4381300
Viman Nagar,studio,rent,fully-furnished,1,381,1,0,8,7,12,1,33400
Chinchwad,studio,rent,unfurnished,1,598,1,8,0,3,14,0,13200
Baner,plot,rent,fully-furnished,0,2762,1,7,4,0,1,1,64200
Pimple Saudagar,studio,sale,fully-furnished,1,470,1,2,1,1,4,0,3605300
Koregaon Park,apartment,sale,semi-furnished,2,1110,2,10,6,0,2,0,10801300
Viman Nagar,apartment,sale,semi-furnished,2,941,2,23,8,13,13,1,11994900
Wagholi,apartment,rent,semi-furnished,2,931,2,11,1,0,11,0,20300
Wagholi,apartment,sale,semi-furnished,3,1356,3,1,2,12,14,0,6916200
Baner,apartment,rent,semi-furnished,4,1634,4,21,6,3,8,1,163500
Viman Nagar,villa,rent,unfurnished,4,2948,4,21,10,4,15,1,724300
Balewadi,apartment,sale,semi-furnished,1,532,1,7,6,2,5,0,4082900
Koregaon Park,apartment,sale,semi-furnished,2,751,2,5,8,2,9,0,10631500
Hadapsar,house,rent,semi-furnished,2,1334,2,20,1,6,19,0,33500
Koregaon Park,apartment,rent,unfurnished,2,980,2,11,5,1,11,0,39300
Wakad,apartment,sale,semi-furnished,2,894,2,1,4,14,19,1,9372400
Hadapsar,studio,rent,semi-furnished,1,590,1,15,6,2,4,0,18900
Hinjewadi,studio,rent,unfurnished,1,350,1,26,1,0,2,1,11300
Magarpatta,apartment,rent,unfurnished,3,1388,3,0,5,3,10,0,69700
Baner,apartment,sale,semi-furnished,3,1366,3,10,4,2,12,1,13915200
Kharadi,villa,rent,unfurnished,2,1761,2,8,8,5,7,1,242700
Koregaon Park,apartment,sale,semi-furnished,1,892,1,17,6,5,7,0,9552300
Koregaon Park,house,rent,semi-furnished,4,1892,4,31,5,1,6,0,203100
Camp,plot,rent,semi-furnished,0,2632,1,19,7,0,1,0,94800
Pimple Saudagar,apartment,rent,semi-furnished,4,1396,4,26,3,0,8,0,101300
Shivajinagar,apartment,rent,unfurnished,4,1788,4,10,8,15,16,1,176100
Baner,apartment,rent,unfurnished,5,1880,5,9,3,3,3,1,179500
Viman Nagar,apartment,rent,fully-furnished,3,1214,3,20,4,9,9,1,109800
Baner,apartment,sale,fully-furnished,3,1419,3,4,3,0,11,1,17602400
Hinjewadi,commercial,rent,fully-furnished,0,4378,1,8,3,0,1,1,396600
Kothrud,studio,rent,unfurnished,1,464,1,6,8,2,8,1,26400
Chinchwad,apartment,rent,unfurnished,2,1113,2,11,7,1,22,0,37300
Hinjewadi,commercial,rent,semi-furnished,0,3182,1,0,6,0,1,1,323400
Aundh,apartment,sale,unfurnished,5,1930,5,23,3,0,12,1,18626200
Aundh,commercial,sale,semi-furnished,0,5696,1,4,5,0,1,1,46407000
Wagholi,apartment,sale,semi-furnished,3,1805,3,25,3,7,15,0,8324400
Balewadi,apartment,rent,fully-furnished,2,1151,2,26,3,7,7,0,48300
Wagholi,studio,rent,unfurnished,1,361,1,21,1,8,9,0,9900
Undri,apartment,sale,unfurnished,5,2257,5,5,4,7,11,0,15810000
Koregaon Park,studio,sale,unfurnished,1,403,1,1,6,3,5,0,5144200
Kothrud,plot,rent,semi-furnished,0,2463,1,3,6,0,1,1,105500
Kalyani Nagar,studio,rent,fully-furnished,1,678,1,31,6,8,8,0,29000
Undri,apartment,sale,fully-furnished,3,1363,3,10,5,2,11,0,7185300
Wakad,plot,rent,semi-furnished,0,4526,1,27,4,0,1,1,139900
Aundh,apartment,sale,semi-furnished,2,1005,2,21,3,16,19,1,8082000
Kalyani Nagar,apartment,sale,semi-furnished,4,1728,4,6,4,4,11,0,27290000
Viman Nagar,studio,sale,unfurnished,1,549,1,9,5,0,3,1,5690400
Kharadi,commercial,sale,unfurnished,0,5109,1,16,6,0,1,1,17773800
Aundh,apartment,sale,fully-furnished,3,1277,3,25,8,6,8,1,11498100
Pimple Saudagar,apartment,rent,fully-furnished,2,817,2,13,1,7,12,0,36600
Boat Club Road,house,sale,unfurnished,3,1157,3,6,5,0,2,0,15101000
Kharadi,commercial,sale,semi-furnished,0,283,1,4,8,0,1,1,2284400
Hinjewadi,apartment,sale,fully-furnished,1,502,1,12,0,5,7,1,3888300
Baner,apartment,sale,semi-furnished,3,1414,3,16,5,3,9,1,13743900
Pimple Saudagar,commercial,rent,unfurnished,0,4224,1,29,4,0,1,0,350000
Aundh,villa,rent,semi-furnished,2,3479,2,21,7,9,14,1,628300
Magarpatta,apartment,sale,unfurnished,1,605,1,9,5,2,5,0,4844000
Kharadi,apartment,sale,semi-furnished,2,1037,2,13,5,1,2,1,7471400
Baner,apartment,sale,unfurnished,2,885,2,8,6,12,15,1,7583800
Baner,apartment,rent,semi-furnished,3,1061,3,7,3,0,3,1,81800
Aundh,house,rent,semi-furnished,3,1188,3,17,6,1,2,1,87300
Magarpatta,apartment,sale,fully-furnished,4,1844,4,15,4,10,10,0,22501400
Baner,plot,rent,semi-furnished,0,4304,1,17,4,0,1,1,178200
Wakad,commercial,sale,semi-furnished,0,3814,1,21,8,0,1,1,37292100
Shivajinagar,studio,rent,semi-furnished,1,528,1,22,8,3,11,1,28900
Viman Nagar,studio,sale,semi-furnished,1,580,1,5,8,4,4,1,7098800
Wakad,commercial,rent,fully-furnished,0,1637,1,31,5,0,1,1,172700
Pisoli,villa,sale,fully-furnished,2,3887,2,7,2,5,7,0,39762500
Balewadi,apartment,rent,unfurnished,4,1750,4,11,2,2,8,0,121900
Pimple Saudagar,studio,rent,fully-furnished,1,426,1,22,2,3,11,0,16700
Kothrud,apartment,rent,unfurnished,2,1084,2,21,7,7,8,1,52200
Wakad,apartment,rent,semi-furnished,3,1326,3,15,7,19,19,1,56100
Chinchwad,apartment,sale,semi-furnished,4,1491,4,30,4,12,17,0,9036300
Aundh,villa,sale,semi-furnished,3,3256,3,2,6,6,10,1,39028600
Koregaon Park,studio,sale,semi-furnished,1,613,1,24,8,7,7,0,7115900
Wagholi,house,sale,unfurnished,1,804,1,0,8,1,2,0,4168100
Pisoli,plot,rent,semi-furnished,0,1011,1,29,5,0,1,0,25400
Kothrud,villa,sale,unfurnished,2,2730,2,13,4,18,22,1,24062000
Magarpatta,apartment,sale,unfurnished,3,1143,3,31,1,0,2,0,6042900
Kondhwa,house,sale,semi-furnished,2,905,2,9,2,7,11,0,4911000
Koregaon Park,studio,sale,semi-furnished,1,572,1,21,9,2,4,0,7498800
Chinchwad,house,sale,semi-furnished,2,853,2,31,4,14,18,0,3511000
Magarpatta,apartment,sale,semi-furnished,3,1443,3,1,5,2,3,0,13343700
Balewadi,studio,sale,semi-furnished,1,619,1,30,5,1,9,0,4818300
Pimpri,apartment,sale,unfurnished,2,850,2,14,3,1,9,0,4307900
Kothrud,commercial,sale,unfurnished,0,4375,1,6,7,0,1,1,28024500
Pimple Saudagar,villa,rent,unfurnished,3,2758,3,11,3,4,12,0,325600
Pimple Saudagar,house,rent,unfurnished,1,607,1,6,3,9,16,0,15900
Aundh,apartment,sale,semi-furnished,2,1121,2,15,2,0,2,1,9980100
Wakad,apartment,rent,unfurnished,1,970,1,18,9,0,12,1,24100
Baner,house,rent,fully-furnished,2,1266,2,8,5,2,17,1,73200
Aundh,plot,rent,semi-furnished,0,1967,1,9,4,0,1,1,48200
Koregaon Park,house,sale,semi-furnished,5,1886,5,28,8,3,3,0,33356900
Bavdhan,apartment,sale,semi-furnished,2,1170,2,23,3,3,8,0,7074300
Chinchwad,apartment,sale,fully-furnished,3,1307,3,31,3,6,10,0,6995000
Wakad,apartment,sale,semi-furnished,3,1244,3,18,5,0,5,1,9179800
Baner,apartment,rent,semi-furnished,1,549,1,21,4,5,13,1,17600
Balewadi,apartment,rent,unfurnished,3,1292,3,28,1,2,12,0,70600
Aundh,plot,sale,unfurnished,0,4669,1,3,5,0,1,1,42650200
Koregaon Park,apartment,rent,fully-furnished,4,1797,4,11,3,5,7,0,229200
Baner,studio,sale,fully-furnished,1,556,1,27,7,3,14,1,4367600
Viman Nagar,studio,sale,semi-furnished,1,563,1,23,5,5,8,1,4889300
Hinjewadi,apartment,rent,fully-furnished,3,1189,3,22,2,10,10,1,81700
Undri,villa,rent,unfurnished,3,2977,3,9,1,1,2,0,259000
Undri,apartment,sale,semi-furnished,3,1023,3,18,1,6,11,0,4912000
Wagholi,apartment,sale,fully-furnished,4,1631,4,0,1,0,5,0,12469300
Hinjewadi,apartment,sale,fully-furnished,2,827,2,23,1,4,10,1,5455000
Kharadi,apartment,rent,semi-furnished,4,1562,4,1,9,1,6,1,126000
Koregaon Park,house,sale,unfurnished,3,1095,3,12,8,0,2,0,14643900
Wanowrie,apartment,rent,unfurnished,4,1448,4,10,2,10,14,0,82600
Kothrud,apartment,sale,unfurnished,2,948,2,26,3,1,16,1,5997800
Hadapsar,villa,sale,semi-furnished,1,3134,1,12,2,6,11,0,19994900
Aundh,house,rent,unfurnished,2,1218,2,29,6,8,11,1,58000
Viman Nagar,house,sale,semi-furnished,2,1022,2,0,6,5,12,1,12083600
Kharadi,apartment,rent,fully-furnished,4,1610,4,30,8,11,13,1,160500
Viman Nagar,apartment,sale,fully-furnished,3,1166,3,18,4,0,8,1,16053200
Koregaon Park,commercial,rent,fully-furnished,0,4588,1,5,8,0,1,0,657700
Wanowrie,plot,rent,semi-furnished,0,2933,1,5,5,0,1,0,110100
Kharadi,apartment,rent,semi-furnished,2,1338,2,24,4,6,12,1,52400
Pimpri,house,sale,fully-furnished,4,1817,4,10,5,7,9,0,18373600
Kothrud,studio,sale,semi-furnished,1,530,1,6,3,3,22,1,5589600
Viman Nagar,house,sale,fully-furnished,4,1366,4,5,4,4,12,1,22394200
Baner,studio,rent,unfurnished,1,572,1,29,5,2,5,1,25700
Wakad,apartment,rent,semi-furnished,3,1337,3,4,2,0,11,1,62700
Undri,studio,rent,semi-furnished,1,492,1,18,1,9,10,0,12200
Aundh,apartment,rent,fully-furnished,3,1344,3,7,5,10,12,1,117600
Kalyani Nagar,house,sale,unfurnished,2,1260,2,20,9,4,5,0,15810200
Wanowrie,house,sale,unfurnished,3,1389,3,21,2,5,14,0,6819000
Aundh,villa,sale,fully-furnished,3,2382,3,24,3,1,11,1,19905300
Magarpatta,apartment,rent,unfurnished,4,1930,4,11,2,0,2,0,118600
Hinjewadi,apartment,sale,semi-furnished,1,603,1,3,1,1,3,1,4291400
Kondhwa,studio,rent,unfurnished,1,393,1,12,2,5,13,0,14900
Hinjewadi,apartment,sale,fully-furnished,3,1564,3,17,4,11,13,1,17870900
Pimpri,commercial,rent,unfurnished,0,3537,1,27,3,0,1,0,144400
Baner,apartment,sale,semi-furnished,2,553,2,20,3,2,11,1,4244800
Chinchwad,villa,rent,semi-furnished,1,2901,1,21,1,5,9,0,447000
Magarpatta,studio,sale,unfurnished,1,489,1,21,4,3,7,0,3312100
Magarpatta,commercial,rent,unfurnished,0,630,1,21,6,0,1,0,52500
Balewadi,apartment,sale,fully-furnished,2,852,2,30,3,0,9,0,5754500
Hadapsar,villa,rent,unfurnished,3,2168,3,12,6,1,5,0,306400
Magarpatta,villa,sale,fully-furnished,3,3001,3,14,7,8,10,0,34347500
Baner,house,sale,semi-furnished,2,1000,2,14,7,1,7,1,8904700
Koregaon Park,house,sale,unfurnished,5,2070,5,20,7,2,7,0,28289500
Hinjewadi,villa,rent,semi-furnished,2,2906,2,15,1,0,3,1,534200
Camp,house,rent,semi-furnished,2,1134,2,31,5,0,16,0,62900
Magarpatta,studio,sale,unfurnished,1,408,1,16,8,5,6,0,3516900
Magarpatta,studio,rent,unfurnished,1,459,1,10,4,2,6,0,21500
Camp,commercial,rent,semi-furnished,0,4168,1,6,2,0,1,0,298500
Koregaon Park,apartment,rent,semi-furnished,2,1023,2,6,6,3,12,0,58000
Kothrud,apartment,rent,unfurnished,3,1257,3,1,5,11,14,1,68300
Magarpatta,apartment,rent,fully-furnished,2,904,2,16,3,1,13,0,28700
Balewadi,villa,rent,unfurnished,2,2127,2,3,2,2,2,0,403100
Wagholi,apartment,rent,semi-furnished,2,1152,2,16,0,4,4,0,23400
Kharadi,commercial,rent,unfurnished,0,3443,1,15,6,0,1,1,252700
Kondhwa,plot,sale,unfurnished,0,4700,1,6,0,0,1,0,20166500
Baner,studio,sale,fully-furnished,1,423,1,5,4,7,7,1,5157400
Koregaon Park,villa,sale,semi-furnished,2,2663,2,26,8,4,4,0,36479200
Viman Nagar,apartment,sale,unfurnished,2,810,2,29,7,4,8,1,6894900
Koregaon Park,studio,rent,fully-furnished,1,477,1,12,5,9,15,0,45500
Pisoli,studio,sale,unfurnished,1,684,1,23,2,0,2,0,2251000
Camp,plot,sale,fully-furnished,0,651,1,17,4,0,1,0,7018500
Wakad,apartment,sale,unfurnished,2,925,2,7,8,5,10,1,8005000
Viman Nagar,villa,sale,unfurnished,3,3749,3,14,5,3,10,1,33344600
Balewadi,apartment,rent,semi-furnished,3,1330,3,26,7,9,19,0,71800
Wagholi,apartment,sale,fully-furnished,2,794,2,29,3,12,14,0,4036100
Camp,apartment,rent,semi-furnished,5,1814,5,23,3,12,13,0,234900
Wagholi,plot,sale,unfurnished,0,1931,1,29,2,0,1,0,6324900
Kothrud,apartment,rent,semi-furnished,2,1201,2,20,2,1,12,1,43100
Baner,villa,sale,unfurnished,1,2906,1,6,3,5,11,1,29366300
Wagholi,apartment,sale,fully-furnished,3,1331,3,14,1,2,13,0,7554300
Wagholi,apartment,rent,semi-furnished,2,943,2,3,3,8,8,0,27500
Pimple Saudagar,apartment,sale,semi-furnished,2,979,2,1,4,8,14,0,8756400
Aundh,apartment,sale,semi-furnished,4,1597,4,0,2,0,15,1,19966600
Baner,house,sale,semi-furnished,4,1483,4,17,2,16,19,1,15717300
Undri,apartment,rent,semi-furnished,2,982,2,24,3,0,4,0,33900
Aundh,apartment,rent,unfurnished,1,789,1,27,1,2,2,1,19500
Magarpatta,house,sale,semi-furnished,3,1345,3,26,0,3,11,0,8951100
Viman Nagar,apartment,sale,semi-furnished,2,1232,2,4,6,7,17,1,15685300
Pashan,studio,sale,fully-furnished,1,546,1,13,3,6,16,0,5318100
Viman Nagar,apartment,sale,fully-furnished,3,1294,3,13,10,6,6,1,19019500
Kalyani Nagar,apartment,sale,semi-furnished,5,2088,5,1,7,1,2,0,35352500
Kalyani Nagar,apartment,rent,unfurnished,2,1160,2,5,5,9,12,0,43000
Pashan,studio,sale,unfurnished,1,486,1,6,5,0,6,0,4271200
Aundh,apartment,rent,semi-furnished,2,1029,2,19,4,7,11,1,42800
Wakad,apartment,rent,unfurnished,5,1782,5,24,7,14,14,1,182200
Kothrud,apartment,sale,unfurnished,4,2009,4,13,7,9,11,1,24051500
Wakad,apartment,sale,fully-furnished,3,1259,3,5,6,1,12,1,14937700
Hinjewadi,apartment,rent,fully-furnished,1,419,1,4,0,2,12,1,12100
Undri,house,rent,fully-furnished,2,793,2,28,3,0,5,0,19700
Pimple Saudagar,house,rent,semi-furnished,3,1278,3,19,0,0,2,0,58400
Pimple Saudagar,house,sale,fully-furnished,2,1228,2,20,1,11,15,0,8555200
Baner,commercial,rent,semi-furnished,0,5789,1,19,6,0,1,1,423400
Hinjewadi,apartment,sale,semi-furnished,2,1261,2,27,1,4,5,1,7582400
Pimple Saudagar,house,rent,semi-furnished,1,559,1,5,1,6,15,0,13100
Chinchwad,house,rent,fully-furnished,3,1486,3,23,1,2,15,0,51100
Chinchwad,apartment,rent,semi-furnished,3,1285,3,7,0,4,11,0,48400
Wanowrie,plot,rent,fully-furnished,0,2615,1,24,4,0,1,0,104600
Koregaon Park,commercial,sale,semi-furnished,0,1271,1,4,4,0,1,0,16954400
Kharadi,apartment,sale,semi-furnished,2,934,2,6,6,0,2,1,9305500
Undri,commercial,sale,semi-furnished,0,4621,1,30,2,0,1,0,23869100
Hadapsar,studio,rent,fully-furnished,1,484,1,22,3,4,14,0,20600
Wakad,commercial,sale,fully-furnished,0,660,1,28,4,0,1,1,6313700
Boat Club Road,villa,rent,semi-furnished,4,2074,4,11,2,10,13,0,329200
Hinjewadi,plot,rent,unfurnished,0,3963,1,31,0,0,1,1,88100
Koregaon Park,commercial,rent,semi-furnished,0,3816,1,18,7,0,1,0,780800
Viman Nagar,apartment,rent,unfurnished,4,1611,4,1,6,2,7,1,150600
Balewadi,commercial,sale,semi-furnished,0,1566,1,17,0,0,1,0,17121100
Wagholi,apartment,sale,fully-furnished,4,1869,4,10,0,1,18,0,13500800
Kalyani Nagar,studio,rent,unfurnished,1,302,1,11,7,6,15,0,18300
Aundh,apartment,sale,semi-furnished,1,813,1,15,5,6,9,1,7750400
Shivajinagar,house,sale,semi-furnished,3,1171,3,28,7,12,12,1,12309600
Magarpatta,house,sale,unfurnished,3,1234,3,17,3,11,12,0,10918500
Hadapsar,apartment,sale,semi-furnished,4,1716,4,23,2,9,9,0,9926900
Viman Nagar,apartment,sale,fully-furnished,2,975,2,29,7,8,13,1,7101700
Kondhwa,apartment,sale,unfurnished,5,1868,5,30,4,5,6,0,11613300
Pimple Saudagar,apartment,rent,unfurnished,3,1415,3,27,6,3,12,0,59700
Aundh,apartment,rent,semi-furnished,2,1120,2,28,6,0,10,1,42400
Koregaon Park,plot,rent,semi-furnished,0,2938,1,8,6,0,1,0,172300
Koregaon Park,apartment,sale,unfurnished,2,1095,2,11,5,3,4,0,10545100
Balewadi,apartment,rent,unfurnished,4,1841,4,11,9,10,12,0,160300
Kothrud,villa,sale,fully-furnished,2,1937,2,11,4,12,14,1,30766100
Balewadi,apartment,sale,fully-furnished,3,1150,3,3,6,4,14,0,13008000
Wakad,house,rent,fully-furnished,4,1887,4,22,7,4,7,1,152000
Magarpatta,house,rent,semi-furnished,2,1003,2,14,4,1,12,0,47800
Bavdhan,villa,sale,semi-furnished,3,3107,3,19,3,0,2,0,24699500
Undri,apartment,rent,unfurnished,4,1247,4,15,0,6,7,0,51000
Chinchwad,apartment,sale,unfurnished,2,966,2,7,4,10,18,0,5860700
Kalyani Nagar,apartment,sale,semi-furnished,2,1002,2,11,7,7,8,0,11690300
Balewadi,apartment,sale,semi-furnished,2,625,2,27,4,2,9,0,3933400
Chinchwad,apartment,sale,unfurnished,4,1801,4,24,4,1,15,0,9251300
Hinjewadi,studio,rent,unfurnished,1,637,1,10,6,4,14,1,24700
Viman Nagar,studio,rent,semi-furnished,1,555,1,29,6,1,11,1,35700
Wakad,commercial,sale,unfurnished,0,5768,1,27,3,0,1,1,46589500
Hadapsar,apartment,sale,fully-furnished,2,1018,2,6,3,13,14,0,8618000
Viman Nagar,apartment,sale,fully-furnished,4,1737,4,7,5,3,10,1,24163400
Koregaon Park,apartment,rent,unfurnished,3,1118,3,23,5,5,10,0,78700
Hadapsar,plot,sale,unfurnished,0,2979,1,25,1,0,1,0,7327200
Magarpatta,apartment,rent,fully-furnished,1,751,1,19,2,5,8,0,25800
Koregaon Park,plot,rent,unfurnished,0,2032,1,24,3,0,1,0,95600
Hadapsar,apartment,sale,unfurnished,2,828,2,21,0,1,4,0,3325300
Pimpri,house,rent,semi-furnished,1,718,1,24,0,2,2,0,8800
Bavdhan,apartment,sale,unfurnished,2,953,2,5,4,6,6,0,7798200
Pimple Saudagar,studio,sale,unfurnished,1,552,1,29,2,1,6,0,3038200
Baner,apartment,rent,fully-furnished,2,778,2,18,4,0,5,1,55800
Hadapsar,apartment,rent,unfurnished,2,914,2,0,3,12,17,0,19300
Viman Nagar,studio,sale,semi-furnished,1,344,1,17,7,9,14,1,3861300
Viman Nagar,apartment,sale,unfurnished,4,1494,4,27,9,2,13,1,10859300
Undri,house,sale,fully-furnished,2,805,2,14,4,0,13,0,4329100
Wagholi,apartment,rent,fully-furnished,2,1230,2,14,1,0,12,0,37100
Kharadi,apartment,rent,semi-furnished,2,734,2,7,4,14,14,1,33600
Aundh,villa,rent,semi-furnished,2,3535,2,31,4,0,10,1,771700
Hinjewadi,apartment,rent,unfurnished,1,496,1,27,4,0,2,1,15900
Kothrud,apartment,rent,semi-furnished,2,1076,2,20,3,0,5,1,52800
Bavdhan,apartment,sale,fully-furnished,2,894,2,15,5,4,4,0,7335700
Pimple Saudagar,house,sale,semi-furnished,2,948,2,17,4,3,8,0,8661700
Aundh,apartment,rent,unfurnished,4,1286,4,9,4,4,5,1,129600
Balewadi,apartment,sale,unfurnished,2,739,2,17,5,13,16,0,5520100
Shivajinagar,apartment,sale,semi-furnished,1,613,1,9,9,5,11,1,7840400
Pashan,apartment,rent,unfurnished,4,1795,4,19,7,7,8,0,121200
Aundh,villa,sale,unfurnished,2,3880,2,22,3,0,8,1,33201100
Pimpri,house,sale,semi-furnished,3,1440,3,3,3,0,2,0,9376100
Bavdhan,studio,rent,semi-furnished,1,473,1,15,3,2,6,0,16000
Balewadi,plot,sale,unfurnished,0,667,1,16,5,0,1,0,3282900
Chinchwad,apartment,sale,unfurnished,1,870,1,5,3,1,3,0,3688700
Aundh,studio,sale,semi-furnished,1,599,1,29,5,9,16,1,4974200
Wakad,plot,sale,semi-furnished,0,3302,1,28,6,0,1,1,22092200
Bavdhan,commercial,sale,semi-furnished,0,4809,1,4,0,0,1,0,38221100
Camp,house,rent,unfurnished,2,1149,2,13,1,8,11,0,38400
Aundh,apartment,rent,semi-furnished,1,483,1,9,3,3,4,1,30000
Koregaon Park,apartment,rent,semi-furnished,3,1435,3,24,9,2,12,0,162700
Aundh,apartment,rent,fully-furnished,3,1142,3,31,6,7,12,1,84100
Kharadi,apartment,sale,unfurnished,5,1812,5,26,5,13,13,1,13061700
Pimpri,apartment,sale,unfurnished,1,533,1,7,3,0,8,0,2807400
Kothrud,apartment,rent,semi-furnished,2,595,2,8,4,8,15,1,31700
Bavdhan,apartment,sale,semi-furnished,3,1246,3,23,0,3,6,0,7286500
Koregaon Park,apartment,rent,unfurnished,3,1585,3,17,5,7,23,0,95600
Undri,apartment,rent,fully-furnished,1,510,1,24,2,3,14,0,13500
Pimpri,villa,rent,semi-furnished,5,3197,5,4,2,11,13,0,405700
Kalyani Nagar,commercial,sale,unfurnished,0,3505,1,12,8,0,1,0,54586300
Camp,apartment,rent,fully-furnished,3,1222,3,22,9,3,6,0,80600
Kharadi,apartment,sale,fully-furnished,1,819,1,28,1,10,16,1,4605500
Wagholi,house,sale,fully-furnished,3,1212,3,29,2,5,11,0,4717500
Hadapsar,apartment,rent,semi-furnished,3,1534,3,11,1,1,4,0,68000
Bavdhan,studio,rent,fully-furnished,1,432,1,27,1,1,2,0,18300
Koregaon Park,plot,rent,fully-furnished,0,657,1,4,9,0,1,0,53500
Wagholi,plot,sale,semi-furnished,0,3505,1,3,5,0,1,0,15323100
Pimple Saudagar,apartment,rent,semi-furnished,2,988,2,27,4,0,3,0,38700
Kothrud,apartment,sale,fully-furnished,2,929,2,10,3,0,7,1,8968200
Hinjewadi,apartment,sale,semi-furnished,3,1407,3,22,0,3,4,1,10492000
Pimple Saudagar,apartment,sale,unfurnished,1,699,1,27,2,2,2,0,3803200
Boat Club Road,apartment,rent,semi-furnished,3,1312,3,16,3,1,9,0,113500
Baner,apartment,sale,fully-furnished,2,764,2,30,4,6,6,1,8408300
Shivajinagar,commercial,sale,fully-furnished,0,2976,1,7,7,0,1,1,36439700
Kondhwa,house,sale,fully-furnished,1,539,1,23,2,5,10,0,3250500
Baner,apartment,sale,semi-furnished,3,1410,3,0,5,1,11,1,20035300
Kothrud,apartment,rent,fully-furnished,3,1375,3,10,7,5,19,1,103400
Kondhwa,apartment,rent,unfurnished,5,1753,5,5,1,13,16,0,128800
Hinjewadi,villa,sale,semi-furnished,2,3179,2,21,2,8,9,1,32970900
Wakad,apartment,sale,unfurnished,3,1295,3,24,4,5,12,1,9451000
Kondhwa,villa,rent,fully-furnished,3,2091,3,30,0,7,10,0,250200
Kalyani Nagar,house,sale,unfurnished,3,1552,3,23,7,0,2,0,13711700
Kothrud,house,rent,semi-furnished,2,956,2,28,4,9,12,1,35800
Chinchwad,apartment,sale,unfurnished,1,835,1,28,1,9,11,0,3389800
Kharadi,house,rent,unfurnished,2,1214,2,29,5,6,7,1,25200
Baner,commercial,sale,semi-furnished,0,1184,1,4,3,0,1,1,16983700
Kothrud,apartment,sale,fully-furnished,2,1034,2,26,6,1,7,1,8071900
Pisoli,house,rent,unfurnished,2,1179,2,2,0,3,4,0,21300
Baner,villa,rent,fully-furnished,2,1853,2,6,3,11,19,1,354800
Magarpatta,apartment,rent,semi-furnished,2,1181,2,21,0,10,11,0,52200
Aundh,apartment,sale,unfurnished,2,1347,2,31,2,14,16,1,8572900
Koregaon Park,commercial,rent,unfurnished,0,3731,1,31,6,0,1,0,522100
Viman Nagar,apartment,rent,fully-furnished,1,1258,1,18,5,0,10,1,65800
Aundh,apartment,sale,semi-furnished,2,1323,2,13,3,8,10,1,12129900
Wagholi,studio,rent,semi-furnished,1,454,1,1,3,2,7,0,8800
Kalyani Nagar,apartment,sale,unfurnished,3,1295,3,26,9,13,15,0,14332600
Viman Nagar,villa,sale,unfurnished,2,3889,2,9,6,0,6,1,47397500
Hinjewadi,villa,sale,semi-furnished,4,3657,4,15,5,0,3,1,44569800
Magarpatta,apartment,rent,unfurnished,2,635,2,28,7,6,6,0,30400
Balewadi,villa,sale,fully-furnished,3,2653,3,16,10,6,10,0,33894800
Viman Nagar,apartment,sale,fully-furnished,1,828,1,13,6,0,8,1,7657600
Hadapsar,villa,sale,unfurnished,3,3024,3,15,3,12,14,0,26435300
Wanowrie,apartment,rent,semi-furnished,3,1460,3,26,1,7,9,0,66100
Pimple Saudagar,villa,rent,fully-furnished,3,2586,3,3,0,7,10,0,522700
Hinjewadi,apartment,rent,unfurnished,4,1280,4,3,0,1,3,1,84800
Koregaon Park,plot,sale,fully-furnished,0,3020,1,16,6,0,1,0,38936000
Undri,villa,sale,semi-furnished,3,2321,3,30,2,4,10,0,13567700
Kothrud,apartment,sale,semi-furnished,3,1177,3,26,6,5,7,1,11747100
Pimpri,apartment,rent,semi-furnished,2,1048,2,22,0,1,3,0,30300
Pimple Saudagar,commercial,rent,fully-furnished,0,2985,1,20,1,0,1,0,347100
Hadapsar,studio,sale,semi-furnished,1,474,1,13,4,6,13,0,3027200
Wanowrie,villa,sale,fully-furnished,3,2542,3,24,4,4,13,0,15351900
Kalyani Nagar,apartment,sale,unfurnished,1,667,1,19,10,7,14,0,6094200
Kothrud,apartment,rent,semi-furnished,3,1217,3,22,8,3,3,1,77600
Wakad,plot,rent,semi-furnished,0,4066,1,4,3,0,1,1,143900
Hadapsar,studio,sale,semi-furnished,1,561,1,0,4,5,7,0,4303200
Pimple Saudagar,apartment,rent,unfurnished,1,798,1,1,1,9,11,0,17100
Undri,apartment,rent,fully-furnished,5,1756,5,6,7,11,12,0,154500
Pimpri,apartment,sale,fully-furnished,3,1135,3,14,5,1,5,0,7366400
Pimpri,apartment,rent,fully-furnished,3,1538,3,30,1,10,10,0,57100
Kalyani Nagar,apartment,sale,unfurnished,2,861,2,4,4,7,8,0,10642100
Baner,apartment,sale,semi-furnished,3,970,3,10,8,9,11,1,11031100
Baner,plot,sale,semi-furnished,0,3288,1,15,6,0,1,1,23459900
Undri,villa,rent,fully-furnished,2,2801,2,21,5,1,2,0,389700
Bavdhan,apartment,rent,unfurnished,2,971,2,26,0,1,16,0,25900
Balewadi,house,rent,fully-furnished,5,1905,5,13,6,10,14,0,240300
Wanowrie,villa,rent,unfurnished,2,1976,2,31,3,4,7,0,226000
Pimpri,house,rent,unfurnished,2,1163,2,9,1,9,12,0,35200
Wanowrie,villa,sale,unfurnished,2,3965,2,1,2,5,5,0,29948700
Bavdhan,villa,sale,semi-furnished,4,3170,4,7,1,0,5,0,27508300
Hinjewadi,plot,sale,unfurnished,0,2512,1,5,3,0,1,1,18495100
Kondhwa,studio,rent,semi-furnished,1,426,1,29,2,2,3,0,13300
Viman Nagar,apartment,sale,unfurnished,2,887,2,22,9,16,17,1,8486700
Kondhwa,apartment,sale,semi-furnished,4,1764,4,18,3,11,11,0,12918400
Shivajinagar,plot,rent,unfurnished,0,965,1,26,7,0,1,1,46400
Aundh,villa,sale,unfurnished,2,3687,2,27,1,2,2,1,27982500
Undri,plot,rent,semi-furnished,0,1172,1,29,2,0,1,0,31600
Pimpri,house,sale,semi-furnished,3,1614,3,31,4,5,5,0,9870800
Kalyani Nagar,commercial,rent,semi-furnished,0,4950,1,22,8,0,1,0,616800
Pimple Saudagar,house,sale,fully-furnished,2,867,2,17,2,1,10,0,7240000
Chinchwad,apartment,rent,semi-furnished,2,1063,2,19,2,9,9,0,28700
Pisoli,commercial,sale,semi-furnished,0,1664,1,22,3,0,1,0,7000100
Pimpri,studio,sale,unfurnished,1,638,1,11,6,1,2,0,3689700
Kondhwa,apartment,sale,unfurnished,3,1125,3,14,5,7,9,0,6554200
Kharadi,apartment,rent,semi-furnished,1,895,1,24,6,2,3,1,11600
Hinjewadi,apartment,rent,unfurnished,3,1462,3,5,2,1,8,1,77900
Pisoli,studio,sale,fully-furnished,1,493,1,24,3,1,7,0,2569000
Kalyani Nagar,apartment,rent,semi-furnished,4,1542,4,24,5,5,20,0,186900
Kothrud,apartment,rent,fully-furnished,3,1277,3,25,3,2,7,1,69900
Viman Nagar,apartment,rent,semi-furnished,3,1450,3,0,9,1,2,1,123800
Kalyani Nagar,apartment,rent,semi-furnished,1,844,1,9,9,0,7,0,29900
Kalyani Nagar,apartment,sale,fully-furnished,2,840,2,27,7,0,2,0,8740700
Magarpatta,apartment,sale,semi-furnished,2,1037,2,4,2,16,17,0,10358000
Koregaon Park,plot,sale,unfurnished,0,1588,1,27,7,0,1,0,10815000
Koregaon Park,studio,sale,unfurnished,1,428,1,20,5,1,10,0,4429200
Balewadi,apartment,sale,semi-furnished,1,730,1,27,5,6,8,0,4721900
Kharadi,apartment,rent,semi-furnished,2,1209,2,30,4,2,2,1,43800
Hadapsar,studio,rent,semi-furnished,1,397,1,8,3,2,4,0,13500
Pimple Saudagar,villa,sale,unfurnished,3,3271,3,10,4,2,5,0,26515000
Magarpatta,house,sale,fully-furnished,2,1217,2,30,3,3,5,0,10003300
Kothrud,villa,sale,fully-furnished,3,3447,3,21,6,0,3,1,35807400
Kalyani Nagar,studio,rent,unfurnished,1,450,1,3,8,1,9,0,18700
Wakad,commercial,sale,fully-furnished,0,1947,1,21,5,0,1,1,23252200
Chinchwad,apartment,sale,unfurnished,1,786,1,28,2,0,3,0,2968500
Kothrud,commercial,rent,fully-furnished,0,4230,1,13,4,0,1,1,281200
Kothrud,commercial,sale,unfurnished,0,5690,1,3,8,0,1,1,69114800
Kharadi,commercial,sale,unfurnished,0,5184,1,30,3,0,1,1,24652400
Koregaon Park,plot,rent,unfurnished,0,2292,1,15,2,0,1,0,127100
Kothrud,apartment,sale,fully-furnished,4,1489,4,10,4,1,4,1,17071200
Kharadi,apartment,rent,fully-furnished,2,1037,2,28,6,8,10,1,66200
Hinjewadi,apartment,sale,semi-furnished,1,716,1,22,0,8,15,1,4490000
Wanowrie,house,rent,unfurnished,3,1258,3,10,3,0,19,0,59200
Pimpri,apartment,rent,semi-furnished,1,555,1,3,0,7,11,0,11200
Kharadi,apartment,rent,semi-furnished,4,1593,4,16,3,10,17,1,98600
Baner,studio,rent,fully-furnished,1,640,1,10,4,2,9,1,32100
Pimple Saudagar,apartment,rent,semi-furnished,5,2155,5,22,6,2,5,0,216900
Koregaon Park,apartment,sale,fully-furnished,4,1557,4,9,8,2,2,0,30709500
Undri,apartment,rent,semi-furnished,3,1334,3,13,0,12,13,0,41300
Kharadi,apartment,rent,semi-furnished,2,903,2,7,6,4,8,1,38500
Koregaon Park,apartment,rent,semi-furnished,4,1558,4,7,8,5,7,0,204900
Pimpri,house,rent,fully-furnished,3,1142,3,17,2,10,13,0,47600
Balewadi,apartment,sale,semi-furnished,4,1761,4,3,5,0,2,0,17684100
Hinjewadi,apartment,sale,semi-furnished,2,1286,2,30,0,0,9,1,6270000
Pimple Saudagar,apartment,sale,semi-furnished,2,1446,2,17,0,7,10,0,8967100
Wakad,apartment,sale,semi-furnished,3,1047,3,12,7,8,13,1,10426900
Koregaon Park,villa,sale,fully-furnished,2,2866,2,19,10,11,13,0,51355300
Pimpri,apartment,sale,semi-furnished,3,1210,3,15,2,2,8,0,7253100
Aundh,plot,rent,semi-furnished,0,3000,1,15,4,0,1,1,107700
Viman Nagar,apartment,rent,fully-furnished,2,786,2,5,7,7,13,1,39900
Balewadi,apartment,sale,unfurnished,1,676,1,1,3,1,2,0,5454100
Hinjewadi,apartment,rent,semi-furnished,1,346,1,7,3,0,11,1,10600
Balewadi,apartment,sale,fully-furnished,4,1811,4,18,5,3,7,0,17854400
Chinchwad,plot,rent,semi-furnished,0,3309,1,15,1,0,1,0,62700
Koregaon Park,apartment,rent,fully-furnished,3,1379,3,0,7,3,3,0,125800
Balewadi,commercial,rent,semi-furnished,0,2070,1,18,4,0,1,0,121100
Kharadi,house,rent,semi-furnished,1,895,1,4,3,10,17,1,40300
Kothrud,apartment,rent,unfurnished,2,944,2,4,4,1,6,1,41600
Magarpatta,apartment,sale,unfurnished,4,1501,4,12,2,2,2,0,13070300
Hinjewadi,apartment,rent,unfurnished,2,582,2,14,4,6,12,1,18100
Kothrud,apartment,sale,semi-furnished,3,1132,3,7,4,4,4,1,15492000
Pimple Saudagar,plot,sale,fully-furnished,0,1860,1,3,4,0,1,0,12738300
Kondhwa,plot,rent,fully-furnished,0,1523,1,6,3,0,1,0,53500
Baner,studio,rent,semi-furnished,1,507,1,7,7,0,2,1,27600
Aundh,house,sale,semi-furnished,2,1215,2,23,4,3,8,1,10232000
Wanowrie,studio,sale,unfurnished,1,664,1,8,5,0,4,0,4237000
Baner,apartment,rent,unfurnished,2,1060,2,18,4,5,15,1,43500
Wakad,apartment,rent,unfurnished,1,552,1,21,4,5,5,1,16300
Shivajinagar,studio,rent,semi-furnished,1,678,1,14,6,13,17,1,25800
Wakad,villa,rent,unfurnished,3,2670,3,19,6,0,4,1,317400
Hinjewadi,plot,rent,semi-furnished,0,891,1,10,2,0,1,1,32100
Wakad,apartment,sale,unfurnished,5,2044,5,18,8,3,11,1,19040200
Kondhwa,commercial,sale,unfurnished,0,3513,1,30,1,0,1,0,16072000
Kothrud,house,sale,unfurnished,3,1439,3,30,4,1,3,1,9359100
Hinjewadi,apartment,rent,semi-furnished,2,1190,2,31,2,7,8,1,23500
Kharadi,apartment,sale,fully-furnished,3,1231,3,22,2,11,19,1,9258800
Balewadi,apartment,rent,semi-furnished,3,1159,3,28,4,4,14,0,84200
Wagholi,apartment,rent,fully-furnished,2,1131,2,8,1,4,6,0,22100
Hinjewadi,apartment,sale,semi-furnished,2,911,2,14,4,5,5,1,7153700
Kothrud,commercial,sale,unfurnished,0,5673,1,2,3,0,1,1,37687800
Pimple Saudagar,apartment,sale,unfurnished,4,1620,4,14,0,20,20,0,13321400
Kothrud,apartment,sale,unfurnished,1,635,1,8,7,5,6,1,6024300
Kothrud,villa,sale,semi-furnished,1,2775,1,5,4,5,13,1,44843300
Kothrud,apartment,sale,unfurnished,1,914,1,8,6,0,10,1,5870700
Chinchwad,commercial,rent,unfurnished,0,861,1,24,6,0,1,0,24000
Kondhwa,apartment,sale,fully-furnished,2,816,2,27,4,3,8,0,4628500
Pimpri,apartment,sale,fully-furnished,3,1224,3,16,2,0,2,0,8893600
Hadapsar,apartment,sale,fully-furnished,2,813,2,9,4,1,17,0,6009100
Baner,commercial,sale,fully-furnished,0,5116,1,6,4,0,1,1,64514100
Kalyani Nagar,apartment,rent,fully-furnished,2,1195,2,24,6,9,10,0,79500
Kothrud,apartment,sale,semi-furnished,4,1492,4,22,3,10,14,1,13425000
Baner,studio,rent,semi-furnished,1,542,1,6,4,4,12,1,25200
Baner,apartment,sale,unfurnished,4,1595,4,12,4,10,14,1,18505100
Bavdhan,apartment,sale,fully-furnished,3,1324,3,20,1,6,14,0,7989000
Kothrud,plot,sale,semi-furnished,0,3946,1,9,2,0,1,1,28088100
Hinjewadi,apartment,sale,fully-furnished,4,1884,4,31,2,2,6,1,15590200
Pashan,studio,sale,semi-furnished,1,649,1,31,4,4,10,0,3628100
Kothrud,apartment,sale,semi-furnished,2,1168,2,4,1,6,7,1,12334600
Kalyani Nagar,studio,sale,unfurnished,1,397,1,2,9,8,8,0,6594800
Kothrud,apartment,rent,semi-furnished,2,964,2,9,4,0,2,1,40400
Wakad,apartment,rent,unfurnished,2,887,2,15,3,9,9,1,22200
Koregaon Park,apartment,rent,semi-furnished,3,1115,3,8,4,12,12,0,66300
Boat Club Road,plot,rent,semi-furnished,0,4016,1,1,8,0,1,0,268600
Kharadi,apartment,sale,semi-furnished,3,1283,3,2,2,4,5,1,12077700
Undri,apartment,sale,semi-furnished,4,1454,4,15,0,9,15,0,7528100
Pimple Saudagar,villa,rent,unfurnished,2,3346,2,14,0,7,7,0,274800
Kharadi,apartment,sale,fully-furnished,4,1536,4,5,6,5,5,1,22564300
Baner,studio,rent,semi-furnished,1,514,1,10,0,8,8,1,30000
Kothrud,apartment,sale,semi-furnished,4,1128,4,8,4,1,9,1,8591500
Balewadi,plot,rent,fully-furnished,0,716,1,16,6,0,1,0,46000
Koregaon Park,apartment,sale,fully-furnished,3,1347,3,9,4,8,22,0,21496900
Pisoli,villa,sale,unfurnished,2,1326,2,23,3,0,4,0,6000300
Balewadi,commercial,sale,fully-furnished,0,3568,1,24,6,0,1,0,31364500
Kondhwa,apartment,rent,semi-furnished,1,628,1,11,1,2,3,0,11400
Chinchwad,commercial,rent,semi-furnished,0,4169,1,17,4,0,1,0,175100
Shivajinagar,house,sale,fully-furnished,2,829,2,20,7,4,7,1,10419300
Magarpatta,apartment,rent,unfurnished,3,961,3,7,6,6,14,0,50200
Baner,apartment,rent,semi-furnished,3,1193,3,11,4,0,16,1,80600
Pisoli,apartment,rent,unfurnished,3,1457,3,28,6,2,11,0,55900
Viman Nagar,plot,sale,unfurnished,0,2322,1,30,6,0,1,1,16114700
Wakad,plot,sale,fully-furnished,0,3033,1,1,6,0,1,1,29732500
Koregaon Park,apartment,sale,fully-furnished,2,973,2,10,8,5,6,0,15490400
Kharadi,apartment,rent,unfurnished,2,963,2,29,4,12,12,1,38500
Aundh,plot,sale,semi-furnished,0,3698,1,25,5,0,1,1,26947100
Wanowrie,plot,rent,semi-furnished,0,4364,1,6,5,0,1,0,78600
Kalyani Nagar,apartment,sale,semi-furnished,2,1055,2,14,8,3,10,0,12519400
Kharadi,apartment,sale,semi-furnished,3,1320,3,8,5,3,7,1,12514100
Kharadi,plot,sale,unfurnished,0,1061,1,5,4,0,1,1,5848800
Magarpatta,apartment,rent,semi-furnished,3,1384,3,18,3,4,6,0,68900
Kharadi,apartment,sale,fully-furnished,3,1596,3,15,6,1,4,1,15337200
Wakad,commercial,rent,fully-furnished,0,3940,1,15,2,0,1,1,298500
Viman Nagar,commercial,sale,semi-furnished,0,3769,1,0,6,0,1,1,50967800
Chinchwad,plot,sale,unfurnished,0,1754,1,17,3,0,1,0,5450700
Kothrud,apartment,sale,semi-furnished,2,1097,2,11,3,10,19,1,9899400
Hinjewadi,apartment,sale,fully-furnished,2,1029,2,23,1,3,6,1,7637200
Kalyani Nagar,commercial,sale,unfurnished,0,3445,1,4,8,0,1,0,73032600
Wanowrie,studio,sale,fully-furnished,1,575,1,30,2,4,17,0,3586600
Wagholi,apartment,rent,semi-furnished,2,1056,2,4,5,1,2,0,18700
Magarpatta,house,sale,semi-furnished,2,1347,2,10,2,4,7,0,11206900
Wakad,studio,sale,semi-furnished,1,534,1,3,3,0,4,1,4731500
Kharadi,plot,sale,semi-furnished,0,4808,1,14,8,0,1,1,31761300
Hinjewadi,plot,rent,fully-furnished,0,693,1,8,6,0,1,1,28900
Wakad,house,sale,unfurnished,2,942,2,28,3,0,2,1,4815800
Shivajinagar,apartment,sale,unfurnished,3,1560,3,24,6,1,9,1,14589000
Viman Nagar,apartment,sale,semi-furnished,3,1512,3,10,5,11,13,1,17843200
Shivajinagar,commercial,sale,semi-furnished,0,5852,1,21,8,0,1,1,44497000
Aundh,apartment,rent,fully-furnished,1,652,1,13,4,11,11,1,20300
Kothrud,apartment,sale,fully-furnished,3,1462,3,31,7,0,11,1,13996000
Chinchwad,studio,sale,semi-furnished,1,394,1,11,0,3,8,0,2305600
Hinjewadi,apartment,sale,fully-furnished,4,1297,4,17,1,6,6,1,13372300
Hinjewadi,villa,rent,semi-furnished,2,2397,2,6,2,0,3,1,415700
Kothrud,apartment,sale,semi-furnished,3,1395,3,28,4,6,15,1,11941400
Kharadi,commercial,rent,unfurnished,0,3691,1,19,6,0,1,1,251800
Wanowrie,villa,sale,semi-furnished,2,2376,2,18,2,2,5,0,22719400
Pimple Saudagar,apartment,sale,semi-furnished,1,603,1,12,2,3,17,0,4130100
Kalyani Nagar,apartment,rent,semi-furnished,2,834,2,23,4,13,15,0,46400
Kothrud,apartment,sale,fully-furnished,1,1028,1,7,3,10,10,1,10194500
Kothrud,studio,rent,semi-furnished,1,389,1,16,2,10,12,1,25000
Kharadi,studio,sale,fully-furnished,1,463,1,9,1,6,9,1,3777900
Pimple Saudagar,apartment,rent,unfurnished,4,1549,4,22,0,0,3,0,82200
Viman Nagar,apartment,rent,fully-furnished,2,1093,2,3,8,7,8,1,48600
Balewadi,studio,rent,fully-furnished,1,525,1,24,2,7,11,0,26500
Aundh,apartment,rent,unfurnished,2,1128,2,20,8,10,12,1,41200
Hinjewadi,apartment,sale,semi-furnished,3,1424,3,18,2,6,15,1,11877700
Koregaon Park,villa,sale,fully-furnished,3,3019,3,22,9,6,13,0,49064600
Balewadi,apartment,sale,semi-furnished,3,1521,3,29,4,2,2,0,12253800
Kharadi,commercial,rent,semi-furnished,0,4240,1,28,4,0,1,1,515200
Shivajinagar,studio,rent,unfurnished,1,706,1,19,8,8,8,1,36800
Pimpri,apartment,rent,unfurnished,1,580,1,9,1,7,9,0,9500
Koregaon Park,house,sale,semi-furnished,4,1660,4,2,6,0,3,0,28975600
Wakad,commercial,rent,semi-furnished,0,3301,1,7,6,0,1,1,316700
Viman Nagar,plot,sale,semi-furnished,0,3272,1,28,3,0,1,1,18912400
Pisoli,studio,sale,unfurnished,1,300,1,25,7,7,10,0,1500000
Wanowrie,apartment,rent,fully-furnished,3,1044,3,22,4,1,5,0,65600
Kharadi,apartment,sale,unfurnished,3,1111,3,9,5,16,18,1,9040700
Pisoli,apartment,sale,semi-furnished,4,1388,4,15,2,1,2,0,8211900
Kondhwa,studio,rent,unfurnished,1,533,1,21,7,7,10,0,19600
Kothrud,villa,rent,semi-furnished,3,2390,3,2,5,9,10,1,646300
Magarpatta,apartment,sale,semi-furnished,4,1591,4,29,6,6,16,0,14506800
Baner,house,rent,fully-furnished,4,1691,4,2,4,1,6,1,152500
Hadapsar,commercial,sale,fully-furnished,0,2433,1,11,5,0,1,0,14174500
Aundh,studio,rent,unfurnished,1,614,1,26,7,10,11,1,24200
Koregaon Park,apartment,sale,unfurnished,1,479,1,3,7,4,9,0,5744600
Wakad,apartment,rent,semi-furnished,2,919,2,2,5,1,8,1,34200
Baner,villa,sale,fully-furnished,2,2410,2,9,4,4,11,1,47671800
Pimpri,apartment,sale,semi-furnished,3,1456,3,8,2,2,5,0,9638900
Kharadi,plot,sale,fully-furnished,0,2583,1,28,2,0,1,1,12360400
Undri,apartment,rent,unfurnished,3,1297,3,23,4,3,15,0,38500
Wanowrie,villa,rent,unfurnished,3,2025,3,2,5,4,9,0,284300
Balewadi,apartment,rent,fully-furnished,2,1035,2,26,4,1,8,0,39900
Wakad,apartment,rent,unfurnished,2,974,2,20,7,7,13,1,17900
Baner,apartment,sale,unfurnished,2,1237,2,24,6,4,7,1,9076200
Wagholi,apartment,rent,fully-furnished,3,1118,3,2,2,3,6,0,47900
Kothrud,apartment,sale,unfurnished,3,1412,3,6,2,9,18,1,14060600
Kalyani Nagar,studio,sale,fully-furnished,1,450,1,30,5,12,15,0,4801900
Magarpatta,apartment,rent,semi-furnished,3,1415,3,2,2,13,15,0,93800
Chinchwad,commercial,rent,unfurnished,0,4577,1,30,5,0,1,0,147800
Magarpatta,villa,rent,fully-furnished,2,2572,2,24,3,5,15,0,372300
Viman Nagar,plot,sale,unfurnished,0,3652,1,23,8,0,1,1,16783600
Wakad,apartment,sale,semi-furnished,2,1004,2,20,4,5,11,1,8225400
Hinjewadi,apartment,rent,fully-furnished,3,1339,3,12,1,6,14,1,80100
Balewadi,plot,sale,fully-furnished,0,3040,1,28,1,0,1,0,10577400
Pimpri,house,rent,unfurnished,2,1146,2,5,1,10,10,0,35700
Camp,commercial,rent,semi-furnished,0,5186,1,1,6,0,1,0,387500
Magarpatta,apartment,sale,semi-furnished,3,1325,3,21,1,9,21,0,11133700
Baner,villa,sale,semi-furnished,2,1200,2,22,3,3,11,1,10687800
Bavdhan,apartment,sale,unfurnished,1,794,1,31,3,0,7,0,3594100
Baner,commercial,sale,unfurnished,0,2875,1,10,7,0,1,1,14017200
Kothrud,apartment,sale,fully-furnished,3,1329,3,2,4,4,6,1,22269600
Pisoli,apartment,sale,unfurnished,3,1536,3,9,0,12,12,0,7238900
Wakad,apartment,rent,fully-furnished,1,560,1,9,5,2,5,1,20300
Hinjewadi,house,sale,semi-furnished,2,1261,2,13,6,1,2,1,7231900
Pimple Saudagar,apartment,sale,unfurnished,4,1991,4,7,3,0,10,0,14867600
Aundh,commercial,sale,semi-furnished,0,5939,1,17,7,0,1,1,43776700
Undri,studio,rent,semi-furnished,1,457,1,29,3,6,17,0,12800
Chinchwad,apartment,rent,unfurnished,4,1831,4,1,3,0,2,0,81700
Viman Nagar,villa,rent,semi-furnished,3,2722,3,28,7,1,6,1,823800
Hinjewadi,apartment,sale,semi-furnished,3,1498,3,15,5,1,7,1,10958100
Kalyani Nagar,apartment,sale,fully-furnished,2,963,2,14,5,8,10,0,13402900
Camp,villa,sale,unfurnished,3,2211,3,2,3,3,7,0,27814800
Kondhwa,plot,sale,fully-furnished,0,1845,1,13,1,0,1,0,7899400
Chinchwad,commercial,sale,semi-furnished,0,3178,1,5,3,0,1,0,18809300
Aundh,house,sale,unfurnished,2,1090,2,23,5,1,8,1,7679500
Baner,villa,rent,unfurnished,2,1291,2,23,5,4,16,1,262600
Bavdhan,apartment,sale,fully-furnished,2,1076,2,14,3,1,4,0,6971700
Baner,studio,rent,unfurnished,1,695,1,16,4,4,9,1,23100
Bavdhan,apartment,sale,unfurnished,3,1029,3,15,2,9,11,0,7748900
Hinjewadi,plot,sale,semi-furnished,0,1726,1,27,2,0,1,1,12027800
Undri,house,sale,semi-furnished,2,1040,2,31,3,16,18,0,4156800
Kondhwa,apartment,rent,semi-furnished,2,1015,2,9,1,0,13,0,20600
Bavdhan,apartment,rent,fully-furnished,3,1310,3,13,3,2,2,0,68900
Hadapsar,villa,sale,unfurnished,2,3310,2,30,3,7,8,0,20747000
Aundh,villa,rent,semi-furnished,3,2698,3,21,2,2,6,1,521200
Pimple Saudagar,apartment,rent,fully-furnished,2,1145,2,15,3,10,12,0,34300
Viman Nagar,studio,sale,unfurnished,1,482,1,2,3,2,2,1,5036900
Hinjewadi,commercial,rent,unfurnished,0,5015,1,22,1,0,1,1,407500
Shivajinagar,villa,rent,semi-furnished,2,2993,2,6,9,0,2,1,545300
Magarpatta,apartment,rent,fully-furnished,2,1099,2,4,8,7,9,0,46000
Koregaon Park,plot,sale,unfurnished,0,3019,1,24,7,0,1,0,25063500
Kalyani Nagar,apartment,sale,unfurnished,2,1455,2,23,9,1,14,0,13528200
Wanowrie,studio,rent,semi-furnished,1,365,1,22,1,3,7,0,15300
Pisoli,studio,sale,unfurnished,1,614,1,8,3,4,4,0,3183700
Hadapsar,villa,rent,fully-furnished,4,3014,4,25,1,3,9,0,410700
Kharadi,commercial,rent,semi-furnished,0,3589,1,17,3,0,1,1,268000
Kondhwa,apartment,rent,semi-furnished,3,1040,3,25,2,5,18,0,44100
Magarpatta,apartment,sale,fully-furnished,2,925,2,3,4,4,5,0,8847900
Chinchwad,house,sale,semi-furnished,2,1144,2,3,0,5,8,0,6714100
Shivajinagar,plot,rent,semi-furnished,0,3803,1,24,9,0,1,1,210200
Wanowrie,apartment,sale,fully-furnished,2,829,2,15,0,2,6,0,4593900
Balewadi,villa,sale,fully-furnished,2,3378,2,29,0,1,4,0,27020100
Balewadi,apartment,rent,unfurnished,2,974,2,3,3,6,10,0,35700
Boat Club Road,apartment,sale,unfurnished,2,725,2,10,6,6,15,0,6545100
Kothrud,apartment,sale,semi-furnished,2,874,2,13,4,2,8,1,9154500
Aundh,apartment,sale,unfurnished,2,1081,2,1,3,7,14,1,9897500
Kharadi,commercial,rent,semi-furnished,0,3720,1,6,1,0,1,1,418900
Wagholi,apartment,sale,unfurnished,3,1115,3,28,3,2,7,0,4163000
Balewadi,house,sale,unfurnished,3,1405,3,15,6,4,5,0,10918300
Hinjewadi,studio,rent,semi-furnished,1,371,1,19,4,2,8,1,20000
Baner,apartment,rent,unfurnished,3,1372,3,27,5,8,9,1,85100
Kothrud,house,rent,semi-furnished,2,815,2,0,3,11,11,1,39900
Hinjewadi,apartment,sale,semi-furnished,2,929,2,28,1,9,13,1,4785800
Wanowrie,studio,sale,fully-furnished,1,671,1,19,3,1,2,0,6479600
Baner,apartment,rent,fully-furnished,4,1759,4,12,2,1,7,1,192700
Kalyani Nagar,plot,sale,semi-furnished,0,3043,1,24,6,0,1,0,25955000
Undri,apartment,rent,semi-furnished,1,809,1,17,0,0,5,0,15400
Hinjewadi,studio,rent,fully-furnished,1,352,1,9,4,0,4,1,20200
Baner,apartment,sale,fully-furnished,2,1143,2,12,3,5,18,1,7796900
Hadapsar,plot,sale,semi-furnished,0,4986,1,2,6,0,1,0,26766700
Wakad,villa,sale,unfurnished,2,2295,2,14,6,7,7,1,25187600
Hadapsar,apartment,sale,semi-furnished,2,1090,2,7,7,2,12,0,7051800
Hadapsar,commercial,rent,semi-furnished,0,5840,1,17,1,0,1,0,459100
Wakad,plot,sale,fully-furnished,0,3015,1,15,9,0,1,1,26996500
Kondhwa,apartment,sale,semi-furnished,2,1060,2,14,4,11,12,0,6075400
Pashan,commercial,sale,unfurnished,0,950,1,20,2,0,1,0,8103400
Kharadi,house,sale,fully-furnished,3,1305,3,31,5,10,14,1,10655200
Kharadi,apartment,sale,unfurnished,1,494,1,6,1,0,8,1,2807600
Pashan,apartment,rent,semi-furnished,4,1591,4,28,2,9,11,0,119500
Kondhwa,house,sale,unfurnished,2,666,2,21,6,6,9,0,3283200
Pimple Saudagar,apartment,sale,unfurnished,3,1373,3,14,4,0,2,0,8638600
Wanowrie,studio,sale,fully-furnished,1,505,1,5,5,16,16,0,4676000
Baner,house,sale,unfurnished,3,1352,3,7,4,1,13,1,13166700
Bavdhan,studio,sale,fully-furnished,1,607,1,16,2,4,5,0,5386100
Aundh,apartment,sale,fully-furnished,4,1298,4,12,8,18,18,1,22503400
Aundh,plot,rent,semi-furnished,0,4863,1,14,7,0,1,1,210700
Aundh,apartment,rent,fully-furnished,2,1199,2,24,2,5,9,1,54300
Viman Nagar,apartment,sale,semi-furnished,3,1399,3,14,7,3,3,1,16775900
Wakad,apartment,rent,semi-furnished,3,1361,3,30,8,4,7,1,93800
Aundh,apartment,sale,unfurnished,2,1091,2,27,3,11,16,1,8275900
Shivajinagar,apartment,sale,semi-furnished,2,1122,2,6,10,14,15,1,14530600
Hinjewadi,house,sale,fully-furnished,3,1328,3,23,3,6,8,1,11515500
Balewadi,studio,sale,fully-furnished,1,517,1,25,0,1,3,0,3434900
Wakad,villa,rent,unfurnished,2,3952,2,25,8,10,11,1,364400
Wakad,plot,sale,semi-furnished,0,3485,1,6,3,0,1,1,29914100
Kothrud,apartment,rent,unfurnished,3,1298,3,3,5,2,17,1,72300
Viman Nagar,apartment,rent,semi-furnished,4,1404,4,4,6,11,13,1,144000
Wagholi,apartment,sale,fully-furnished,3,1201,3,11,2,10,12,0,9464000
Hadapsar,apartment,rent,unfurnished,3,1470,3,1,4,0,2,0,53100
Undri,apartment,rent,unfurnished,3,1055,3,28,4,7,10,0,41200
Wanowrie,apartment,rent,unfurnished,2,1257,2,7,0,5,7,0,34900
Balewadi,commercial,sale,unfurnished,0,386,1,9,3,0,1,0,3796500
Koregaon Park,villa,sale,unfurnished,3,2036,3,0,10,2,7,0,31772400
Koregaon Park,apartment,rent,fully-furnished,2,1034,2,18,6,2,10,0,82600
Shivajinagar,apartment,sale,fully-furnished,4,1950,4,8,6,6,6,1,30070400
Koregaon Park,apartment,sale,fully-furnished,4,1951,4,13,7,4,7,0,35922300
Koregaon Park,apartment,rent,semi-furnished,4,1604,4,17,6,1,2,0,189600
Pimpri,villa,rent,unfurnished,2,2370,2,16,1,0,10,0,440000
Hinjewadi,studio,rent,semi-furnished,1,389,1,18,0,6,12,1,17100
Viman Nagar,villa,sale,unfurnished,3,3352,3,21,6,2,10,1,25955900
Wagholi,studio,sale,fully-furnished,1,583,1,20,4,8,16,0,3381300
Pisoli,apartment,sale,semi-furnished,2,1055,2,14,0,10,15,0,4021200
Hadapsar,apartment,rent,unfurnished,4,1587,4,6,3,5,10,0,81500
Wanowrie,apartment,sale,unfurnished,3,1387,3,18,3,2,11,0,10774500
Shivajinagar,apartment,sale,semi-furnished,2,1217,2,0,6,9,18,1,16268300
Pisoli,apartment,sale,semi-furnished,3,1619,3,2,6,9,11,0,12166900
Baner,studio,rent,unfurnished,1,446,1,10,6,0,5,1,29000
Kharadi,house,rent,fully-furnished,2,1141,2,25,2,5,14,1,34400
Pimple Saudagar,apartment,sale,semi-furnished,2,993,2,21,2,1,11,0,4850100
Pimple Saudagar,apartment,rent,fully-furnished,4,1561,4,8,2,4,4,0,117400
Shivajinagar,apartment,rent,unfurnished,4,1654,4,15,10,7,10,1,161900
Kharadi,apartment,sale,semi-furnished,3,1645,3,23,3,5,18,1,11438800
Pisoli,apartment,rent,fully-furnished,2,1029,2,2,2,3,14,0,28600
Baner,studio,sale,semi-furnished,1,432,1,1,1,3,6,1,4340700
Undri,apartment,rent,semi-furnished,3,1139,3,14,0,0,16,0,35000
Hinjewadi,studio,sale,fully-furnished,1,448,1,17,5,0,7,1,3727600
Kalyani Nagar,studio,sale,semi-furnished,1,426,1,31,6,2,2,0,5603000
Hinjewadi,plot,rent,semi-furnished,0,2716,1,12,2,0,1,1,92900
Kalyani Nagar,apartment,sale,semi-furnished,2,956,2,12,7,0,3,0,10371200
Wagholi,apartment,rent,semi-furnished,3,1509,3,5,3,1,4,0,45800
Baner,apartment,sale,semi-furnished,3,1172,3,10,4,2,2,1,12894600
Baner,plot,rent,fully-furnished,0,3067,1,0,5,0,1,1,155200
Kharadi,apartment,sale,semi-furnished,2,799,2,19,5,6,13,1,6423500
Chinchwad,house,sale,semi-furnished,3,1283,3,23,1,6,14,0,5873300
Magarpatta,apartment,rent,fully-furnished,2,1170,2,21,6,1,2,0,51100
Koregaon Park,apartment,sale,unfurnished,1,747,1,14,6,6,14,0,8412800
Wakad,apartment,rent,semi-furnished,3,1237,3,1,4,0,7,1,74600
Pisoli,apartment,rent,unfurnished,3,1261,3,23,2,13,14,0,33700
Viman Nagar,studio,sale,semi-furnished,1,447,1,17,9,5,10,1,4422400
Kothrud,apartment,rent,unfurnished,2,798,2,14,3,2,13,1,37300
Kharadi,apartment,rent,semi-furnished,3,1310,3,13,5,0,2,1,52200
Undri,villa,sale,fully-furnished,1,2514,1,8,2,8,14,0,15627900
Shivajinagar,apartment,sale,semi-furnished,3,1462,3,23,6,3,5,1,14172000
Magarpatta,apartment,rent,fully-furnished,2,884,2,19,5,10,11,0,39500
Shivajinagar,house,rent,unfurnished,4,1748,4,13,9,14,14,1,180800
Hinjewadi,plot,sale,fully-furnished,0,974,1,31,4,0,1,1,4400800
Viman Nagar,apartment,rent,semi-furnished,2,566,2,23,7,9,12,1,30900
Balewadi,villa,rent,semi-furnished,2,3427,2,24,3,0,2,0,406900
Kalyani Nagar,apartment,rent,semi-furnished,5,2053,5,31,6,1,6,0,325700
Koregaon Park,apartment,rent,unfurnished,3,1167,3,8,4,14,16,0,90100
Wanowrie,apartment,rent,semi-furnished,2,953,2,30,2,0,3,0,29200
Viman Nagar,commercial,rent,fully-furnished,0,5565,1,3,6,0,1,1,906300
Kharadi,apartment,sale,unfurnished,4,1429,4,6,5,1,2,1,14820700
Hadapsar,house,sale,fully-furnished,3,1588,3,11,3,9,15,0,11871500
Undri,plot,sale,unfurnished,0,1832,1,19,4,0,1,0,4569600
Pimpri,house,sale,semi-furnished,2,1316,2,30,5,3,5,0,5161400
Hinjewadi,apartment,sale,semi-furnished,2,966,2,8,1,1,6,1,6471800
Wakad,apartment,sale,unfurnished,4,1668,4,14,6,2,5,1,13972300
Wanowrie,house,rent,semi-furnished,3,1404,3,7,1,1,6,0,71100
Shivajinagar,apartment,rent,unfurnished,5,1812,5,9,5,7,10,1,219500
Wakad,apartment,rent,semi-furnished,3,1293,3,0,5,5,5,1,66100
Hadapsar,apartment,rent,semi-furnished,3,1171,3,2,4,7,7,0,40800
Kalyani Nagar,apartment,rent,fully-furnished,3,1482,3,29,8,6,9,0,129100
Pashan,apartment,sale,semi-furnished,3,988,3,10,4,8,8,0,10221500
Kothrud,villa,sale,unfurnished,1,3848,1,0,4,0,14,1,37909300
Wagholi,studio,rent,fully-furnished,1,432,1,12,4,0,3,0,14200
Bavdhan,apartment,rent,fully-furnished,3,1436,3,15,0,1,3,0,53600
Hinjewadi,house,sale,unfurnished,2,1040,2,22,5,0,12,1,6479300
Balewadi,house,rent,semi-furnished,2,877,2,12,5,0,17,0,35300
Pimple Saudagar,apartment,sale,unfurnished,2,805,2,21,2,1,9,0,3392100
Wagholi,apartment,sale,fully-furnished,4,1737,4,22,3,14,15,0,11051200
Balewadi,plot,sale,semi-furnished,0,4200,1,13,3,0,1,0,30185500
Hinjewadi,studio,rent,unfurnished,1,388,1,4,1,13,14,1,16500
Pimple Saudagar,apartment,rent,semi-furnished,2,912,2,2,3,2,5,0,23500
Koregaon Park,apartment,sale,semi-furnished,3,1391,3,4,10,12,12,0,25941100
Balewadi,villa,rent,semi-furnished,3,3035,3,13,3,7,8,0,697000
Hinjewadi,apartment,rent,semi-furnished,2,904,2,8,4,1,8,1,31800
Aundh,house,rent,semi-furnished,2,936,2,18,6,7,9,1,43700
Balewadi,apartment,rent,unfurnished,3,1432,3,5,2,2,5,0,84500
Pimpri,apartment,rent,unfurnished,4,1833,4,28,1,5,8,0,78900
Hinjewadi,studio,rent,semi-furnished,1,561,1,27,7,0,17,1,23400
Wagholi,apartment,sale,semi-furnished,1,543,1,21,2,1,16,0,2383300
Magarpatta,apartment,sale,semi-furnished,3,1324,3,25,3,11,12,0,10711300
Kharadi,villa,rent,fully-furnished,3,2281,3,27,4,3,4,1,434600
Bavdhan,apartment,sale,semi-furnished,2,762,2,24,0,1,7,0,3461400
Hinjewadi,studio,rent,fully-furnished,1,311,1,27,5,3,7,1,16400
Pashan,villa,rent,unfurnished,3,2489,3,10,5,7,10,0,328900
Hinjewadi,apartment,rent,semi-furnished,2,871,2,12,2,8,8,1,23600
Wanowrie,apartment,sale,unfurnished,1,417,1,13,2,11,17,0,1942800
Aundh,commercial,rent,semi-furnished,0,1158,1,24,2,0,1,1,133200
Pimple Saudagar,house,sale,semi-furnished,3,1081,3,8,6,1,3,0,7550200
Kharadi,villa,rent,unfurnished,2,2280,2,21,7,4,9,1,292600
Wagholi,house,rent,fully-furnished,2,957,2,16,0,2,2,0,18600
Bavdhan,apartment,rent,semi-furnished,4,1454,4,29,3,1,5,0,109200
Wagholi,villa,sale,semi-furnished,3,2887,3,13,3,5,15,0,12306200
Kharadi,apartment,sale,fully-furnished,1,827,1,30,5,12,13,1,5541000
Magarpatta,apartment,rent,semi-furnished,2,999,2,17,5,5,17,0,41500
Viman Nagar,house,rent,semi-furnished,1,916,1,13,6,0,14,1,24400
Magarpatta,studio,rent,semi-furnished,1,395,1,8,3,8,10,0,15000
Kalyani Nagar,apartment,sale,unfurnished,1,708,1,16,4,8,9,0,7390700
Koregaon Park,villa,sale,semi-furnished,2,2813,2,29,6,1,5,0,39329200
Pashan,apartment,rent,semi-furnished,2,1091,2,3,5,8,10,0,53800
Hinjewadi,apartment,sale,semi-furnished,3,1066,3,11,2,0,14,1,8935600
Chinchwad,apartment,sale,semi-furnished,4,1768,4,24,1,2,2,0,12157000
Balewadi,apartment,sale,fully-furnished,2,1165,2,9,3,2,4,0,10835100
Magarpatta,commercial,sale,semi-furnished,0,1513,1,13,3,0,1,0,13610200
Kharadi,house,sale,semi-furnished,1,700,1,7,3,15,16,1,6650900
Wagholi,plot,sale,unfurnished,0,761,1,3,3,0,1,0,3063800
Wakad,house,sale,semi-furnished,2,1259,2,27,2,6,7,1,7914600
Pimple Saudagar,plot,sale,fully-furnished,0,3460,1,3,6,0,1,0,29375300
Chinchwad,studio,sale,semi-furnished,1,430,1,18,2,10,10,0,2605100
Kalyani Nagar,apartment,sale,semi-furnished,1,698,1,13,5,3,10,0,8655500
Kharadi,apartment,sale,semi-furnished,2,881,2,1,3,4,9,1,7351400
Undri,apartment,sale,fully-furnished,3,1299,3,31,3,8,8,0,8185200
Shivajinagar,apartment,sale,semi-furnished,2,1044,2,25,9,8,12,1,9959700
Kharadi,apartment,sale,fully-furnished,4,1720,4,24,5,8,8,1,17400500
Kondhwa,apartment,sale,semi-furnished,2,724,2,31,4,7,9,0,3841600
Pashan,studio,rent,semi-furnished,1,557,1,1,8,3,8,0,28000
Koregaon Park,villa,rent,fully-furnished,4,3178,4,6,4,6,8,0,1210300
Pisoli,commercial,sale,semi-furnished,0,2943,1,30,2,0,1,0,13960000
Hinjewadi,studio,sale,unfurnished,1,300,1,19,3,3,9,1,1720700
Magarpatta,house,rent,fully-furnished,2,1020,2,28,5,1,8,0,52500
Kothrud,plot,rent,semi-furnished,0,3495,1,28,4,0,1,1,168500
Baner,apartment,rent,unfurnished,3,1303,3,4,6,1,10,1,90400
Pimple Saudagar,apartment,rent,unfurnished,2,910,2,28,0,6,6,0,23100
Viman Nagar,apartment,rent,semi-furnished,2,713,2,2,7,7,16,1,40700
Pimple Saudagar,apartment,sale,unfurnished,3,1158,3,3,0,11,15,0,9851500
Viman Nagar,studio,sale,unfurnished,1,335,1,2,6,0,2,1,3225700
Pimpri,apartment,rent,semi-furnished,3,1344,3,17,2,2,4,0,41800
Chinchwad,apartment,sale,unfurnished,2,755,2,5,3,0,6,0,3854500
Wagholi,studio,rent,semi-furnished,1,639,1,18,0,2,15,0,10300
Kondhwa,apartment,sale,semi-furnished,1,770,1,26,2,12,12,0,2932100
Viman Nagar,plot,sale,unfurnished,0,1746,1,22,7,0,1,1,11696200
Wagholi,apartment,sale,semi-furnished,2,1013,2,16,3,5,9,0,6003900
Kothrud,apartment,rent,fully-furnished,2,764,2,29,4,2,4,1,41400
Pimple Saudagar,apartment,rent,unfurnished,2,1098,2,31,3,11,14,0,35000
Viman Nagar,apartment,rent,fully-furnished,3,1618,3,13,8,5,5,1,129800
Hinjewadi,apartment,sale,fully-furnished,3,1673,3,11,1,4,6,1,12437200
Pimpri,apartment,sale,fully-furnished,3,1163,3,4,3,0,2,0,9299200
Kothrud,house,rent,fully-furnished,1,520,1,0,6,7,14,1,29500
Bavdhan,apartment,sale,semi-furnished,5,1899,5,21,1,10,15,0,16087800
Pimple Saudagar,studio,rent,semi-furnished,1,356,1,15,2,6,13,0,13900
Wanowrie,studio,rent,unfurnished,1,593,1,22,4,0,2,0,21100
Viman Nagar,villa,rent,fully-furnished,1,2566,1,14,7,0,5,1,957100
Shivajinagar,apartment,rent,unfurnished,5,2010,5,17,9,10,17,1,262300
Pimpri,apartment,rent,fully-furnished,5,1922,5,30,0,4,5,0,150400
Baner,apartment,rent,semi-furnished,2,1221,2,17,0,7,7,1,24500
Viman Nagar,studio,rent,unfurnished,1,529,1,20,1,1,13,1,20000
Undri,apartment,sale,semi-furnished,1,696,1,3,3,6,10,0,4137300
Aundh,villa,rent,fully-furnished,2,2694,2,29,2,5,13,1,411000
Hadapsar,apartment,sale,semi-furnished,2,1299,2,2,2,4,9,0,7824100
Wagholi,apartment,rent,fully-furnished,1,741,1,27,0,2,6,0,17600
Shivajinagar,apartment,rent,unfurnished,4,1457,4,26,7,2,24,1,150500
Hinjewadi,studio,sale,fully-furnished,1,525,1,24,1,0,2,1,3333200
Kalyani Nagar,studio,sale,semi-furnished,1,398,1,20,8,4,5,0,4220800
Aundh,apartment,rent,unfurnished,4,1755,4,6,4,12,12,1,148800
Balewadi,house,rent,semi-furnished,2,1279,2,16,2,11,11,0,45400
Baner,studio,sale,unfurnished,1,526,1,26,5,16,16,1,3753300
Pashan,apartment,sale,semi-furnished,3,1201,3,6,5,3,11,0,12031800
Wanowrie,apartment,sale,fully-furnished,3,1182,3,15,0,12,16,0,9699400
Camp,villa,rent,semi-furnished,2,2133,2,25,3,16,17,0,301800
Wakad,apartment,sale,fully-furnished,3,1271,3,31,7,5,13,1,10101300
Hinjewadi,villa,sale,unfurnished,3,2681,3,11,3,7,8,1,21334600
Kharadi,studio,rent,unfurnished,1,516,1,28,9,10,11,1,19400
Camp,house,rent,fully-furnished,2,1033,2,27,4,7,8,0,29500
Viman Nagar,apartment,rent,unfurnished,4,1438,4,8,3,1,2,1,116900
Chinchwad,studio,rent,unfurnished,1,547,1,26,6,5,10,0,13400
Magarpatta,plot,sale,semi-furnished,0,2734,1,6,1,0,1,0,22866100
Undri,house,sale,semi-furnished,2,1207,2,0,0,0,9,0,8276000
Koregaon Park,apartment,rent,unfurnished,3,1334,3,5,7,3,7,0,89700
Baner,apartment,sale,unfurnished,2,549,2,2,5,3,8,1,6088900
Koregaon Park,apartment,sale,semi-furnished,3,1357,3,0,10,8,13,0,24003100
Pimpri,villa,rent,semi-furnished,1,2546,1,19,6,4,13,0,221700
Boat Club Road,apartment,sale,semi-furnished,3,1448,3,28,5,11,11,0,18666500
Magarpatta,house,sale,semi-furnished,1,521,1,2,2,7,11,0,4330200
Undri,apartment,sale,unfurnished,3,1415,3,23,2,2,11,0,5734600
Balewadi,apartment,sale,fully-furnished,2,1061,2,24,3,10,13,0,9406800
Wagholi,apartment,rent,unfurnished,5,2136,5,29,7,3,7,0,140600
Viman Nagar,villa,sale,semi-furnished,1,4213,1,17,8,3,6,1,53535100
Viman Nagar,house,sale,unfurnished,4,1673,4,23,4,14,18,1,18614000
Bavdhan,apartment,rent,fully-furnished,3,1386,3,14,3,1,2,0,84300
Wagholi,house,sale,semi-furnished,2,851,2,21,0,6,15,0,3529300
Baner,studio,rent,semi-furnished,1,415,1,25,4,2,9,1,22900
Viman Nagar,apartment,rent,fully-furnished,2,1110,2,11,7,3,12,1,71400
Hadapsar,apartment,sale,unfurnished,2,797,2,11,0,1,8,0,2925800
Magarpatta,apartment,sale,fully-furnished,1,466,1,3,6,7,10,0,5976900
Wanowrie,house,sale,semi-furnished,2,1275,2,2,4,5,14,0,11075300
Baner,apartment,rent,unfurnished,1,816,1,0,4,2,10,1,9000
Chinchwad,commercial,rent,unfurnished,0,2855,1,11,4,0,1,0,146300
Shivajinagar,plot,rent,semi-furnished,0,3652,1,9,5,0,1,1,164000
Kalyani Nagar,apartment,sale,semi-furnished,3,1344,3,19,6,0,2,0,13848100
Bavdhan,plot,sale,semi-furnished,0,3654,1,23,2,0,1,0,10672000
Wakad,house,sale,fully-furnished,1,890,1,5,4,17,17,1,9010200
Boat Club Road,villa,rent,semi-furnished,3,1455,3,5,6,1,10,0,506900
Kothrud,apartment,sale,semi-furnished,2,1126,2,5,7,1,5,1,14411400
Hadapsar,house,sale,unfurnished,4,1927,4,13,2,3,7,0,13428900
Kothrud,villa,rent,fully-furnished,3,4266,3,28,2,7,9,1,1008200
Kalyani Nagar,house,sale,unfurnished,2,974,2,28,7,4,8,0,8548700
Viman Nagar,house,sale,semi-furnished,2,1107,2,21,10,0,12,1,11224400
Undri,apartment,sale,fully-furnished,2,753,2,9,0,6,10,0,4434900
Koregaon Park,apartment,rent,semi-furnished,4,1603,4,23,8,6,7,0,216400
Magarpatta,house,rent,semi-furnished,3,1294,3,22,2,2,4,0,66500
Pimple Saudagar,apartment,sale,semi-furnished,4,1590,4,23,1,4,6,0,10954800
Hinjewadi,apartment,sale,semi-furnished,4,1485,4,22,1,1,2,1,10857400
Hadapsar,apartment,sale,fully-furnished,3,1351,3,23,3,0,3,0,7219500
Kharadi,apartment,rent,fully-furnished,2,1248,2,2,7,4,11,1,64700
Hinjewadi,studio,rent,fully-furnished,1,535,1,3,4,3,7,1,32000
Kharadi,apartment,sale,semi-furnished,1,802,1,12,2,0,22,1,6219900
Wakad,studio,sale,semi-furnished,1,571,1,19,4,3,20,1,3319400
Kalyani Nagar,plot,sale,fully-furnished,0,2315,1,1,7,0,1,0,28341900
Baner,villa,sale,semi-furnished,3,2261,3,14,8,12,17,1,23685200
Kharadi,plot,sale,fully-furnished,0,1766,1,8,9,0,1,1,13804500
Shivajinagar,apartment,sale,fully-furnished,3,1198,3,18,9,0,14,1,12700100
Magarpatta,commercial,sale,fully-furnished,0,263,1,6,4,0,1,0,3938900
Undri,apartment,rent,semi-furnished,2,882,2,12,6,1,14,0,21600
Wakad,apartment,sale,semi-furnished,2,1252,2,22,3,6,6,1,9291100
Pisoli,apartment,rent,unfurnished,4,1588,4,9,2,7,15,0,62500
Balewadi,apartment,rent,fully-furnished,4,1858,4,11,2,0,9,0,155100
Kothrud,apartment,sale,semi-furnished,3,1471,3,17,4,13,15,1,14689400
Pimple Saudagar,commercial,rent,unfurnished,0,4979,1,3,0,0,1,0,398700
Kharadi,commercial,sale,fully-furnished,0,748,1,10,3,0,1,1,6588700
Kothrud,apartment,sale,semi-furnished,3,1465,3,31,5,15,16,1,11211000
Pimple Saudagar,house,sale,unfurnished,2,841,2,29,4,16,17,0,4577200
Aundh,apartment,sale,semi-furnished,2,906,2,14,3,1,2,1,8024700
Baner,plot,sale,unfurnished,0,4540,1,11,4,0,1,1,31520300
Baner,studio,sale,fully-furnished,1,557,1,29,4,1,15,1,5737700
Pimple Saudagar,apartment,sale,semi-furnished,2,854,2,1,3,1,12,0,6578800
Viman Nagar,house,rent,semi-furnished,2,1014,2,0,5,8,11,1,56200
Kothrud,studio,sale,fully-furnished,1,407,1,17,0,15,17,1,3425300
Undri,apartment,sale,fully-furnished,2,1194,2,20,3,1,3,0,6229600
Balewadi,house,rent,fully-furnished,3,1411,3,19,6,1,11,0,87300
Viman Nagar,apartment,rent,semi-furnished,2,1240,2,30,7,4,4,1,56500
Viman Nagar,villa,sale,unfurnished,2,3006,2,24,6,5,12,1,27945500
Magarpatta,apartment,rent,unfurnished,2,1082,2,13,5,6,6,0,29900
Viman Nagar,commercial,sale,fully-furnished,0,4422,1,29,10,0,1,1,46369200
Boat Club Road,studio,sale,semi-furnished,1,614,1,4,8,7,14,0,9475400
Kharadi,apartment,rent,semi-furnished,2,1139,2,29,2,2,2,1,43800
Hinjewadi,apartment,sale,semi-furnished,2,980,2,18,2,7,7,1,5876500
Hinjewadi,apartment,rent,semi-furnished,1,673,1,19,2,5,9,1,7900
Kalyani Nagar,villa,sale,fully-furnished,2,4157,2,18,4,9,10,0,72933500
Baner,house,rent,unfurnished,2,811,2,15,3,18,27,1,32100
Hinjewadi,house,rent,semi-furnished,2,979,2,29,7,2,8,1,46400
Kharadi,plot,rent,unfurnished,0,1933,1,8,4,0,1,1,71300
Hadapsar,house,rent,semi-furnished,3,1312,3,29,5,3,7,0,52300
Balewadi,apartment,sale,fully-furnished,3,1324,3,7,2,6,6,0,17697600
Koregaon Park,house,rent,fully-furnished,3,1044,3,25,7,2,12,0,90200
Baner,commercial,sale,unfurnished,0,386,1,17,4,0,1,1,4878600
Kalyani Nagar,apartment,sale,semi-furnished,3,1145,3,18,7,0,7,0,13541500
Baner,apartment,rent,semi-furnished,2,1014,2,0,6,3,8,1,46400
Kalyani Nagar,plot,sale,semi-furnished,0,2061,1,20,8,0,1,0,17315300
Kharadi,house,rent,semi-furnished,2,1261,2,3,5,3,11,1,51600
Kondhwa,plot,sale,unfurnished,0,778,1,8,1,0,1,0,3306500
Baner,commercial,sale,semi-furnished,0,585,1,29,4,0,1,1,6531800
Kharadi,commercial,sale,unfurnished,0,646,1,6,6,0,1,1,8208100
Pimpri,apartment,rent,semi-furnished,3,1538,3,13,4,12,12,0,54300
Wagholi,studio,rent,semi-furnished,1,539,1,29,5,8,11,0,14300
Pisoli,apartment,sale,fully-furnished,2,1013,2,4,5,12,13,0,8467800
Undri,apartment,rent,unfurnished,2,861,2,20,2,2,8,0,25900
Kalyani Nagar,house,rent,fully-furnished,1,850,1,19,6,1,6,0,44300
Shivajinagar,studio,sale,unfurnished,1,547,1,17,7,9,15,1,5669800
Wagholi,apartment,sale,fully-furnished,2,1244,2,6,4,8,8,0,8259400
Magarpatta,apartment,sale,unfurnished,4,1530,4,18,6,11,11,0,14368500
Pisoli,apartment,sale,semi-furnished,4,1733,4,30,1,15,17,0,7206400
Boat Club Road,apartment,sale,unfurnished,2,987,2,7,7,3,10,0,16701300
Pisoli,plot,rent,unfurnished,0,3513,1,21,3,0,1,0,54600
Chinchwad,studio,sale,fully-furnished,1,475,1,21,5,2,4,0,2949200
Chinchwad,apartment,rent,semi-furnished,1,662,1,25,4,1,8,0,10400
Pimple Saudagar,villa,sale,fully-furnished,2,4563,2,10,4,5,12,0,36013600
Camp,apartment,sale,unfurnished,2,904,2,26,3,2,10,0,5992300
Hinjewadi,apartment,rent,unfurnished,3,1414,3,19,1,2,15,1,52000
Wanowrie,apartment,sale,unfurnished,3,985,3,10,3,0,2,0,6856500
Wagholi,apartment,rent,unfurnished,3,1560,3,11,5,2,3,0,44000
Koregaon Park,apartment,rent,semi-furnished,3,1199,3,11,6,17,18,0,113500
Kondhwa,commercial,rent,fully-furnished,0,4715,1,12,1,0,1,0,381000
Chinchwad,villa,sale,semi-furnished,1,2838,1,28,1,9,11,0,13699300
Pimple Saudagar,apartment,rent,semi-furnished,3,1447,3,21,3,3,15,0,76600
Magarpatta,studio,sale,unfurnished,1,517,1,11,9,7,9,0,4981700
Viman Nagar,house,sale,unfurnished,3,1415,3,14,4,0,12,1,14045900
Viman Nagar,commercial,sale,fully-furnished,0,4623,1,22,7,0,1,1,91419100
Viman Nagar,apartment,rent,unfurnished,3,1252,3,11,6,5,7,1,91500
Kharadi,apartment,rent,unfurnished,3,1393,3,4,5,8,8,1,74600
Kothrud,apartment,sale,semi-furnished,1,698,1,7,6,7,8,1,6241800
Kharadi,apartment,sale,fully-furnished,3,955,3,23,3,7,13,1,7022900
Hinjewadi,apartment,sale,unfurnished,4,1542,4,18,1,14,14,1,12850800
Wagholi,apartment,rent,unfurnished,1,687,1,30,3,6,8,0,9200
Kharadi,apartment,sale,fully-furnished,3,1204,3,22,4,0,2,1,7404000
Undri,apartment,sale,semi-furnished,3,1470,3,20,3,10,14,0,8670600
Bavdhan,studio,sale,semi-furnished,1,567,1,11,6,1,2,0,4540900
Kharadi,apartment,sale,fully-furnished,2,1143,2,1,2,6,7,1,12798100
Viman Nagar,commercial,rent,unfurnished,0,1751,1,16,9,0,1,1,305500
Chinchwad,apartment,sale,fully-furnished,2,1377,2,9,1,5,5,0,8119400
Hinjewadi,house,sale,unfurnished,4,1745,4,26,0,2,4,1,10012100
Bavdhan,apartment,sale,semi-furnished,2,770,2,14,6,4,7,0,5877400
Viman Nagar,apartment,sale,fully-furnished,4,1505,4,31,9,11,17,1,19742600
Wakad,apartment,rent,unfurnished,5,1629,5,5,6,10,12,1,150200
Viman Nagar,plot,rent,fully-furnished,0,3794,1,24,6,0,1,1,176000
Pisoli,apartment,sale,semi-furnished,4,1812,4,19,0,2,14,0,9201200
Kalyani Nagar,commercial,rent,semi-furnished,0,860,1,18,6,0,1,0,111200
Hadapsar,apartment,sale,unfurnished,1,691,1,7,8,6,11,0,3934800
Baner,studio,rent,unfurnished,1,529,1,30,5,7,9,1,25200
Koregaon Park,house,sale,unfurnished,3,1230,3,0,10,1,6,0,17819500
Pimple Saudagar,house,sale,semi-furnished,3,1271,3,18,3,1,6,0,9013900
Koregaon Park,apartment,sale,unfurnished,2,1094,2,18,10,7,8,0,13678700
Pashan,apartment,rent,fully-furnished,2,1050,2,26,6,5,9,0,62400
Baner,plot,sale,semi-furnished,0,1416,1,6,5,0,1,1,13347200
Baner,apartment,rent,semi-furnished,2,1090,2,17,7,0,12,1,55300
Chinchwad,apartment,rent,unfurnished,4,1818,4,16,2,4,9,0,81500
Kharadi,plot,rent,semi-furnished,0,4689,1,23,2,0,1,1,131900
Viman Nagar,villa,rent,unfurnished,1,2366,1,8,7,9,11,1,436600
Viman Nagar,commercial,rent,fully-furnished,0,2173,1,23,5,0,1,1,191300
Wagholi,studio,sale,semi-furnished,1,415,1,2,5,4,9,0,2515800
Wanowrie,apartment,rent,unfurnished,3,1493,3,27,3,0,2,0,43700
Hinjewadi,apartment,sale,semi-furnished,1,660,1,8,4,16,16,1,5427400
Magarpatta,commercial,rent,unfurnished,0,610,1,10,6,0,1,0,83500
Wagholi,apartment,rent,semi-furnished,4,1579,4,21,2,3,4,0,62900
Baner,apartment,sale,semi-furnished,5,2169,5,17,4,1,10,1,25074300
Pimpri,villa,sale,semi-furnished,4,1399,4,16,5,4,17,0,11960900
Kothrud,apartment,rent,unfurnished,2,1014,2,30,3,3,6,1,29600
Viman Nagar,apartment,sale,semi-furnished,2,834,2,12,6,1,4,1,8334000
Kondhwa,villa,sale,fully-furnished,2,1742,2,12,4,9,9,0,20379300
Magarpatta,apartment,rent,semi-furnished,2,858,2,12,4,10,10,0,37100
Pimple Saudagar,house,sale,fully-furnished,4,1691,4,19,2,0,6,0,13378700
Bavdhan,commercial,sale,unfurnished,0,2280,1,27,4,0,1,0,11408400
Wakad,studio,sale,semi-furnished,1,564,1,30,7,1,5,1,3856000
Baner,apartment,sale,unfurnished,3,1149,3,3,6,1,14,1,14241100
Shivajinagar,house,sale,semi-furnished,1,480,1,19,6,2,7,1,4818100
Koregaon Park,commercial,rent,unfurnished,0,2801,1,10,6,0,1,0,483900
Undri,apartment,rent,semi-furnished,4,1370,4,6,0,5,10,0,56600
Magarpatta,villa,rent,fully-furnished,2,3471,2,19,2,11,11,0,798200
Kalyani Nagar,villa,sale,unfurnished,2,3200,2,16,3,8,12,0,38774000
Aundh,apartment,sale,fully-furnished,3,1427,3,17,5,6,9,1,16666500
Aundh,villa,rent,unfurnished,3,3605,3,15,3,18,18,1,419400
Hinjewadi,studio,sale,unfurnished,1,371,1,9,3,0,14,1,2936800
Pashan,apartment,rent,fully-furnished,3,1280,3,25,4,2,5,0,70400
Kondhwa,house,rent,semi-furnished,3,1230,3,16,2,0,2,0,40300
Pisoli,studio,sale,fully-furnished,1,473,1,10,3,2,2,0,2599100
Pimpri,apartment,rent,unfurnished,3,1310,3,9,4,3,14,0,55600
Hadapsar,studio,sale,fully-furnished,1,617,1,14,2,1,6,0,3260300
Bavdhan,apartment,rent,semi-furnished,2,676,2,28,1,12,13,0,20600
Undri,apartment,rent,fully-furnished,2,966,2,11,2,8,19,0,30400
Hinjewadi,apartment,rent,fully-furnished,1,523,1,31,1,4,15,1,13400
Pisoli,villa,sale,semi-furnished,4,3620,4,2,4,3,20,0,30618400
Hinjewadi,plot,sale,fully-furnished,0,4585,1,25,0,0,1,1,23219800
Chinchwad,studio,sale,fully-furnished,1,484,1,18,3,10,13,0,3367900
Viman Nagar,studio,rent,fully-furnished,1,789,1,28,5,6,8,1,48400
Hinjewadi,studio,rent,semi-furnished,1,505,1,22,2,4,9,1,24100
Hadapsar,villa,rent,unfurnished,4,2514,4,6,1,14,21,0,257500
Shivajinagar,apartment,rent,semi-furnished,4,1669,4,16,7,0,6,1,208700
Baner,apartment,sale,semi-furnished,2,966,2,13,4,5,10,1,8823300
Wanowrie,house,sale,semi-furnished,3,1091,3,6,6,6,7,0,9801800
Baner,apartment,rent,fully-furnished,3,1243,3,27,5,1,3,1,110000
Kharadi,studio,sale,fully-furnished,1,474,1,26,9,1,2,1,4089500
Magarpatta,villa,rent,fully-furnished,2,2523,2,22,2,4,12,0,514100
Undri,apartment,sale,semi-furnished,2,1180,2,12,2,1,10,0,7140100
Undri,villa,rent,unfurnished,4,2292,4,1,2,2,14,0,321700
Kondhwa,apartment,rent,semi-furnished,3,1036,3,27,5,1,7,0,56200
Hinjewadi,apartment,rent,semi-furnished,3,1345,3,24,4,5,14,1,75600
Boat Club Road,commercial,sale,semi-furnished,0,5717,1,7,6,0,1,0,77717700
Wakad,studio,sale,unfurnished,1,436,1,9,3,13,14,1,3853400
Viman Nagar,apartment,rent,semi-furnished,2,656,2,22,7,5,8,1,45000
Viman Nagar,studio,sale,unfurnished,1,509,1,2,7,3,5,1,4970600
Kondhwa,apartment,sale,semi-furnished,3,1190,3,0,3,15,16,0,11787200
Hinjewadi,apartment,sale,semi-furnished,3,1065,3,11,0,14,15,1,7663600
Hinjewadi,apartment,rent,semi-furnished,2,739,2,2,1,1,11,1,34200
Wagholi,apartment,rent,fully-furnished,4,1557,4,25,2,8,8,0,84300
Chinchwad,apartment,rent,fully-furnished,5,2048,5,31,2,1,4,0,161600
Kharadi,house,rent,unfurnished,2,955,2,20,4,3,10,1,29000
Bavdhan,commercial,rent,semi-furnished,0,2422,1,15,3,0,1,0,16900
Aundh,apartment,sale,unfurnished,2,1084,2,13,4,10,11,1,9110900
Hinjewadi,studio,sale,unfurnished,1,489,1,12,3,0,2,1,2898400
Kothrud,plot,sale,unfurnished,0,2455,1,17,6,0,1,1,14861300
Wakad,villa,rent,unfurnished,1,2070,1,20,7,2,7,1,229000
Pimpri,apartment,sale,semi-furnished,2,1188,2,15,2,3,3,0,6113400
Kalyani Nagar,apartment,sale,semi-furnished,2,863,2,16,8,6,8,0,10362700
Hinjewadi,commercial,sale,semi-furnished,0,3885,1,31,5,0,1,1,23991800
Baner,apartment,sale,semi-furnished,1,892,1,27,5,2,6,1,6528800
Balewadi,apartment,sale,unfurnished,1,621,1,7,7,10,10,0,4405600
Balewadi,apartment,rent,semi-furnished,1,737,1,5,1,0,2,0,26000
Wakad,commercial,sale,unfurnished,0,5897,1,12,3,0,1,1,69954300
Viman Nagar,apartment,sale,unfurnished,2,859,2,10,4,0,8,1,6717400
Hadapsar,plot,rent,semi-furnished,0,1718,1,25,2,0,1,0,37400
Wanowrie,house,sale,fully-furnished,2,1146,2,3,3,1,11,0,8890800
Baner,apartment,sale,semi-furnished,3,1435,3,14,3,7,11,1,12740600
Hinjewadi,house,sale,semi-furnished,5,1996,5,19,6,3,10,1,19397700
Baner,studio,rent,fully-furnished,1,542,1,0,2,12,12,1,41300
Boat Club Road,apartment,rent,fully-furnished,3,1183,3,21,6,4,9,0,126300
Viman Nagar,studio,sale,unfurnished,1,422,1,11,7,2,18,1,4274100
Undri,apartment,rent,fully-furnished,4,1778,4,11,1,3,4,0,84100
Wanowrie,apartment,sale,semi-furnished,2,1127,2,3,2,0,7,0,7109800
Wagholi,plot,rent,semi-furnished,0,4086,1,23,2,0,1,0,70300
Hinjewadi,apartment,sale,fully-furnished,3,1248,3,26,3,3,5,1,8927700
Hadapsar,studio,rent,unfurnished,1,579,1,12,4,3,13,0,14100
Magarpatta,apartment,sale,unfurnished,1,681,1,20,6,1,10,0,3847900
Pisoli,apartment,rent,semi-furnished,2,1137,2,0,2,0,9,0,21900
Wagholi,apartment,sale,semi-furnished,2,976,2,6,2,5,9,0,4906400
Hadapsar,house,rent,semi-furnished,2,856,2,8,3,5,9,0,36300
Kondhwa,studio,sale,semi-furnished,1,604,1,7,3,3,7,0,4158800
Aundh,apartment,sale,unfurnished,3,1226,3,21,7,7,8,1,10280300
Magarpatta,apartment,sale,semi-furnished,3,1440,3,6,7,1,2,0,15359400
Kalyani Nagar,plot,rent,unfurnished,0,1762,1,13,7,0,1,0,101000
Pimple Saudagar,apartment,sale,semi-furnished,2,1001,2,15,2,7,11,0,7763000
Hinjewadi,plot,sale,fully-furnished,0,4528,1,10,5,0,1,1,34321800
Pisoli,apartment,rent,unfurnished,3,1389,3,23,2,8,8,0,45200
Wakad,apartment,rent,unfurnished,4,1933,4,17,2,0,7,1,107100
Kharadi,house,rent,semi-furnished,1,581,1,1,3,4,16,1,14700
Hinjewadi,house,rent,semi-furnished,2,954,2,0,1,1,2,1,25400
Hadapsar,apartment,sale,unfurnished,3,1134,3,28,5,3,9,0,5949100
Shivajinagar,house,sale,unfurnished,2,1009,2,4,5,2,8,1,9172300
Pashan,apartment,rent,fully-furnished,3,1057,3,17,4,5,8,0,70700
Koregaon Park,house,rent,semi-furnished,2,783,2,2,5,3,6,0,50900
Kondhwa,studio,sale,fully-furnished,1,553,1,2,0,2,2,0,4658700
Kondhwa,studio,sale,unfurnished,1,590,1,5,4,1,2,0,3571700
Pimple Saudagar,house,rent,unfurnished,2,1474,2,10,4,4,6,0,50300
Hinjewadi,apartment,sale,fully-furnished,2,1144,2,24,4,2,7,1,7673000
Viman Nagar,plot,rent,semi-furnished,0,3650,1,27,6,0,1,1,118200
Magarpatta,studio,rent,semi-furnished,1,385,1,12,6,1,2,0,19000
Kalyani Nagar,apartment,sale,semi-furnished,3,1230,3,3,7,11,11,0,19725300
Hinjewadi,house,rent,semi-furnished,3,1268,3,16,8,1,7,1,87000
Kharadi,house,sale,semi-furnished,1,742,1,13,3,2,11,1,5292900
Kalyani Nagar,apartment,sale,semi-furnished,2,1021,2,29,8,3,3,0,11037300
Wagholi,apartment,rent,fully-furnished,1,516,1,19,3,12,12,0,12000
Hadapsar,apartment,sale,fully-furnished,3,1495,3,18,2,0,6,0,9574000
Kothrud,apartment,rent,semi-furnished,3,1137,3,20,3,10,13,1,72300
Undri,apartment,sale,semi-furnished,2,1026,2,15,3,1,10,0,4750300
Bavdhan,apartment,rent,semi-furnished,2,1053,2,19,1,9,16,0,35500
Hadapsar,apartment,rent,semi-furnished,5,1938,5,30,3,4,4,0,149300
Wakad,commercial,rent,fully-furnished,0,296,1,9,3,0,1,1,76300
Balewadi,apartment,rent,unfurnished,1,407,1,11,7,7,12,0,7600
Chinchwad,apartment,sale,fully-furnished,2,1055,2,21,1,7,8,0,5821500
Kalyani Nagar,apartment,rent,semi-furnished,3,1317,3,14,4,9,15,0,109300
Aundh,studio,sale,unfurnished,1,513,1,0,5,0,3,1,5461200
Baner,house,rent,unfurnished,1,898,1,25,1,6,6,1,23900
Wakad,apartment,rent,semi-furnished,5,1756,5,16,4,0,4,1,177900
Hadapsar,studio,sale,unfurnished,1,487,1,10,1,1,7,0,2654100
Camp,commercial,rent,unfurnished,0,4926,1,15,3,0,1,0,373800
Kharadi,plot,rent,semi-furnished,0,3677,1,28,5,0,1,1,85100
Magarpatta,plot,rent,fully-furnished,0,2479,1,15,6,0,1,0,88700
Bavdhan,villa,sale,semi-furnished,1,2161,1,16,4,10,11,0,17914800
Wagholi,apartment,sale,fully-furnished,2,961,2,30,2,3,4,0,4833200
Pimple Saudagar,apartment,sale,fully-furnished,1,538,1,27,0,0,5,0,2781900
Pimpri,apartment,rent,semi-furnished,2,1088,2,16,0,7,17,0,25600
Koregaon Park,apartment,sale,semi-furnished,3,1245,3,31,10,4,5,0,18171500
Pimple Saudagar,apartment,sale,semi-furnished,2,1081,2,13,2,2,4,0,8055900
Kharadi,commercial,rent,semi-furnished,0,290,1,13,2,0,1,1,22400
Bavdhan,apartment,rent,semi-furnished,1,663,1,3,0,1,6,0,18200
Aundh,apartment,sale,semi-furnished,3,1319,3,19,5,1,2,1,12543500
Undri,apartment,sale,semi-furnished,1,637,1,28,0,8,15,0,2622400
Viman Nagar,apartment,sale,fully-furnished,2,894,2,21,4,2,14,1,8564000
Undri,house,rent,fully-furnished,4,1350,4,28,6,10,12,0,79800
Hinjewadi,apartment,rent,fully-furnished,3,1187,3,1,2,4,10,1,73800
Magarpatta,apartment,rent,fully-furnished,1,736,1,29,5,0,11,0,30700
Viman Nagar,studio,sale,semi-furnished,1,546,1,2,5,0,7,1,6820100
Koregaon Park,apartment,sale,fully-furnished,3,1125,3,25,4,5,12,0,14273900
Kothrud,apartment,sale,unfurnished,2,1021,2,0,5,12,18,1,10193800
Kharadi,apartment,rent,fully-furnished,3,995,3,21,6,0,6,1,70700
Hadapsar,apartment,rent,fully-furnished,3,1293,3,5,3,6,13,0,65500
Koregaon Park,apartment,rent,fully-furnished,3,1234,3,30,4,2,6,0,102100
Wanowrie,apartment,rent,semi-furnished,2,1118,2,17,0,5,8,0,23600
Magarpatta,commercial,sale,unfurnished,0,3956,1,21,6,0,1,0,31338100
Koregaon Park,studio,rent,semi-furnished,1,304,1,30,7,5,8,0,23200
Wakad,apartment,rent,fully-furnished,4,1372,4,14,3,6,8,1,130300
Koregaon Park,apartment,sale,semi-furnished,2,1267,2,24,6,4,7,0,11273600
Koregaon Park,house,rent,semi-furnished,2,1027,2,4,6,0,6,0,49700
Hinjewadi,apartment,rent,fully-furnished,2,1041,2,28,0,5,18,1,42500
Baner,apartment,sale,semi-furnished,1,705,1,12,8,2,14,1,6325900
Kothrud,villa,sale,fully-furnished,2,3141,2,25,5,5,6,1,30218600
Chinchwad,villa,rent,unfurnished,2,3133,2,9,1,8,11,0,311400
Pashan,studio,rent,semi-furnished,1,545,1,22,0,2,8,0,16100
Wanowrie,apartment,sale,semi-furnished,1,623,1,23,3,1,13,0,3461500
Koregaon Park,apartment,sale,unfurnished,2,1079,2,14,7,12,16,0,13479600
Hinjewadi,studio,sale,fully-furnished,1,509,1,17,4,6,7,1,4691800
Magarpatta,plot,sale,unfurnished,0,2697,1,3,1,0,1,0,19886000
Baner,apartment,sale,semi-furnished,2,1273,2,3,5,2,4,1,14563600
Koregaon Park,apartment,sale,fully-furnished,2,1323,2,29,5,7,9,0,12623000
Hinjewadi,apartment,sale,unfurnished,2,878,2,4,0,1,2,1,6543900
Wakad,studio,sale,semi-furnished,1,510,1,29,2,2,2,1,3519600
Wakad,apartment,rent,unfurnished,2,982,2,2,4,1,13,1,41300
Undri,apartment,rent,fully-furnished,1,908,1,28,2,15,18,0,14900
Wanowrie,apartment,sale,semi-furnished,3,1317,3,6,2,6,16,0,9610500
Kothrud,studio,rent,unfurnished,1,398,1,20,6,9,9,1,25400
Koregaon Park,apartment,sale,semi-furnished,4,1350,4,9,7,12,17,0,21656200
Hinjewadi,studio,rent,semi-furnished,1,358,1,24,0,0,2,1,11800
Baner,studio,rent,fully-furnished,1,372,1,12,4,1,2,1,23400
Kharadi,apartment,rent,semi-furnished,3,1401,3,23,6,0,6,1,67400
Hinjewadi,apartment,sale,unfurnished,2,1269,2,26,2,2,4,1,7255900
Pimpri,plot,rent,fully-furnished,0,3967,1,24,3,0,1,0,89500
Baner,apartment,sale,semi-furnished,3,1424,3,13,4,4,18,1,17368500
Pashan,studio,sale,unfurnished,1,597,1,14,4,11,11,0,5081500
Hadapsar,plot,sale,unfurnished,0,1463,1,22,2,0,1,0,3652900
Viman Nagar,apartment,sale,semi-furnished,2,1032,2,17,5,2,3,1,11670600
Boat Club Road,apartment,rent,semi-furnished,3,1165,3,31,6,5,11,0,107100
Baner,commercial,rent,semi-furnished,0,2980,1,15,3,0,1,1,204300
Kharadi,apartment,sale,semi-furnished,3,1263,3,30,9,8,12,1,11669100
Magarpatta,apartment,sale,unfurnished,3,1356,3,0,6,7,14,0,12035500
Hinjewadi,apartment,sale,unfurnished,2,822,2,31,5,0,6,1,3982400
Bavdhan,apartment,rent,fully-furnished,1,554,1,27,4,2,11,0,17500
Wakad,apartment,sale,fully-furnished,2,942,2,18,3,4,9,1,8605200
Boat Club Road,apartment,rent,semi-furnished,3,1336,3,1,4,11,14,0,107900
Wanowrie,apartment,rent,unfurnished,3,1459,3,30,2,2,12,0,47100
Magarpatta,apartment,rent,semi-furnished,2,791,2,23,6,7,12,0,30900
Wakad,apartment,rent,unfurnished,2,891,2,17,3,5,6,1,31000
Kothrud,house,sale,semi-furnished,2,1072,2,15,6,0,4,1,10772800
Magarpatta,apartment,rent,semi-furnished,2,1088,2,23,0,7,8,0,42400
Kalyani Nagar,house,sale,fully-furnished,1,395,1,20,1,5,15,0,4201800
Kalyani Nagar,villa,sale,fully-furnished,2,1994,2,7,4,8,9,0,36394800
Hinjewadi,studio,sale,fully-furnished,1,480,1,28,2,6,15,1,2479600
Viman Nagar,apartment,sale,fully-furnished,1,551,1,10,10,2,11,1,7067400
Shivajinagar,villa,sale,semi-furnished,4,3048,4,14,7,5,10,1,50964100
Kalyani Nagar,villa,sale,semi-furnished,3,2728,3,0,8,1,13,0,49867100
Baner,apartment,sale,fully-furnished,4,1280,4,21,1,2,10,1,13782400
Hinjewadi,house,rent,semi-furnished,2,802,2,22,4,7,18,1,29100
Wagholi,studio,sale,semi-furnished,1,493,1,21,2,9,14,0,2479000
Kharadi,studio,rent,semi-furnished,1,654,1,7,0,3,9,1,22800
Balewadi,apartment,rent,semi-furnished,3,1048,3,17,6,5,12,0,75700
Baner,villa,sale,semi-furnished,5,1669,5,18,6,0,2,1,21113000
Camp,apartment,sale,fully-furnished,3,1253,3,28,2,0,2,0,10765900
Hinjewadi,house,sale,fully-furnished,1,515,1,6,0,10,13,1,4137000
Pimple Saudagar,villa,rent,unfurnished,4,3063,4,24,3,2,3,0,397800
Pimple Saudagar,house,rent,unfurnished,5,2256,5,27,0,1,9,0,153500
Kharadi,house,rent,semi-furnished,1,640,1,4,5,1,12,1,14400
Baner,apartment,sale,unfurnished,3,1314,3,26,3,13,14,1,9752100
Bavdhan,house,rent,fully-furnished,3,1508,3,22,4,10,13,0,74400
Magarpatta,apartment,rent,unfurnished,2,771,2,8,5,1,6,0,27600
Hadapsar,apartment,rent,fully-furnished,2,828,2,2,2,5,6,0,25500
Kharadi,apartment,sale,fully-furnished,3,1585,3,30,3,3,7,1,10027600
Koregaon Park,commercial,sale,fully-furnished,0,3975,1,23,7,0,1,0,48326400
Bavdhan,villa,sale,fully-furnished,3,3212,3,19,0,9,13,0,26549700
Hinjewadi,apartment,rent,semi-furnished,2,1360,2,7,4,9,10,1,63400
Pisoli,apartment,sale,fully-furnished,1,753,1,27,5,8,9,0,4099500
Wagholi,apartment,sale,semi-furnished,2,802,2,10,4,9,9,0,4495600
Pimpri,house,rent,semi-furnished,1,988,1,5,3,0,14,0,18300
Wanowrie,villa,sale,semi-furnished,3,3708,3,24,4,6,7,0,28650000
Hinjewadi,apartment,sale,semi-furnished,3,1703,3,25,1,2,3,1,12728900
Hinjewadi,apartment,sale,semi-furnished,1,829,1,26,1,0,10,1,4438100
Wanowrie,apartment,sale,fully-furnished,2,991,2,10,3,5,5,0,8224700
Pimpri,villa,sale,semi-furnished,2,2523,2,27,3,5,15,0,16195300
Kondhwa,apartment,sale,unfurnished,4,1641,4,18,0,5,8,0,11342600
Pimpri,plot,sale,unfurnished,0,2796,1,11,0,0,1,0,10445500
Balewadi,apartment,rent,semi-furnished,2,1091,2,10,5,0,4,0,50700
Hadapsar,apartment,rent,semi-furnished,1,544,1,12,3,12,16,0,7200
Pisoli,apartment,sale,semi-furnished,4,1665,4,11,6,3,19,0,10085000
Kothrud,commercial,sale,fully-furnished,0,4418,1,9,5,0,1,1,77280200
Hinjewadi,apartment,rent,unfurnished,4,1744,4,30,5,4,10,1,131200
Kondhwa,house,rent,fully-furnished,3,1509,3,6,0,3,8,0,57500
Kalyani Nagar,apartment,rent,unfurnished,2,899,2,11,5,6,7,0,46000
Undri,plot,sale,semi-furnished,0,4024,1,28,4,0,1,0,15237000
Wakad,apartment,rent,fully-furnished,2,1211,2,17,5,1,2,1,49700
Balewadi,apartment,rent,fully-furnished,1,763,1,1,8,9,11,0,10800
Shivajinagar,plot,rent,fully-furnished,0,4712,1,31,10,0,1,1,180100
Kothrud,villa,sale,semi-furnished,4,3052,4,8,4,7,9,1,51909600
Wakad,apartment,sale,fully-furnished,2,981,2,30,6,1,2,1,6565900
Koregaon Park,plot,sale,unfurnished,0,4373,1,23,5,0,1,0,29987300
Baner,apartment,sale,unfurnished,2,1053,2,6,4,2,5,1,8872400
Kharadi,studio,rent,semi-furnished,1,522,1,24,2,2,10,1,17700
Aundh,apartment,sale,fully-furnished,2,933,2,26,6,14,14,1,10295200
Magarpatta,apartment,sale,semi-furnished,1,525,1,30,7,5,21,0,3635800
Aundh,villa,sale,semi-furnished,2,2516,2,26,4,3,9,1,26569700
Viman Nagar,apartment,rent,semi-furnished,4,1576,4,20,8,2,14,1,139200
Koregaon Park,villa,sale,semi-furnished,1,1514,1,3,8,3,4,0,30296700
Baner,apartment,sale,fully-furnished,3,1404,3,25,3,1,10,1,11059200
Aundh,apartment,rent,semi-furnished,5,1932,5,3,6,3,5,1,259300
Baner,apartment,sale,unfurnished,3,1216,3,18,6,2,10,1,9186900
Kharadi,apartment,sale,unfurnished,2,827,2,20,8,1,9,1,5150600
Balewadi,apartment,sale,semi-furnished,2,1139,2,3,5,3,3,0,11820200
Boat Club Road,studio,sale,fully-furnished,1,542,1,23,5,8,11,0,8339000
Viman Nagar,apartment,rent,unfurnished,3,1036,3,24,5,13,13,1,70300
Viman Nagar,apartment,sale,unfurnished,1,654,1,2,9,2,8,1,7389200
Hadapsar,studio,rent,unfurnished,1,466,1,1,2,10,10,0,8300
Wagholi,plot,rent,semi-furnished,0,2000,1,20,7,0,1,0,53700
Wakad,villa,rent,semi-furnished,1,2829,1,28,8,0,8,1,410000
Wagholi,apartment,sale,fully-furnished,3,1228,3,12,2,8,9,0,8676500
Pimpri,villa,sale,unfurnished,1,3522,1,17,0,8,13,0,20236700
Undri,studio,rent,unfurnished,1,504,1,22,4,9,10,0,11800
Baner,apartment,rent,unfurnished,2,1219,2,15,6,12,15,1,56700
Viman Nagar,apartment,rent,fully-furnished,3,1375,3,26,8,2,15,1,125000
Hadapsar,studio,sale,semi-furnished,1,479,1,30,2,2,10,0,2089900
Undri,plot,sale,semi-furnished,0,4731,1,13,3,0,1,0,18172100
Hinjewadi,studio,sale,semi-furnished,1,370,1,6,3,3,6,1,3376000
Pimpri,villa,sale,fully-furnished,2,3439,2,18,0,11,12,0,32213300
Chinchwad,apartment,rent,semi-furnished,3,1132,3,15,0,3,10,0,49200
Baner,villa,sale,unfurnished,3,3636,3,3,5,2,4,1,52565000
Wakad,apartment,rent,semi-furnished,2,1211,2,9,2,5,6,1,45900
Pimple Saudagar,commercial,sale,fully-furnished,0,4872,1,12,3,0,1,0,31616700
Pimple Saudagar,apartment,rent,fully-furnished,5,1902,5,21,2,15,15,0,190300
Kothrud,apartment,sale,semi-furnished,2,1033,2,10,5,6,10,1,9920700
Pimple Saudagar,plot,sale,semi-furnished,0,2070,1,24,1,0,1,0,8498200
Magarpatta,studio,sale,semi-furnished,1,445,1,0,5,3,8,0,3967100
Baner,house,rent,semi-furnished,3,1347,3,12,4,5,6,1,98400
Kondhwa,villa,rent,semi-furnished,2,2958,2,24,2,1,2,0,444800
Bavdhan,apartment,sale,semi-furnished,2,1041,2,11,3,9,15,0,8806400
Wagholi,villa,sale,semi-furnished,1,3072,1,9,6,1,5,0,23239500
Baner,plot,sale,unfurnished,0,4069,1,30,4,0,1,1,13294500
Kalyani Nagar,apartment,sale,unfurnished,2,974,2,31,6,10,19,0,8026600
Kharadi,apartment,sale,fully-furnished,3,1351,3,6,2,11,14,1,14159400
Pimpri,apartment,rent,fully-furnished,4,1718,4,31,2,9,16,0,102800
Hinjewadi,villa,sale,semi-furnished,1,3769,1,16,0,4,6,1,28277900
Hinjewadi,apartment,sale,semi-furnished,2,859,2,11,1,4,6,1,6171500
Kharadi,plot,rent,semi-furnished,0,4879,1,18,5,0,1,1,148300
Hinjewadi,villa,sale,fully-furnished,5,1288,5,8,3,15,16,1,14351800
Wakad,plot,sale,fully-furnished,0,3484,1,5,6,0,1,1,34134300
Viman Nagar,apartment,rent,unfurnished,2,824,2,12,7,3,11,1,51900
Magarpatta,studio,sale,unfurnished,1,661,1,13,3,4,14,0,4540700
Viman Nagar,villa,sale,semi-furnished,4,2034,4,3,2,2,5,1,28196000
Koregaon Park,apartment,sale,fully-furnished,3,1368,3,8,9,6,6,0,26736000
Hadapsar,villa,rent,unfurnished,3,3730,3,8,2,4,8,0,170000
Pisoli,apartment,sale,fully-furnished,2,1129,2,0,0,2,7,0,6280400
Hinjewadi,house,rent,semi-furnished,4,1400,4,6,3,11,11,1,96000
Kalyani Nagar,apartment,sale,fully-furnished,2,838,2,0,6,11,12,0,11794200
Viman Nagar,house,rent,fully-furnished,1,1008,1,20,7,8,12,1,28100
Balewadi,house,sale,semi-furnished,3,1225,3,22,4,4,6,0,9715600
Balewadi,apartment,sale,unfurnished,2,1109,2,10,3,4,5,0,8977800
Pisoli,apartment,rent,semi-furnished,2,924,2,10,1,1,2,0,20100
Balewadi,apartment,rent,unfurnished,4,1779,4,5,1,7,11,0,114800
Pashan,plot,rent,semi-furnished,0,990,1,5,3,0,1,0,34100
Balewadi,apartment,rent,unfurnished,2,683,2,22,5,11,15,0,31300
Pashan,apartment,rent,unfurnished,4,1793,4,27,6,2,3,0,115700
Magarpatta,apartment,rent,unfurnished,1,589,1,27,7,11,11,0,17500
Wakad,villa,sale,unfurnished,4,4215,4,12,3,1,8,1,31434100
Wagholi,apartment,rent,unfurnished,3,1182,3,1,2,5,18,0,35200
Balewadi,apartment,sale,fully-furnished,2,763,2,14,8,11,16,0,8013300
Aundh,apartment,rent,unfurnished,4,1316,4,4,5,3,5,1,134600
Undri,apartment,sale,semi-furnished,4,1613,4,16,5,1,2,0,10407400
Chinchwad,apartment,rent,fully-furnished,2,1184,2,27,2,3,17,0,41100
Wakad,plot,sale,unfurnished,0,4958,1,27,4,0,1,1,18106100
Kalyani Nagar,commercial,sale,fully-furnished,0,2697,1,24,6,0,1,0,23205200
Hinjewadi,apartment,sale,semi-furnished,3,1242,3,0,4,1,10,1,10359800
Wakad,studio,sale,semi-furnished,1,698,1,11,3,3,13,1,6160100
Viman Nagar,apartment,sale,fully-furnished,2,781,2,28,8,5,5,1,6903400
Balewadi,apartment,rent,semi-furnished,2,1124,2,29,3,4,22,0,42000
Koregaon Park,villa,sale,fully-furnished,2,2955,2,10,9,2,2,0,83976800
Kothrud,house,sale,unfurnished,2,947,2,29,2,0,3,1,6127700
Camp,commercial,sale,semi-furnished,0,2727,1,0,3,0,1,0,29735300
Wakad,apartment,sale,unfurnished,2,942,2,27,6,5,6,1,6412600
Bavdhan,apartment,sale,fully-furnished,2,1010,2,27,5,10,11,0,7838000
Balewadi,studio,rent,semi-furnished,1,361,1,6,7,2,4,0,27300
Aundh,apartment,rent,semi-furnished,2,1135,2,10,3,10,13,1,48500
Kalyani Nagar,apartment,sale,unfurnished,2,903,2,11,10,7,11,0,11190400
Pimpri,apartment,rent,fully-furnished,3,1533,3,24,0,7,9,0,59600
Pimpri,apartment,sale,semi-furnished,1,614,1,12,0,8,11,0,3151500
Undri,villa,rent,unfurnished,1,2452,1,19,2,1,2,0,309600
Koregaon Park,apartment,sale,semi-furnished,2,878,2,13,8,3,8,0,10940700
Hinjewadi,apartment,sale,semi-furnished,3,1288,3,11,2,2,16,1,11065700
Chinchwad,apartment,sale,semi-furnished,3,1265,3,9,3,7,19,0,9625100
Wakad,studio,sale,unfurnished,1,482,1,24,2,0,13,1,2725700
Pashan,apartment,rent,unfurnished,3,1301,3,6,6,3,6,0,64100
Bavdhan,villa,sale,unfurnished,2,1293,2,16,6,5,5,0,10611100
Wakad,apartment,sale,semi-furnished,3,1073,3,17,3,12,19,1,7113200
Hadapsar,house,rent,semi-furnished,4,1813,4,25,1,1,7,0,110900
Bavdhan,studio,sale,fully-furnished,1,560,1,10,2,2,5,0,4264800
Shivajinagar,villa,rent,semi-furnished,2,4484,2,1,7,10,11,1,705900
Magarpatta,apartment,rent,fully-furnished,3,1404,3,0,6,6,18,0,74400
Balewadi,apartment,sale,fully-furnished,2,943,2,16,5,1,12,0,9846200
Koregaon Park,commercial,rent,unfurnished,0,1319,1,13,6,0,1,0,342100
Undri,apartment,rent,semi-furnished,2,834,2,18,2,11,15,0,25600
Kharadi,apartment,sale,semi-furnished,2,1181,2,11,6,3,7,1,9224800
Wakad,apartment,sale,fully-furnished,3,1437,3,27,1,12,13,1,12024100
Kharadi,apartment,rent,semi-furnished,3,1555,3,3,5,2,11,1,85300
Balewadi,apartment,rent,semi-furnished,2,1447,2,16,3,4,5,0,62500
Kondhwa,villa,rent,fully-furnished,3,3130,3,10,1,3,6,0,507100
Bavdhan,studio,sale,fully-furnished,1,455,1,22,2,1,2,0,2668300
Balewadi,apartment,rent,semi-furnished,1,790,1,30,8,6,10,0,18400
Baner,apartment,sale,fully-furnished,3,1270,3,31,1,2,2,1,11502700
Baner,villa,sale,semi-furnished,3,3261,3,2,7,2,13,1,38194000
Undri,commercial,sale,fully-furnished,0,1282,1,15,3,0,1,0,9014000
Kothrud,apartment,sale,fully-furnished,3,1264,3,1,5,4,9,1,15433100
Aundh,apartment,rent,unfurnished,3,1163,3,0,4,22,22,1,77700
Kharadi,commercial,rent,semi-furnished,0,821,1,16,6,0,1,1,128300
Viman Nagar,house,rent,semi-furnished,3,1584,3,29,7,14,14,1,117400
Hinjewadi,apartment,sale,fully-furnished,4,1370,4,4,2,1,12,1,16433000
Boat Club Road,apartment,rent,unfurnished,1,509,1,7,7,4,15,0,28700
Wanowrie,commercial,sale,semi-furnished,0,1472,1,28,0,0,1,0,7332300
Baner,apartment,sale,unfurnished,2,1080,2,21,5,2,7,1,8379700
Balewadi,plot,sale,unfurnished,0,4354,1,9,2,0,1,0,16715400
Kothrud,villa,rent,unfurnished,4,2540,4,29,5,5,7,1,600200
Pimpri,apartment,sale,semi-furnished,2,1216,2,8,6,1,11,0,7974400
Hinjewadi,house,rent,fully-furnished,2,1203,2,2,4,1,6,1,54000
Bavdhan,apartment,sale,semi-furnished,3,1417,3,28,0,6,11,0,8127100
Viman Nagar,villa,rent,semi-furnished,2,3396,2,18,6,11,12,1,817400
Chinchwad,apartment,sale,fully-furnished,2,1265,2,30,3,12,20,0,6679200
Kharadi,apartment,rent,semi-furnished,3,1277,3,30,8,6,9,1,74700
Pimpri,apartment,sale,fully-furnished,3,1222,3,16,2,3,8,0,9053800
Aundh,apartment,sale,semi-furnished,3,1236,3,13,4,1,5,1,13350600
Balewadi,studio,sale,semi-furnished,1,547,1,22,5,4,10,0,4966900
Pimple Saudagar,commercial,rent,unfurnished,0,5716,1,16,1,0,1,0,310500
Bavdhan,commercial,sale,fully-furnished,0,4436,1,26,5,0,1,0,36931400
Baner,house,sale,fully-furnished,2,942,2,2,0,5,7,1,12974800
Pimple Saudagar,apartment,rent,unfurnished,4,1593,4,21,3,12,12,0,102900
Baner,studio,rent,unfurnished,1,578,1,14,4,1,8,1,32400
Undri,apartment,sale,fully-furnished,2,974,2,15,7,1,11,0,5814000
Wagholi,apartment,sale,fully-furnished,5,1872,5,10,2,4,13,0,15181900
Kothrud,villa,sale,unfurnished,5,3367,5,7,7,3,6,1,33612700
Pimple Saudagar,studio,sale,semi-furnished,1,569,1,11,5,13,14,0,4531700
Balewadi,apartment,rent,unfurnished,2,1088,2,5,5,4,5,0,48300
Bavdhan,villa,sale,fully-furnished,2,3208,2,1,3,4,13,0,46508900
Balewadi,villa,sale,semi-furnished,2,3238,2,2,5,2,4,0,40165700
Wanowrie,villa,rent,fully-furnished,2,2930,2,26,3,3,10,0,536100
Kothrud,apartment,rent,fully-furnished,4,1727,4,5,6,5,7,1,166100
Baner,plot,sale,semi-furnished,0,3356,1,26,4,0,1,1,23187700
Kothrud,villa,sale,unfurnished,2,2886,2,31,7,10,11,1,29406200
Wagholi,apartment,sale,semi-furnished,2,678,2,7,0,8,10,0,3339400
Chinchwad,apartment,sale,semi-furnished,1,666,1,19,3,5,10,0,3378500
Bavdhan,house,sale,semi-furnished,2,972,2,26,1,4,16,0,4542400
Bavdhan,commercial,sale,unfurnished,0,3383,1,10,0,0,1,0,25881100
Koregaon Park,apartment,rent,semi-furnished,2,880,2,28,5,4,6,0,59500
Koregaon Park,villa,rent,fully-furnished,2,2153,2,17,7,4,6,0,902200
Chinchwad,apartment,rent,semi-furnished,1,643,1,7,1,0,5,0,20200
Hinjewadi,villa,sale,unfurnished,1,2702,1,23,7,2,6,1,18357600
Balewadi,apartment,sale,unfurnished,2,1173,2,12,3,5,8,0,9298400
Hadapsar,apartment,rent,semi-furnished,5,1970,5,14,3,7,9,0,157200
Kalyani Nagar,house,sale,unfurnished,3,1729,3,11,8,2,15,0,23062700
Wanowrie,apartment,sale,semi-furnished,3,1338,3,18,1,8,13,0,9629200
Wakad,villa,sale,semi-furnished,3,2739,3,19,6,16,16,1,34785600
Pimpri,apartment,rent,unfurnished,3,1400,3,24,3,4,8,0,51000
Pimpri,house,rent,unfurnished,1,921,1,0,4,0,7,0,12200
Hadapsar,apartment,rent,semi-furnished,2,1120,2,22,4,0,2,0,33900
Pimpri,studio,sale,semi-furnished,1,584,1,1,4,4,4,0,4540800
Wanowrie,villa,rent,unfurnished,4,1774,4,20,4,3,6,0,409200
Baner,apartment,sale,semi-furnished,2,764,2,9,3,3,13,1,8234100
Baner,studio,sale,fully-furnished,1,415,1,26,2,5,5,1,3566300
Pimpri,plot,sale,semi-furnished,0,3772,1,14,2,0,1,0,15873500
Undri,plot,sale,fully-furnished,0,1110,1,4,2,0,1,0,7255800
Baner,apartment,sale,semi-furnished,2,998,2,7,4,2,4,1,10321800
Kothrud,apartment,rent,semi-furnished,5,1845,5,5,4,2,13,1,227800
Kothrud,apartment,sale,unfurnished,1,839,1,9,6,0,2,1,5339600
Viman Nagar,apartment,rent,semi-furnished,2,977,2,9,5,4,11,1,67200
Wakad,apartment,sale,unfurnished,3,1322,3,25,3,2,15,1,7442300
Kalyani Nagar,studio,sale,fully-furnished,1,689,1,30,10,7,8,0,7419700
Wanowrie,apartment,rent,semi-furnished,2,1059,2,19,2,1,2,0,38500
Hinjewadi,apartment,sale,fully-furnished,4,1620,4,31,3,1,8,1,10376200
Hadapsar,apartment,sale,semi-furnished,3,1647,3,0,5,3,5,0,12743600
Viman Nagar,apartment,rent,semi-furnished,2,1214,2,3,6,12,14,1,71200
Wakad,plot,sale,unfurnished,0,2161,1,15,7,0,1,1,15151200
Balewadi,house,sale,semi-furnished,3,1372,3,29,6,7,10,0,10140500
Hinjewadi,apartment,sale,unfurnished,2,1076,2,22,5,4,6,1,6187100
Viman Nagar,apartment,rent,fully-furnished,1,612,1,29,4,1,2,1,26100
Magarpatta,villa,sale,semi-furnished,3,1954,3,6,3,3,7,0,19978300
Kothrud,apartment,sale,fully-furnished,3,1198,3,28,4,3,3,1,8994000
Kondhwa,apartment,sale,fully-furnished,2,1107,2,21,2,4,11,0,7023200
Kothrud,villa,sale,semi-furnished,3,2895,3,25,6,3,11,1,37515200
Undri,commercial,rent,semi-furnished,0,4912,1,11,2,0,1,0,235500
Kalyani Nagar,apartment,rent,fully-furnished,3,1253,3,3,6,4,18,0,116800
Aundh,studio,rent,fully-furnished,1,533,1,17,5,2,6,1,34400
Koregaon Park,studio,sale,semi-furnished,1,427,1,21,5,3,5,0,5101000
Hinjewadi,studio,rent,semi-furnished,1,580,1,31,0,6,15,1,24300
Hinjewadi,apartment,sale,semi-furnished,2,881,2,1,2,5,11,1,9400400
Kalyani Nagar,apartment,sale,unfurnished,2,901,2,23,9,4,17,0,7342300
Hinjewadi,apartment,sale,unfurnished,3,1411,3,2,4,11,11,1,9611500
Shivajinagar,apartment,sale,fully-furnished,3,1105,3,7,3,3,8,1,16024400
Hinjewadi,apartment,rent,fully-furnished,1,728,1,10,3,4,10,1,18100
Kalyani Nagar,studio,sale,semi-furnished,1,460,1,12,5,10,11,0,5831300
Camp,apartment,sale,unfurnished,2,751,2,13,7,0,8,0,5536400
Wakad,plot,sale,semi-furnished,0,2654,1,27,6,0,1,1,14186200
Kharadi,studio,rent,unfurnished,1,596,1,11,7,1,10,1,26900
Chinchwad,studio,sale,fully-furnished,1,548,1,31,6,13,21,0,2908500
Wakad,apartment,sale,unfurnished,4,1481,4,27,5,10,13,1,9378800
Pimple Saudagar,house,sale,fully-furnished,3,1172,3,19,2,6,6,0,8566400
Viman Nagar,apartment,rent,fully-furnished,3,1584,3,21,5,0,3,1,124200
Hinjewadi,apartment,sale,semi-furnished,3,1583,3,25,2,0,9,1,10581300
Pimpri,apartment,rent,semi-furnished,4,2158,4,19,2,5,12,0,103500
Hinjewadi,apartment,sale,unfurnished,2,875,2,26,0,3,10,1,4483000
Pimpri,apartment,rent,unfurnished,2,1089,2,12,4,0,20,0,22500
Pimple Saudagar,apartment,rent,unfurnished,3,1408,3,21,1,9,10,0,53800
Kothrud,house,sale,unfurnished,4,1802,4,4,2,10,10,1,16808800
Shivajinagar,plot,rent,unfurnished,0,4289,1,0,7,0,1,1,184200
Baner,apartment,rent,semi-furnished,4,1553,4,27,6,20,20,1,148200
Koregaon Park,apartment,rent,fully-furnished,3,1288,3,9,7,0,15,0,142300
Bavdhan,apartment,sale,fully-furnished,3,1263,3,16,7,3,10,0,9576400
Baner,plot,sale,unfurnished,0,4073,1,2,7,0,1,1,22536900
Hinjewadi,house,sale,semi-furnished,2,989,2,18,5,0,2,1,7682300
Kharadi,plot,sale,semi-furnished,0,795,1,14,4,0,1,1,4983400
Magarpatta,villa,rent,semi-furnished,1,2419,1,24,3,7,8,0,307000
Hinjewadi,studio,rent,fully-furnished,1,419,1,5,4,1,10,1,14100
Kothrud,apartment,sale,semi-furnished,2,874,2,28,7,2,13,1,6681800
Koregaon Park,apartment,sale,fully-furnished,4,2148,4,7,7,12,12,0,46923900
Aundh,house,rent,fully-furnished,2,1103,2,11,5,3,9,1,56100
Aundh,house,sale,fully-furnished,2,879,2,1,6,0,14,1,10668300
Kondhwa,house,sale,semi-furnished,1,853,1,11,4,11,15,0,5204400
Chinchwad,apartment,rent,unfurnished,2,966,2,5,3,2,13,0,18900
Bavdhan,plot,sale,unfurnished,0,2349,1,2,4,0,1,0,15835800
Baner,studio,sale,semi-furnished,1,585,1,21,8,10,13,1,4931400
Koregaon Park,apartment,rent,unfurnished,3,1061,3,13,4,2,5,0,77200
Hinjewadi,apartment,rent,unfurnished,1,794,1,27,4,4,8,1,15600
Aundh,apartment,sale,semi-furnished,3,1558,3,18,7,2,8,1,13113800
Kothrud,house,sale,unfurnished,3,1204,3,31,6,4,6,1,8431500
Wanowrie,house,rent,fully-furnished,2,1325,2,19,4,7,11,0,57000
Wagholi,apartment,sale,semi-furnished,2,1038,2,2,2,0,14,0,5067800
Hadapsar,apartment,rent,unfurnished,3,914,3,4,2,0,7,0,34700
Baner,studio,rent,semi-furnished,1,399,1,0,5,19,19,1,17300
Pimple Saudagar,plot,sale,fully-furnished,0,4372,1,14,2,0,1,0,18427400
Hinjewadi,apartment,rent,semi-furnished,3,1463,3,12,2,0,3,1,61600
Kharadi,studio,rent,semi-furnished,1,506,1,0,7,3,11,1,21200
Kharadi,villa,sale,unfurnished,3,2205,3,8,4,4,14,1,23927200
Baner,house,sale,semi-furnished,2,1133,2,29,3,2,3,1,9434900
Magarpatta,villa,rent,unfurnished,3,3382,3,20,1,10,10,0,520300
Hadapsar,studio,rent,fully-furnished,1,577,1,30,2,3,14,0,20500
Viman Nagar,house,sale,unfurnished,3,1172,3,5,6,3,7,1,14315500
Kalyani Nagar,apartment,sale,unfurnished,2,839,2,4,7,15,16,0,11009700
Undri,apartment,sale,fully-furnished,1,500,1,6,2,3,15,0,3349700
Kothrud,apartment,sale,fully-furnished,4,1664,4,25,0,13,15,1,13484000
Baner,house,sale,semi-furnished,4,1748,4,0,1,6,7,1,22429300
Wanowrie,house,rent,unfurnished,2,790,2,7,5,2,6,0,25200
Baner,villa,rent,fully-furnished,1,3159,1,9,3,3,8,1,707500
Pimple Saudagar,apartment,rent,semi-furnished,2,1274,2,15,3,3,8,0,34500
Wakad,apartment,rent,unfurnished,3,1470,3,30,4,2,2,1,80300
Baner,apartment,rent,unfurnished,2,899,2,9,4,7,13,1,39900
Balewadi,apartment,sale,unfurnished,2,979,2,24,5,11,11,0,6066800
Hinjewadi,apartment,sale,unfurnished,2,938,2,3,4,5,7,1,8245700
Koregaon Park,apartment,rent,fully-furnished,3,938,3,13,8,1,6,0,115100
Kharadi,apartment,sale,semi-furnished,2,1126,2,1,3,1,13,1,9940200
Kothrud,apartment,sale,fully-furnished,1,456,1,19,3,7,14,1,3730500
Balewadi,house,sale,fully-furnished,2,1009,2,14,2,1,3,0,8747300
Magarpatta,plot,sale,fully-furnished,0,3918,1,23,5,0,1,0,25797700
Pashan,commercial,sale,semi-furnished,0,5419,1,25,6,0,1,0,31678900
Pimple Saudagar,apartment,rent,semi-furnished,2,994,2,29,6,5,9,0,40800
Undri,apartment,sale,fully-furnished,3,1136,3,1,4,12,24,0,9920400
Pimpri,studio,sale,semi-furnished,1,478,1,18,0,0,11,0,2346100
Shivajinagar,plot,rent,unfurnished,0,745,1,21,9,0,1,1,30600
Magarpatta,apartment,sale,unfurnished,2,969,2,21,4,1,11,0,5488200
Kalyani Nagar,plot,sale,fully-furnished,0,3764,1,28,8,0,1,0,26387300
Wagholi,house,sale,semi-furnished,3,1135,3,3,4,1,17,0,5831300
Balewadi,plot,rent,unfurnished,0,1249,1,21,4,0,1,0,37200
Balewadi,apartment,rent,semi-furnished,4,1321,4,25,3,5,6,0,110100
Pashan,apartment,sale,unfurnished,3,1187,3,19,3,0,2,0,6775500
Wakad,apartment,rent,semi-furnished,3,1106,3,27,3,2,14,1,62000
Baner,apartment,rent,unfurnished,2,746,2,29,6,4,6,1,38100
Pashan,house,sale,semi-furnished,1,825,1,12,2,2,2,0,6398700
Kothrud,apartment,rent,unfurnished,2,675,2,12,2,9,17,1,31500
Magarpatta,studio,sale,fully-furnished,1,511,1,2,4,5,13,0,5598300
Baner,apartment,rent,fully-furnished,2,826,2,7,4,3,17,1,43600
Kondhwa,apartment,sale,semi-furnished,5,2038,5,28,1,0,2,0,11052000
Viman Nagar,apartment,sale,unfurnished,2,984,2,24,8,1,2,1,8621300
Hinjewadi,commercial,sale,semi-furnished,0,5065,1,18,3,0,1,1,46187900
Aundh,apartment,rent,fully-furnished,2,367,2,31,3,6,9,1,26800
Wakad,studio,rent,unfurnished,1,582,1,1,4,11,12,1,23900
Magarpatta,apartment,rent,unfurnished,2,784,2,26,3,12,14,0,39800
Hinjewadi,apartment,sale,fully-furnished,2,1102,2,4,0,11,13,1,11322400
Boat Club Road,plot,sale,unfurnished,0,2823,1,23,4,0,1,0,23145300
Undri,commercial,rent,unfurnished,0,3858,1,24,0,0,1,0,162900
Baner,apartment,rent,semi-furnished,3,1505,3,15,2,7,13,1,79800
Viman Nagar,commercial,rent,unfurnished,0,3263,1,10,7,0,1,1,206100
Pimple Saudagar,apartment,sale,fully-furnished,3,969,3,27,2,13,19,0,6439600
Pimpri,house,sale,fully-furnished,2,1204,2,30,0,8,13,0,5957900
Aundh,apartment,sale,semi-furnished,1,677,1,31,6,5,11,1,5701000
Kondhwa,apartment,sale,semi-furnished,2,739,2,29,5,4,9,0,2811200
Kalyani Nagar,apartment,rent,unfurnished,3,1368,3,19,10,5,13,0,103300
Balewadi,apartment,sale,semi-furnished,2,987,2,19,6,1,2,0,7631900
Hinjewadi,apartment,sale,semi-furnished,4,1732,4,26,4,0,12,1,12389800
Bavdhan,apartment,rent,semi-furnished,2,959,2,23,5,0,11,0,27100
Koregaon Park,apartment,rent,fully-furnished,3,905,3,0,6,6,7,0,113600
Baner,apartment,rent,fully-furnished,3,1112,3,12,2,10,17,1,86000
Koregaon Park,apartment,sale,unfurnished,3,1350,3,28,5,0,11,0,12300100
Viman Nagar,apartment,rent,fully-furnished,3,1509,3,4,8,5,7,1,143100
Koregaon Park,house,sale,unfurnished,1,573,1,27,8,6,7,0,5194700
Wagholi,apartment,sale,unfurnished,2,1176,2,16,1,13,13,0,3581700
Kondhwa,studio,sale,unfurnished,1,411,1,12,0,7,7,0,2362800
Wagholi,apartment,rent,semi-furnished,4,1615,4,7,3,5,17,0,83300
Koregaon Park,studio,rent,fully-furnished,1,734,1,24,9,1,2,0,47000
Pisoli,studio,rent,semi-furnished,1,656,1,14,4,6,9,0,11800
Magarpatta,studio,sale,semi-furnished,1,490,1,21,5,12,18,0,3692800
Kharadi,studio,rent,fully-furnished,1,528,1,10,7,3,6,1,28500
Pashan,apartment,rent,unfurnished,2,1052,2,1,6,0,7,0,40400
Pimple Saudagar,apartment,rent,fully-furnished,2,1010,2,25,1,4,11,0,33500
Kondhwa,plot,sale,fully-furnished,0,3772,1,9,1,0,1,0,19926700
Baner,villa,rent,fully-furnished,2,1644,2,20,2,4,12,1,319700
Boat Club Road,villa,rent,fully-furnished,2,1759,2,21,7,9,9,0,527800
Camp,villa,sale,fully-furnished,3,2331,3,10,2,6,11,0,29402900
Pimpri,plot,rent,unfurnished,0,1882,1,16,5,0,1,0,56800
Wakad,house,rent,fully-furnished,2,776,2,15,6,3,12,1,40600
Camp,studio,rent,semi-furnished,1,534,1,4,5,5,14,0,26800
Bavdhan,commercial,sale,semi-furnished,0,4532,1,10,0,0,1,0,38288100
Baner,apartment,sale,semi-furnished,2,1053,2,16,2,2,8,1,8074300
Hadapsar,apartment,sale,unfurnished,1,546,1,27,6,7,7,0,2588200
Kharadi,studio,sale,semi-furnished,1,584,1,28,7,7,18,1,4303400
Baner,apartment,sale,fully-furnished,3,1317,3,24,3,18,21,1,15161700
Koregaon Park,plot,sale,semi-furnished,0,2811,1,29,7,0,1,0,24287200
Kharadi,apartment,rent,fully-furnished,1,736,1,14,7,0,5,1,33000
Wanowrie,plot,sale,semi-furnished,0,4937,1,23,2,0,1,0,19997200
Aundh,apartment,rent,semi-furnished,1,940,1,6,5,1,2,1,16000
Kothrud,villa,rent,semi-furnished,1,3625,1,29,10,9,9,1,451000
Wakad,apartment,rent,semi-furnished,2,963,2,11,2,17,19,1,28000
Viman Nagar,apartment,sale,fully-furnished,4,1566,4,16,4,0,4,1,14785100
Hinjewadi,apartment,sale,unfurnished,1,547,1,26,4,5,12,1,2265000
Aundh,house,rent,unfurnished,3,1579,3,16,1,11,12,1,79800
Baner,house,sale,fully-furnished,3,1284,3,5,3,5,6,1,18988600
Wagholi,apartment,rent,fully-furnished,2,1217,2,24,1,7,9,0,31500
Hadapsar,studio,rent,semi-furnished,1,451,1,4,3,8,16,0,19300
Boat Club Road,house,sale,unfurnished,3,1364,3,7,6,1,10,0,20193800
Viman Nagar,studio,rent,unfurnished,1,610,1,12,9,6,7,1,26800
Pimple Saudagar,house,sale,unfurnished,3,1318,3,10,4,5,17,0,9714000
Wakad,apartment,rent,fully-furnished,5,2257,5,14,4,1,12,1,255900
Pisoli,villa,rent,semi-furnished,2,3428,2,3,2,0,10,0,396700
Pimple Saudagar,apartment,sale,unfurnished,3,893,3,9,5,0,2,0,6924200
Baner,villa,rent,unfurnished,3,2247,3,5,4,8,10,1,437000
Pisoli,villa,sale,unfurnished,2,3048,2,27,2,13,13,0,14636400
Balewadi,apartment,rent,unfurnished,2,1011,2,18,7,4,10,0,28000
Pimple Saudagar,commercial,sale,fully-furnished,0,1931,1,23,0,0,1,0,11198200
Chinchwad,apartment,rent,semi-furnished,2,1116,2,17,2,10,11,0,33900
Magarpatta,house,rent,semi-furnished,2,747,2,27,6,1,9,0,32100
Wagholi,apartment,sale,unfurnished,2,1070,2,28,2,4,6,0,5113500
Pashan,apartment,sale,fully-furnished,3,1530,3,30,4,2,12,0,11274400
Pashan,commercial,rent,unfurnished,0,349,1,3,7,0,1,0,82500
Chinchwad,commercial,sale,semi-furnished,0,1145,1,14,3,0,1,0,5966600
Koregaon Park,villa,rent,semi-furnished,2,3114,2,16,9,2,6,0,631200
Hinjewadi,house,rent,semi-furnished,2,1038,2,22,4,0,2,1,42000
Kothrud,house,rent,fully-furnished,1,513,1,28,5,0,2,1,18300
Pimple Saudagar,commercial,rent,semi-furnished,0,4856,1,27,4,0,1,0,267600
Pimple Saudagar,commercial,rent,fully-furnished,0,495,1,5,3,0,1,0,125600
Kalyani Nagar,commercial,sale,fully-furnished,0,3764,1,22,7,0,1,0,27412900
Wakad,apartment,sale,semi-furnished,2,959,2,13,4,10,16,1,7689300
Hinjewadi,apartment,rent,semi-furnished,1,860,1,27,2,1,5,1,20800
Magarpatta,house,rent,fully-furnished,2,1153,2,19,3,0,2,0,40400
Viman Nagar,apartment,sale,semi-furnished,2,1058,2,13,7,2,18,1,9767300
Shivajinagar,villa,rent,semi-furnished,3,2457,3,21,6,3,12,1,777300
Wanowrie,apartment,rent,fully-furnished,1,725,1,25,5,3,4,0,24600
Kothrud,studio,rent,fully-furnished,1,418,1,24,2,3,6,1,24400
Pimpri,house,sale,semi-furnished,3,1433,3,30,6,2,3,0,8313500
Kalyani Nagar,apartment,rent,semi-furnished,3,1138,3,10,4,3,7,0,125600
Balewadi,apartment,sale,unfurnished,3,1196,3,21,7,2,16,0,8041900
Undri,plot,rent,semi-furnished,0,3612,1,20,4,0,1,0,81800
Kondhwa,studio,rent,semi-furnished,1,491,1,6,4,1,6,0,16900
Pashan,villa,rent,semi-furnished,3,3005,3,0,4,20,24,0,454700
Balewadi,apartment,sale,unfurnished,2,912,2,24,6,8,12,0,6101400
Hinjewadi,plot,rent,unfurnished,0,1906,1,25,0,0,1,1,34500
Camp,villa,rent,unfurnished,3,2486,3,12,6,2,4,0,434100
Koregaon Park,apartment,rent,fully-furnished,2,919,2,23,8,2,5,0,74700
Kothrud,apartment,rent,unfurnished,2,1202,2,25,3,9,11,1,32800
Balewadi,apartment,sale,semi-furnished,3,1147,3,7,4,0,7,0,10070900
Baner,apartment,rent,semi-furnished,2,1136,2,25,3,1,2,1,51700
Kharadi,apartment,sale,fully-furnished,2,861,2,14,4,6,16,1,9553000
Pashan,commercial,sale,fully-furnished,0,3188,1,4,6,0,1,0,42459400
Viman Nagar,studio,sale,semi-furnished,1,423,1,16,6,4,5,1,4391900
Magarpatta,apartment,sale,unfurnished,3,1472,3,31,3,0,11,0,7969100
Magarpatta,apartment,rent,semi-furnished,4,1657,4,26,3,2,4,0,115400
Koregaon Park,apartment,sale,semi-furnished,1,690,1,29,6,15,15,0,6743500
Magarpatta,apartment,sale,semi-furnished,2,1305,2,1,5,11,17,0,15584800
Hinjewadi,apartment,sale,fully-furnished,2,1419,2,22,2,5,9,1,10815500
Bavdhan,apartment,sale,semi-furnished,3,1196,3,9,2,4,8,0,11102100
Pimpri,plot,sale,semi-furnished,0,4622,1,15,0,0,1,0,18717800
Koregaon Park,plot,rent,semi-furnished,0,4625,1,18,5,0,1,0,253500
Pisoli,plot,sale,semi-furnished,0,3853,1,28,6,0,1,0,13502400
Kharadi,apartment,rent,fully-furnished,2,665,2,21,3,10,11,1,28400
Hinjewadi,house,sale,unfurnished,1,929,1,14,6,3,10,1,7343300
Wakad,apartment,sale,semi-furnished,2,964,2,14,4,1,12,1,7538500
Hinjewadi,apartment,sale,unfurnished,2,908,2,25,3,4,6,1,5628200
Kothrud,commercial,rent,fully-furnished,0,2768,1,11,5,0,1,1,500000
Wakad,apartment,rent,unfurnished,4,1503,4,26,7,0,9,1,102100
Pimpri,house,sale,fully-furnished,2,582,2,20,2,0,12,0,4087700
Kalyani Nagar,apartment,sale,semi-furnished,3,1312,3,14,10,1,7,0,14778800
Aundh,apartment,sale,unfurnished,3,1043,3,2,5,9,14,1,13063800
Viman Nagar,studio,rent,fully-furnished,1,561,1,22,9,15,17,1,34700
Bavdhan,commercial,sale,semi-furnished,0,5308,1,15,6,0,1,0,63089000
Wakad,house,sale,fully-furnished,4,1833,4,24,8,2,11,1,17045400
Baner,commercial,sale,semi-furnished,0,3014,1,11,5,0,1,1,34248500
Hinjewadi,studio,sale,fully-furnished,1,588,1,11,5,2,4,1,6189300
Koregaon Park,apartment,sale,semi-furnished,3,1358,3,26,7,13,17,0,16720100
Aundh,apartment,rent,fully-furnished,2,840,2,17,3,16,16,1,46400
Bavdhan,apartment,rent,fully-furnished,4,1539,4,4,1,5,15,0,128700
Aundh,apartment,sale,semi-furnished,3,1412,3,28,5,9,9,1,13580700
Hinjewadi,apartment,sale,semi-furnished,3,1316,3,30,2,6,6,1,10568900
Viman Nagar,apartment,sale,semi-furnished,2,979,2,15,9,12,21,1,9862900
Magarpatta,studio,rent,fully-furnished,1,656,1,16,5,9,12,0,28500
Chinchwad,apartment,sale,semi-furnished,2,881,2,28,4,3,16,0,3965400
Pashan,commercial,rent,fully-furnished,0,2954,1,11,4,0,1,0,340100
Magarpatta,apartment,sale,fully-furnished,2,878,2,28,3,9,13,0,5739100
Wakad,villa,sale,unfurnished,3,1808,3,6,3,2,16,1,17636200
Kalyani Nagar,commercial,rent,semi-furnished,0,4964,1,15,8,0,1,0,842000
Wakad,studio,sale,unfurnished,1,723,1,14,8,7,10,1,6147900
Kalyani Nagar,plot,rent,fully-furnished,0,2489,1,3,9,0,1,0,128100
Chinchwad,villa,sale,fully-furnished,3,2820,3,2,2,6,8,0,30496000
Kothrud,apartment,sale,fully-furnished,1,398,1,12,6,5,7,1,3953000
Kondhwa,commercial,sale,unfurnished,0,5889,1,27,5,0,1,0,35471100
Koregaon Park,apartment,rent,semi-furnished,2,1050,2,24,10,0,6,0,60100
Wakad,villa,sale,fully-furnished,2,2420,2,19,4,6,14,1,27472700
Viman Nagar,apartment,sale,unfurnished,3,838,3,18,8,3,15,1,6818900
Hadapsar,apartment,sale,semi-furnished,2,1006,2,22,1,0,7,0,5369900
Magarpatta,house,rent,fully-furnished,2,964,2,1,7,17,17,0,41600
Pimple Saudagar,studio,rent,unfurnished,1,367,1,31,0,9,10,0,12700
Koregaon Park,apartment,sale,semi-furnished,3,1195,3,4,8,5,8,0,18879000
Kondhwa,apartment,sale,unfurnished,4,1697,4,14,1,0,9,0,9700500
Shivajinagar,apartment,rent,semi-furnished,2,874,2,22,7,1,7,1,53300
Hinjewadi,plot,sale,semi-furnished,0,4657,1,22,1,0,1,1,21324900
Hinjewadi,apartment,sale,unfurnished,2,1123,2,29,4,1,8,1,6546000
Pimple Saudagar,apartment,sale,fully-furnished,2,980,2,4,0,0,6,0,8666000
Koregaon Park,apartment,sale,unfurnished,2,1239,2,13,7,5,5,0,16423700
Magarpatta,apartment,sale,unfurnished,2,944,2,12,3,13,14,0,6842800
Hadapsar,apartment,rent,fully-furnished,2,1083,2,25,3,8,9,0,28800
Pashan,plot,sale,fully-furnished,0,3050,1,30,8,0,1,0,20016500
Kalyani Nagar,studio,rent,fully-furnished,1,420,1,24,7,6,7,0,35800
Hadapsar,studio,sale,unfurnished,1,378,1,24,3,3,10,0,1630000
Aundh,apartment,rent,fully-furnished,3,1669,3,18,6,6,7,1,106900
Hinjewadi,apartment,sale,semi-furnished,2,1303,2,27,5,3,16,1,8257200
Wakad,apartment,sale,unfurnished,3,1342,3,16,4,10,11,1,10043200
Kothrud,plot,rent,semi-furnished,0,4726,1,25,5,0,1,1,172400
Hinjewadi,apartment,sale,fully-furnished,2,1141,2,25,0,9,12,1,8807900
Kothrud,plot,sale,fully-furnished,0,4234,1,3,6,0,1,1,33138600
Undri,apartment,sale,unfurnished,2,1169,2,4,6,2,3,0,6779100
Koregaon Park,apartment,sale,semi-furnished,3,1389,3,23,3,10,11,0,14844900
Camp,apartment,rent,fully-furnished,1,939,1,30,5,4,8,0,25300
Magarpatta,apartment,rent,semi-furnished,2,1030,2,8,3,4,4,0,51500
Bavdhan,villa,rent,semi-furnished,3,2758,3,25,1,0,6,0,274000
Magarpatta,apartment,sale,fully-furnished,5,1687,5,20,3,0,9,0,18216500
Kalyani Nagar,commercial,sale,semi-furnished,0,3960,1,14,4,0,1,0,37207900
Pimple Saudagar,villa,sale,fully-furnished,3,2813,3,14,2,18,19,0,24201800
Aundh,apartment,rent,unfurnished,1,393,1,17,4,10,12,1,7600
Wagholi,apartment,sale,unfurnished,2,954,2,16,2,5,9,0,3540000
Baner,villa,rent,fully-furnished,1,2556,1,5,6,9,10,1,685500
Magarpatta,apartment,rent,fully-furnished,3,1151,3,22,3,0,2,0,77300
Kharadi,apartment,rent,semi-furnished,2,866,2,27,7,0,5,1,24000
Balewadi,apartment,sale,semi-furnished,2,889,2,30,4,20,24,0,5730900
Kharadi,apartment,sale,unfurnished,5,2006,5,8,4,1,5,1,20827400
Boat Club Road,villa,rent,semi-furnished,1,1247,1,15,6,1,9,0,347800
Wanowrie,villa,sale,unfurnished,1,1767,1,24,1,0,6,0,10730200
Hadapsar,villa,rent,semi-furnished,2,2317,2,21,3,9,14,0,236100
Pimple Saudagar,villa,sale,unfurnished,2,3079,2,0,0,5,11,0,20654800
Chinchwad,villa,sale,fully-furnished,2,2545,2,3,0,0,3,0,23187900
Pimple Saudagar,villa,rent,unfurnished,3,3043,3,4,3,12,13,0,351600
Wagholi,apartment,sale,semi-furnished,2,751,2,7,6,0,11,0,4312700
Bavdhan,studio,rent,unfurnished,1,526,1,7,5,3,4,0,14700
Boat Club Road,plot,rent,fully-furnished,0,3585,1,21,2,0,1,0,153900
Hinjewadi,apartment,rent,unfurnished,3,1388,3,20,3,3,8,1,62100
Kalyani Nagar,apartment,sale,unfurnished,2,1078,2,31,5,8,14,0,7474400
Aundh,apartment,sale,fully-furnished,2,958,2,22,3,1,2,1,8141800
Baner,apartment,rent,semi-furnished,3,989,3,13,6,5,6,1,78500
Pisoli,villa,sale,fully-furnished,2,3814,2,24,4,9,9,0,20017300
Koregaon Park,house,sale,fully-furnished,1,751,1,26,5,4,15,0,7927200
Baner,plot,sale,unfurnished,0,2277,1,30,6,0,1,1,11795500
Wakad,apartment,rent,semi-furnished,3,1253,3,16,3,15,16,1,65900
Baner,apartment,sale,fully-furnished,4,1524,4,9,3,4,10,1,21814900
Kothrud,villa,rent,unfurnished,3,3966,3,1,2,11,11,1,463700
Wanowrie,apartment,sale,unfurnished,3,1179,3,27,5,1,13,0,6676300
Hinjewadi,apartment,sale,semi-furnished,3,1467,3,5,4,7,15,1,13499600
Hinjewadi,apartment,rent,semi-furnished,3,1226,3,2,1,2,12,1,45800
Balewadi,apartment,sale,semi-furnished,4,1990,4,29,6,2,2,0,17192900
Baner,apartment,rent,fully-furnished,1,630,1,7,3,4,4,1,25000
Wagholi,villa,rent,semi-furnished,2,3990,2,31,3,2,6,0,315900
Koregaon Park,plot,sale,semi-furnished,0,1978,1,3,6,0,1,0,32344000
Kalyani Nagar,commercial,sale,semi-furnished,0,3136,1,2,7,0,1,0,41802600
Hinjewadi,apartment,sale,fully-furnished,3,1518,3,28,4,2,2,1,12270900
Hinjewadi,apartment,sale,unfurnished,2,1245,2,8,0,1,13,1,9812800
Magarpatta,apartment,rent,fully-furnished,2,972,2,30,6,1,4,0,41800
Pisoli,apartment,sale,semi-furnished,4,1732,4,23,2,12,12,0,9631500
Kondhwa,apartment,sale,semi-furnished,3,1635,3,11,0,8,10,0,10773200
Wagholi,house,rent,semi-furnished,2,739,2,31,1,2,7,0,17800
Viman Nagar,villa,sale,semi-furnished,5,2132,5,0,6,2,14,1,30842400
Wagholi,apartment,rent,fully-furnished,2,911,2,22,4,0,10,0,26000
Koregaon Park,house,rent,semi-furnished,3,1327,3,2,8,0,6,0,116800
Wakad,villa,sale,semi-furnished,4,3339,4,0,4,1,16,1,42645300
Wagholi,house,sale,unfurnished,3,1130,3,3,3,2,8,0,6707800
Aundh,apartment,sale,semi-furnished,2,1083,2,26,3,2,20,1,7161600
Kothrud,apartment,sale,unfurnished,3,1296,3,11,8,9,18,1,13478600
Wakad,apartment,rent,semi-furnished,2,1275,2,4,4,1,7,1,44800
Chinchwad,apartment,sale,semi-furnished,3,1518,3,6,5,3,4,0,11647100
Undri,apartment,rent,semi-furnished,1,733,1,11,2,7,14,0,7200
Shivajinagar,studio,sale,unfurnished,1,518,1,11,5,0,12,1,4338300
Pimple Saudagar,villa,rent,semi-furnished,3,2603,3,27,7,10,11,0,645500
Baner,studio,sale,fully-furnished,1,555,1,22,2,6,9,1,5315200
Wakad,apartment,sale,unfurnished,5,1618,5,13,4,6,8,1,16119800
Wanowrie,commercial,sale,unfurnished,0,1807,1,25,5,0,1,0,7714400
Kothrud,apartment,sale,semi-furnished,3,1282,3,13,4,1,10,1,14256700
Baner,apartment,rent,semi-furnished,4,1430,4,16,5,3,4,1,146800
Viman Nagar,apartment,rent,fully-furnished,1,567,1,9,4,0,2,1,24300
Wagholi,studio,sale,semi-furnished,1,300,1,15,2,0,7,0,1500000
Camp,apartment,sale,unfurnished,2,911,2,8,6,9,16,0,9152000
Balewadi,villa,sale,semi-furnished,2,1856,2,20,3,1,7,0,19124800
Viman Nagar,apartment,sale,semi-furnished,2,1000,2,7,6,1,8,1,10436900
Baner,apartment,sale,unfurnished,3,1231,3,7,4,7,7,1,14277600
Pisoli,apartment,sale,unfurnished,3,1044,3,27,2,17,18,0,3947600
Kondhwa,studio,sale,unfurnished,1,494,1,17,2,4,7,0,2264700
Hinjewadi,apartment,rent,unfurnished,4,1784,4,5,1,2,2,1,100100
Balewadi,villa,sale,semi-furnished,3,2821,3,13,3,5,7,0,31318600
Pimple Saudagar,house,sale,fully-furnished,4,1591,4,30,1,0,12,0,10379400
Balewadi,studio,sale,semi-furnished,1,535,1,30,2,5,5,0,4220600
Kondhwa,studio,rent,fully-furnished,1,397,1,29,1,3,9,0,13800
Hinjewadi,apartment,rent,unfurnished,3,1156,3,22,0,11,12,1,53400
Hadapsar,apartment,sale,semi-furnished,4,1933,4,6,2,9,12,0,12499500
Kalyani Nagar,house,rent,unfurnished,2,653,2,26,8,5,6,0,42500
Kharadi,apartment,sale,fully-furnished,3,1287,3,19,8,4,6,1,13532400
Kothrud,villa,sale,semi-furnished,2,2908,2,1,5,12,12,1,56387400
Chinchwad,apartment,sale,semi-furnished,3,1497,3,1,0,0,2,0,9802400
Kalyani Nagar,apartment,sale,fully-furnished,3,1257,3,14,8,11,13,0,21138200
Bavdhan,apartment,rent,semi-furnished,3,1258,3,19,4,7,17,0,64500
Kondhwa,apartment,sale,unfurnished,2,898,2,19,3,6,8,0,3993600
Kharadi,apartment,rent,fully-furnished,3,1248,3,5,3,1,21,1,71900
Chinchwad,apartment,rent,unfurnished,2,1101,2,18,2,0,10,0,31000
Kharadi,studio,sale,semi-furnished,1,455,1,6,5,5,11,1,3949300
Kothrud,apartment,sale,unfurnished,2,966,2,29,6,8,10,1,8549400
Bavdhan,commercial,rent,semi-furnished,0,1538,1,15,2,0,1,0,89400
Pimple Saudagar,plot,sale,semi-furnished,0,1638,1,20,4,0,1,0,10981100
Hinjewadi,house,sale,fully-furnished,2,683,2,6,5,4,8,1,7339200
Koregaon Park,villa,rent,semi-furnished,2,4005,2,14,6,8,15,0,911900
Magarpatta,apartment,rent,semi-furnished,3,1146,3,24,4,3,5,0,74300
Viman Nagar,house,sale,semi-furnished,2,589,2,19,5,11,16,1,4731400
Kothrud,apartment,sale,semi-furnished,2,698,2,13,3,0,11,1,6322300
Kondhwa,studio,rent,fully-furnished,1,300,1,2,1,7,7,0,13900
Aundh,plot,rent,semi-furnished,0,1373,1,14,3,0,1,1,43200
Magarpatta,apartment,rent,unfurnished,2,1216,2,4,6,1,4,0,27700
Pimple Saudagar,studio,rent,fully-furnished,1,346,1,12,2,10,10,0,13000
Koregaon Park,studio,rent,unfurnished,1,570,1,20,2,8,17,0,25300
Shivajinagar,apartment,rent,unfurnished,2,844,2,24,8,4,7,1,40500
Undri,commercial,sale,fully-furnished,0,1028,1,14,1,0,1,0,2861500
Kalyani Nagar,villa,sale,semi-furnished,3,2463,3,20,3,1,13,0,25661900
Balewadi,apartment,sale,unfurnished,1,298,1,17,4,0,7,0,1636800
Hinjewadi,apartment,rent,unfurnished,3,1550,3,24,1,0,2,1,55800
Viman Nagar,apartment,sale,unfurnished,2,1265,2,0,9,8,15,1,16105600
Wakad,apartment,rent,fully-furnished,2,1202,2,15,2,7,17,1,54700
Magarpatta,apartment,rent,semi-furnished,2,1225,2,26,7,3,10,0,60000
Koregaon Park,apartment,sale,fully-furnished,3,1358,3,22,4,5,10,0,19029000
Aundh,apartment,sale,fully-furnished,2,1050,2,9,5,2,3,1,11669800
Kharadi,plot,rent,semi-furnished,0,1308,1,20,6,0,1,1,72200
Hinjewadi,apartment,rent,semi-furnished,3,1327,3,22,2,5,11,1,72400
Hinjewadi,apartment,sale,fully-furnished,3,1477,3,19,1,2,4,1,13697200
Hinjewadi,apartment,sale,unfurnished,3,1281,3,7,6,11,11,1,13176000
Aundh,villa,sale,semi-furnished,5,1816,5,28,7,7,7,1,21303200
Aundh,studio,sale,semi-furnished,1,383,1,12,4,7,9,1,3873900
Baner,apartment,rent,semi-furnished,2,996,2,30,5,1,9,1,45900
Hinjewadi,apartment,sale,semi-furnished,4,1827,4,26,4,4,11,1,13498300
Viman Nagar,house,rent,fully-furnished,2,1104,2,3,6,2,9,1,47800
Baner,house,rent,unfurnished,2,860,2,13,0,11,14,1,32300
Kondhwa,studio,rent,semi-furnished,1,465,1,26,4,1,3,0,18600
Bavdhan,studio,sale,unfurnished,1,504,1,26,5,5,12,0,2120000
Kondhwa,apartment,rent,fully-furnished,3,1500,3,1,0,16,16,0,56700
Koregaon Park,apartment,rent,fully-furnished,2,663,2,12,7,3,3,0,65300
Wakad,villa,rent,unfurnished,4,2605,4,20,4,10,12,1,310900
Wakad,apartment,sale,unfurnished,1,1292,1,23,5,7,10,1,7636300
Wagholi,plot,sale,unfurnished,0,1286,1,1,2,0,1,0,4354800
Hinjewadi,studio,sale,semi-furnished,1,527,1,31,1,2,15,1,2889500
Kondhwa,apartment,rent,fully-furnished,4,1615,4,15,0,5,15,0,106400
Undri,villa,rent,unfurnished,2,1305,2,29,0,11,12,0,138500
Koregaon Park,villa,sale,semi-furnished,2,2634,2,10,7,0,4,0,36449600
Kharadi,studio,rent,semi-furnished,1,425,1,2,3,5,7,1,19000
Kharadi,villa,sale,semi-furnished,3,2068,3,2,0,3,11,1,24874300
Hinjewadi,studio,sale,semi-furnished,1,594,1,9,1,0,3,1,3574100
Aundh,apartment,sale,unfurnished,3,1546,3,5,0,8,12,1,15012700
Kharadi,apartment,sale,fully-furnished,4,1625,4,16,4,0,8,1,15394200
Magarpatta,studio,sale,semi-furnished,1,386,1,1,6,1,7,0,3661600
Baner,commercial,sale,fully-furnished,0,352,1,10,8,0,1,1,4568800
Shivajinagar,apartment,sale,semi-furnished,2,968,2,22,7,7,15,1,7759900
Chinchwad,villa,rent,fully-furnished,1,3191,1,9,2,16,16,0,542700
Viman Nagar,plot,rent,fully-furnished,0,2382,1,5,5,0,1,1,97100
Koregaon Park,house,rent,semi-furnished,3,1284,3,27,10,3,15,0,144200
Undri,apartment,sale,fully-furnished,2,925,2,12,3,4,5,0,5561300
Chinchwad,plot,sale,fully-furnished,0,1053,1,15,7,0,1,0,5759100
Wanowrie,villa,rent,semi-furnished,2,2701,2,2,2,2,7,0,356700
Wakad,apartment,sale,semi-furnished,5,1762,5,4,4,3,11,1,24783200
Undri,apartment,rent,semi-furnished,2,751,2,9,3,4,13,0,23900
Balewadi,apartment,sale,semi-furnished,1,783,1,5,0,2,15,0,6637700
Baner,villa,sale,semi-furnished,2,2882,2,20,4,0,12,1,30790500
Hinjewadi,villa,sale,semi-furnished,3,1741,3,6,3,0,9,1,13258100
Hadapsar,commercial,rent,semi-furnished,0,1186,1,11,4,0,1,0,101800
Koregaon Park,studio,rent,unfurnished,1,515,1,15,8,0,8,0,40200
Magarpatta,apartment,sale,fully-furnished,4,1467,4,26,0,13,13,0,12118800
Baner,house,rent,unfurnished,2,994,2,0,2,1,2,1,44200
Baner,villa,rent,semi-furnished,3,3243,3,15,3,0,10,1,548600
Kothrud,studio,sale,semi-furnished,1,478,1,13,5,0,2,1,4637700
Hinjewadi,house,rent,semi-furnished,2,823,2,14,1,5,8,1,26300
Kothrud,apartment,sale,semi-furnished,1,437,1,31,6,4,5,1,3480500
Hinjewadi,studio,sale,semi-furnished,1,496,1,13,6,2,11,1,2893700
Kalyani Nagar,commercial,sale,semi-furnished,0,383,1,25,4,0,1,0,3190900
Kharadi,apartment,sale,semi-furnished,4,1378,4,21,3,11,12,1,12110900
Kothrud,apartment,rent,unfurnished,3,1481,3,31,6,6,15,1,74500
Boat Club Road,studio,sale,semi-furnished,1,405,1,1,8,7,8,0,6143600
Wakad,villa,rent,semi-furnished,2,3382,2,13,3,15,16,1,809300
Koregaon Park,apartment,sale,unfurnished,2,1050,2,18,7,19,19,0,10942300
Koregaon Park,studio,sale,fully-furnished,1,539,1,19,5,17,20,0,6723600
Viman Nagar,plot,sale,semi-furnished,0,1273,1,4,7,0,1,1,9935600
Bavdhan,apartment,sale,semi-furnished,3,1375,3,28,2,3,4,0,9159900
Wakad,apartment,sale,semi-furnished,2,832,2,4,4,14,14,1,7534700
Koregaon Park,apartment,rent,unfurnished,2,736,2,17,4,3,12,0,51100
Pimple Saudagar,apartment,rent,unfurnished,2,961,2,12,3,7,10,0,27400
Pashan,house,sale,semi-furnished,4,1441,4,8,3,1,8,0,13487700
Kothrud,apartment,sale,unfurnished,2,797,2,29,4,2,2,1,5210100
Kharadi,apartment,sale,unfurnished,4,1679,4,3,3,6,8,1,15016500
Magarpatta,apartment,rent,semi-furnished,2,893,2,19,3,5,6,0,45100
Balewadi,apartment,sale,unfurnished,4,1618,4,27,6,7,10,0,12303400
Wakad,apartment,rent,semi-furnished,3,1335,3,15,6,10,11,1,60400
Wakad,apartment,rent,semi-furnished,2,991,2,22,2,1,10,1,37800
Hadapsar,commercial,sale,semi-furnished,0,3441,1,11,6,0,1,0,40674900
Kothrud,apartment,rent,fully-furnished,3,1339,3,21,8,6,12,1,102300
Wanowrie,commercial,sale,unfurnished,0,5724,1,5,0,0,1,0,26581800
Hinjewadi,plot,sale,semi-furnished,0,4872,1,17,5,0,1,1,20729400
Hinjewadi,apartment,sale,semi-furnished,2,1373,2,13,5,13,15,1,12003500
Aundh,apartment,rent,semi-furnished,1,729,1,11,5,9,11,1,10300
Kondhwa,apartment,rent,semi-furnished,4,1587,4,18,0,10,11,0,76900
Pimple Saudagar,apartment,sale,fully-furnished,3,1537,3,15,2,5,7,0,15031500
Bavdhan,house,rent,semi-furnished,1,370,1,0,4,0,16,0,18500
Pimple Saudagar,house,sale,fully-furnished,3,1264,3,6,3,4,6,0,13012400
Chinchwad,apartment,sale,unfurnished,2,868,2,11,1,0,13,0,4105200
Wanowrie,studio,rent,semi-furnished,1,629,1,21,3,4,11,0,14300
Kharadi,apartment,sale,semi-furnished,2,1243,2,14,9,6,11,1,9477700
Undri,villa,sale,unfurnished,3,2057,3,15,4,2,4,0,13562100
Shivajinagar,house,rent,semi-furnished,2,720,2,30,7,5,8,1,47100
Kalyani Nagar,apartment,rent,semi-furnished,3,1207,3,0,6,3,10,0,102200
Viman Nagar,commercial,sale,semi-furnished,0,4292,1,29,8,0,1,1,59288200
Boat Club Road,commercial,sale,semi-furnished,0,3723,1,2,8,0,1,0,79815200
Hadapsar,studio,sale,unfurnished,1,800,1,21,3,5,5,0,5029300
Kondhwa,apartment,sale,unfurnished,2,1164,2,7,9,0,9,0,5948300
Pisoli,commercial,sale,fully-furnished,0,3477,1,0,1,0,1,0,31191000
Koregaon Park,apartment,sale,unfurnished,3,1383,3,10,5,2,4,0,15828000
Aundh,commercial,sale,fully-furnished,0,4635,1,15,5,0,1,1,25839100
Wakad,studio,rent,unfurnished,1,465,1,11,6,4,9,1,22900
Hinjewadi,house,rent,unfurnished,5,1507,5,31,5,2,8,1,145000
Pashan,studio,sale,fully-furnished,1,424,1,15,8,4,4,0,3460500
Hadapsar,studio,rent,unfurnished,1,486,1,29,0,0,16,0,11500
Viman Nagar,apartment,rent,semi-furnished,2,1153,2,6,8,10,12,1,64200
Kalyani Nagar,apartment,sale,semi-furnished,2,767,2,12,5,14,14,0,11282100
Kharadi,apartment,rent,semi-furnished,3,1564,3,24,7,0,13,1,90900
Shivajinagar,commercial,rent,fully-furnished,0,2541,1,1,7,0,1,1,516500
Shivajinagar,apartment,rent,semi-furnished,1,617,1,19,7,2,3,1,29800
Aundh,house,rent,fully-furnished,3,1013,3,31,4,2,3,1,63200
Hinjewadi,apartment,sale,semi-furnished,2,980,2,31,5,2,2,1,6874600
Pimple Saudagar,villa,rent,semi-furnished,5,2890,5,29,2,8,15,0,330200
Undri,apartment,sale,unfurnished,2,838,2,7,3,8,12,0,3980500
Shivajinagar,house,rent,fully-furnished,2,1274,2,9,4,2,2,1,80500
Koregaon Park,apartment,rent,semi-furnished,1,853,1,18,3,2,2,0,35200
Magarpatta,villa,sale,unfurnished,3,2749,3,28,3,4,8,0,13524800
Hinjewadi,studio,sale,unfurnished,1,397,1,21,3,9,11,1,2307900
Chinchwad,studio,rent,fully-furnished,1,598,1,20,6,2,3,0,24800
Magarpatta,apartment,sale,semi-furnished,4,1879,4,9,2,3,12,0,17610700
Kalyani Nagar,apartment,sale,unfurnished,2,885,2,18,8,1,10,0,9927200
Pimpri,apartment,rent,fully-furnished,1,556,1,31,1,5,7,0,12000
Wagholi,apartment,rent,semi-furnished,1,548,1,27,5,10,15,0,10400
Wakad,apartment,sale,semi-furnished,4,1527,4,14,5,8,12,1,13161300
Kalyani Nagar,plot,sale,semi-furnished,0,1518,1,13,5,0,1,0,12255600
Aundh,villa,sale,unfurnished,2,3250,2,15,6,1,3,1,27113600
Baner,house,sale,semi-furnished,2,813,2,19,3,1,10,1,6357700
Wakad,commercial,sale,unfurnished,0,1690,1,20,5,0,1,1,13339300
Kharadi,house,sale,semi-furnished,2,824,2,21,4,3,15,1,4698900
Koregaon Park,commercial,sale,fully-furnished,0,5729,1,22,7,0,1,0,91382200
Pimpri,house,sale,unfurnished,2,1049,2,23,3,0,7,0,4777700
Kharadi,apartment,rent,semi-furnished,4,1651,4,18,3,6,13,1,120200
Hinjewadi,apartment,sale,fully-furnished,2,952,2,28,4,4,6,1,7654900
Kothrud,apartment,sale,semi-furnished,1,738,1,22,4,7,10,1,5943100
Camp,house,rent,fully-furnished,3,1385,3,11,5,3,7,0,85500
Balewadi,house,sale,unfurnished,2,922,2,11,7,1,8,0,6759500
Baner,house,rent,unfurnished,2,862,2,3,3,11,12,1,28600
Kharadi,apartment,sale,unfurnished,2,992,2,19,4,4,13,1,5992900
Baner,apartment,rent,semi-furnished,4,1851,4,17,6,4,12,1,198900
Wakad,studio,sale,unfurnished,1,482,1,13,3,10,11,1,3961800
Chinchwad,apartment,sale,semi-furnished,2,674,2,24,0,4,5,0,2696700
Wakad,commercial,sale,semi-furnished,0,4626,1,19,8,0,1,1,18705100
Wanowrie,villa,rent,fully-furnished,2,3245,2,9,5,0,7,0,641600
Koregaon Park,apartment,sale,semi-furnished,2,1150,2,29,7,6,12,0,9974300
Viman Nagar,apartment,rent,fully-furnished,4,1374,4,22,2,0,7,1,152900
Baner,apartment,rent,semi-furnished,3,1222,3,22,8,3,10,1,84600
Hinjewadi,apartment,sale,semi-furnished,2,947,2,15,0,3,3,1,6053900
Kothrud,apartment,sale,semi-furnished,3,1307,3,29,3,12,12,1,12655900
Viman Nagar,apartment,rent,unfurnished,3,1608,3,14,4,0,2,1,101600
Viman Nagar,apartment,rent,fully-furnished,3,1315,3,9,9,6,11,1,90300
Pimpri,commercial,sale,fully-furnished,0,351,1,22,4,0,1,0,2417600
Wagholi,house,sale,semi-furnished,5,2220,5,8,5,0,7,0,14135600
Viman Nagar,apartment,rent,unfurnished,1,398,1,27,10,2,3,1,13800
Kondhwa,plot,sale,fully-furnished,0,4100,1,30,3,0,1,0,15785600
Wagholi,apartment,rent,unfurnished,5,2246,5,0,3,4,4,0,114300
Camp,apartment,sale,unfurnished,2,1162,2,6,5,7,8,0,11934700
Pimpri,apartment,sale,unfurnished,4,1340,4,8,4,2,7,0,8932300
Viman Nagar,apartment,sale,unfurnished,3,1196,3,8,6,3,3,1,12285300
Kharadi,plot,rent,fully-furnished,0,2486,1,17,3,0,1,1,103700
Hinjewadi,apartment,rent,unfurnished,3,1320,3,3,5,11,12,1,66200
Pisoli,apartment,sale,semi-furnished,4,1968,4,25,0,0,5,0,7712700
Kharadi,villa,rent,semi-furnished,2,2470,2,18,4,0,10,1,451100
Aundh,apartment,rent,semi-furnished,3,1342,3,28,8,1,17,1,89600
Hinjewadi,studio,sale,unfurnished,1,528,1,13,3,5,15,1,4053500
Magarpatta,commercial,sale,semi-furnished,0,3008,1,12,7,0,1,0,39308400
Kalyani Nagar,apartment,sale,semi-furnished,2,1326,2,17,4,0,4,0,12937500
Chinchwad,studio,rent,fully-furnished,1,330,1,10,3,4,5,0,13100
Magarpatta,apartment,rent,semi-furnished,2,1174,2,6,5,7,7,0,32600
Magarpatta,plot,sale,fully-furnished,0,2889,1,21,7,0,1,0,16016100
Pimpri,apartment,sale,semi-furnished,5,1539,5,12,4,9,10,0,13009600
Pashan,studio,sale,fully-furnished,1,360,1,19,7,2,4,0,3266000
Magarpatta,apartment,rent,semi-furnished,2,866,2,25,3,5,8,0,35900
Pimple Saudagar,apartment,rent,fully-furnished,2,826,2,17,1,6,13,0,31500
Baner,house,sale,semi-furnished,1,642,1,26,7,5,11,1,4127300
Boat Club Road,apartment,sale,semi-furnished,2,1084,2,2,5,0,2,0,21411300
Boat Club Road,commercial,rent,unfurnished,0,298,1,31,9,0,1,0,132300
Wakad,studio,sale,fully-furnished,1,590,1,15,1,0,8,1,3851500
Balewadi,apartment,sale,semi-furnished,4,1356,4,11,4,4,12,0,12184800
Undri,commercial,rent,semi-furnished,0,716,1,19,6,0,1,0,18600
Hinjewadi,apartment,sale,unfurnished,2,1118,2,30,4,2,2,1,4886400
Wanowrie,apartment,rent,semi-furnished,3,1341,3,16,1,12,13,0,66800
Hadapsar,apartment,sale,semi-furnished,3,1334,3,4,2,8,15,0,9199000
Hinjewadi,house,rent,semi-furnished,3,1371,3,20,0,1,11,1,61000
Hinjewadi,apartment,rent,fully-furnished,2,900,2,23,5,6,11,1,33600
Pimpri,studio,sale,fully-furnished,1,650,1,7,4,7,7,0,5349600
Kothrud,plot,rent,fully-furnished,0,4313,1,4,4,0,1,1,164000
Hadapsar,commercial,sale,unfurnished,0,2672,1,25,3,0,1,0,14386100
Kharadi,villa,rent,unfurnished,2,2969,2,11,2,2,4,1,446900
Magarpatta,studio,sale,unfurnished,1,472,1,20,4,2,2,0,3533100
Pashan,apartment,sale,semi-furnished,2,1080,2,14,5,0,7,0,6621600
Pashan,apartment,sale,fully-furnished,2,1151,2,26,1,10,13,0,8913600
Viman Nagar,plot,rent,fully-furnished,0,1731,1,25,3,0,1,1,82200
Baner,studio,sale,semi-furnished,1,400,1,24,5,0,7,1,2018800
Hadapsar,studio,rent,semi-furnished,1,528,1,27,2,5,8,0,12200
Wanowrie,apartment,sale,semi-furnished,2,1132,2,29,3,1,9,0,5250000
Chinchwad,plot,sale,fully-furnished,0,3376,1,8,0,0,1,0,20880600
Viman Nagar,apartment,rent,semi-furnished,1,644,1,19,3,1,6,1,22100
Koregaon Park,commercial,rent,semi-furnished,0,4030,1,3,7,0,1,0,606100
Hinjewadi,apartment,sale,semi-furnished,4,1806,4,5,0,8,14,1,17675500
Kharadi,commercial,rent,semi-furnished,0,5181,1,23,3,0,1,1,411900
Wakad,studio,sale,unfurnished,1,607,1,31,5,1,18,1,3626800
Aundh,apartment,rent,semi-furnished,2,1548,2,2,7,2,16,1,47600
Baner,apartment,sale,semi-furnished,2,1050,2,19,5,1,4,1,9065300
Magarpatta,commercial,sale,unfurnished,0,3735,1,1,7,0,1,0,51859300
Hinjewadi,apartment,rent,fully-furnished,2,1272,2,24,1,4,15,1,53800
Baner,apartment,sale,semi-furnished,4,1898,4,0,4,1,11,1,27043600
Hinjewadi,studio,sale,unfurnished,1,615,1,8,2,0,9,1,3128200
Kalyani Nagar,commercial,rent,semi-furnished,0,2372,1,24,6,0,1,0,548700
Wagholi,apartment,rent,semi-furnished,1,576,1,26,5,9,9,0,12000
Hinjewadi,apartment,rent,fully-furnished,2,714,2,1,4,11,11,1,47400
Aundh,plot,sale,semi-furnished,0,4584,1,30,3,0,1,1,30168400
Magarpatta,commercial,sale,unfurnished,0,3735,1,29,6,0,1,0,14850400
Viman Nagar,plot,rent,semi-furnished,0,845,1,26,7,0,1,1,50500
Baner,apartment,sale,unfurnished,2,1159,2,21,6,4,6,1,8874900
Hinjewadi,apartment,rent,semi-furnished,2,874,2,0,1,10,10,1,37500
Baner,apartment,sale,unfurnished,1,709,1,13,5,7,11,1,6477800
Pimple Saudagar,house,rent,semi-furnished,3,1273,3,9,2,3,7,0,63300
Kothrud,studio,rent,semi-furnished,1,441,1,28,2,9,9,1,23600
Undri,apartment,sale,semi-furnished,1,1016,1,13,0,8,10,0,5973500
Baner,studio,sale,semi-furnished,1,591,1,20,5,3,11,1,4430000
Bavdhan,apartment,rent,fully-furnished,4,1859,4,4,2,3,8,0,134300
Wagholi,plot,rent,unfurnished,0,4149,1,16,2,0,1,0,84600
Hinjewadi,apartment,sale,fully-furnished,2,1246,2,25,3,7,15,1,10032600
Aundh,apartment,sale,semi-furnished,2,989,2,25,8,9,14,1,8919200
Undri,house,sale,semi-furnished,1,280,1,17,0,4,8,0,1500000
Kothrud,apartment,rent,semi-furnished,5,1743,5,7,6,10,15,1,214500
Hinjewadi,apartment,rent,semi-furnished,2,967,2,12,2,8,8,1,31600
Wanowrie,apartment,sale,semi-furnished,5,2169,5,16,3,1,2,0,19939200
Wanowrie,apartment,rent,semi-furnished,4,1485,4,25,4,0,2,0,70900
Koregaon Park,plot,sale,fully-furnished,0,2724,1,2,5,0,1,0,33825800
Undri,apartment,sale,semi-furnished,3,1351,3,6,2,8,9,0,8038000
Baner,house,rent,unfurnished,2,920,2,4,6,1,4,1,50100
Chinchwad,apartment,rent,unfurnished,4,1573,4,0,1,5,13,0,76800
Kothrud,apartment,sale,unfurnished,2,831,2,10,4,0,9,1,5581800
Pimpri,apartment,sale,fully-furnished,3,1492,3,22,1,0,11,0,9541900
Bavdhan,commercial,rent,semi-furnished,0,714,1,14,0,0,1,0,99700
Hinjewadi,commercial,rent,semi-furnished,0,4079,1,10,4,0,1,1,369100
Kothrud,apartment,rent,fully-furnished,2,1118,2,21,6,13,18,1,64700
Pimpri,apartment,rent,fully-furnished,3,1497,3,28,5,4,7,0,70100
Boat Club Road,commercial,rent,semi-furnished,0,5520,1,29,9,0,1,0,73700
Wagholi,apartment,sale,semi-furnished,1,601,1,11,3,2,2,0,2994400
Shivajinagar,villa,sale,semi-furnished,3,3451,3,6,9,2,11,1,54593600
Wagholi,plot,sale,unfurnished,0,3104,1,22,0,0,1,0,7360800
Kothrud,villa,rent,fully-furnished,3,3098,3,23,6,6,13,1,862400
Magarpatta,apartment,rent,semi-furnished,2,1216,2,11,4,7,9,0,44700
Hinjewadi,villa,rent,semi-furnished,4,3412,4,5,1,2,3,1,467300
Wagholi,studio,sale,semi-furnished,1,603,1,22,3,3,6,0,1992700
Viman Nagar,apartment,sale,fully-furnished,1,723,1,31,6,16,17,1,8347400
Kondhwa,apartment,sale,unfurnished,2,1241,2,27,2,2,2,0,5382200
Wakad,house,sale,unfurnished,4,1614,4,4,3,3,13,1,14289700
Bavdhan,house,rent,semi-furnished,2,1223,2,19,4,0,3,0,38900
Wagholi,villa,rent,semi-furnished,1,3493,1,31,5,5,12,0,393500
Hinjewadi,villa,sale,unfurnished,2,2687,2,30,1,0,7,1,15515900
Baner,apartment,sale,semi-furnished,1,541,1,2,5,10,13,1,5437700
Baner,studio,rent,semi-furnished,1,550,1,17,5,2,14,1,17600
Kothrud,house,sale,fully-furnished,2,1010,2,6,4,8,18,1,14380900
Baner,apartment,rent,semi-furnished,1,746,1,12,5,1,12,1,32100
Shivajinagar,studio,sale,semi-furnished,1,542,1,6,8,9,9,1,7553900
Aundh,studio,rent,fully-furnished,1,562,1,2,7,5,10,1,29600
Bavdhan,apartment,sale,semi-furnished,1,575,1,9,0,6,8,0,4036400
Balewadi,apartment,rent,unfurnished,1,630,1,9,7,4,5,0,30200
Baner,villa,sale,semi-furnished,3,2557,3,11,5,1,10,1,41421400
Kharadi,studio,rent,fully-furnished,1,592,1,27,6,5,5,1,20700
Hinjewadi,house,sale,semi-furnished,2,896,2,0,4,15,18,1,8295500
Kothrud,house,rent,fully-furnished,5,1901,5,31,7,1,9,1,240100
Balewadi,studio,sale,unfurnished,1,466,1,15,3,0,10,0,3203500
Hinjewadi,studio,rent,semi-furnished,1,342,1,30,3,6,7,1,17200
Viman Nagar,apartment,sale,unfurnished,3,1478,3,19,7,14,14,1,16751700
Baner,apartment,sale,semi-furnished,2,1021,2,5,2,3,9,1,9444200
Pashan,apartment,sale,semi-furnished,1,841,1,14,5,5,11,0,5656800
Wanowrie,plot,sale,unfurnished,0,1124,1,25,4,0,1,0,3947200
Koregaon Park,house,sale,semi-furnished,2,1009,2,23,3,0,7,0,10041100
Viman Nagar,apartment,rent,unfurnished,3,1235,3,19,7,0,9,1,96700
Pimple Saudagar,apartment,rent,unfurnished,2,1167,2,12,0,9,14,0,34000
Pimple Saudagar,apartment,rent,fully-furnished,2,1172,2,14,0,4,4,0,36700
Kharadi,apartment,rent,fully-furnished,4,1490,4,3,5,1,2,1,140600
Baner,apartment,sale,unfurnished,4,1416,4,3,1,5,8,1,15229600
Magarpatta,apartment,rent,semi-furnished,1,652,1,21,6,1,2,0,21000
Kharadi,studio,sale,semi-furnished,1,318,1,29,6,2,9,1,2559200
Baner,apartment,sale,semi-furnished,2,1004,2,30,5,3,9,1,6032100
Chinchwad,commercial,rent,unfurnished,0,491,1,10,1,0,1,0,53600
Baner,apartment,sale,fully-furnished,3,1180,3,31,6,6,17,1,13080700
Boat Club Road,plot,sale,semi-furnished,0,4352,1,20,8,0,1,0,34165800
Hadapsar,house,sale,fully-furnished,2,759,2,16,3,8,10,0,5450800
Pimpri,house,rent,semi-furnished,2,1274,2,12,2,14,14,0,30900
Baner,apartment,rent,unfurnished,3,1033,3,26,4,6,10,1,56700
Magarpatta,apartment,rent,unfurnished,2,876,2,15,5,15,17,0,32700
Viman Nagar,apartment,sale,semi-furnished,2,1018,2,18,6,1,10,1,10182400
Koregaon Park,studio,sale,fully-furnished,1,415,1,13,10,0,9,0,6709100
Kothrud,apartment,sale,unfurnished,4,1905,4,25,7,7,17,1,16231500
Wagholi,villa,rent,semi-furnished,2,2856,2,14,1,1,5,0,374700
Baner,apartment,rent,unfurnished,1,567,1,1,4,0,15,1,20000
Viman Nagar,apartment,sale,unfurnished,2,915,2,27,5,12,12,1,7157400
Aundh,apartment,sale,semi-furnished,2,1104,2,27,8,9,21,1,8104400
Hinjewadi,studio,rent,semi-furnished,1,449,1,28,3,3,7,1,16600
Kothrud,house,sale,semi-furnished,2,1205,2,15,5,6,6,1,10692700
Viman Nagar,plot,rent,fully-furnished,0,3481,1,20,9,0,1,1,178500
Wakad,apartment,rent,fully-furnished,2,928,2,6,2,3,5,1,41600
Pimpri,apartment,sale,unfurnished,3,1123,3,2,3,3,10,0,6779500
Pimple Saudagar,apartment,sale,semi-furnished,2,1220,2,27,1,2,10,0,5738400
Kharadi,plot,rent,unfurnished,0,4350,1,11,5,0,1,1,116100
Balewadi,plot,rent,fully-furnished,0,1406,1,27,3,0,1,0,79200
Undri,apartment,sale,semi-furnished,2,711,2,16,2,13,15,0,4093000
Chinchwad,apartment,rent,unfurnished,2,753,2,9,0,2,5,0,18000
Kothrud,apartment,rent,fully-furnished,2,853,2,16,3,8,12,1,52100
Chinchwad,apartment,rent,fully-furnished,4,1660,4,19,4,7,12,0,108400
Aundh,commercial,sale,unfurnished,0,1709,1,20,5,0,1,1,10834100
Baner,house,sale,unfurnished,3,1330,3,18,2,0,3,1,10365700
Pimple Saudagar,apartment,sale,unfurnished,2,1110,2,30,2,0,17,0,5054700
Kothrud,house,sale,semi-furnished,2,676,2,24,5,4,4,1,5273600
Kothrud,apartment,sale,fully-furnished,3,1384,3,31,5,10,11,1,12907800
Kharadi,apartment,sale,fully-furnished,3,1188,3,31,9,5,13,1,9804100
Hinjewadi,plot,rent,unfurnished,0,3962,1,18,0,0,1,1,110100
Pimple Saudagar,plot,sale,semi-furnished,0,2020,1,19,4,0,1,0,9076900
Pimpri,house,sale,fully-furnished,5,2079,5,1,0,2,2,0,22356800
Viman Nagar,apartment,sale,semi-furnished,3,1421,3,14,8,5,13,1,13667600
Pisoli,studio,rent,fully-furnished,1,569,1,7,2,14,17,0,21700
Pisoli,apartment,sale,semi-furnished,4,1603,4,8,1,7,8,0,11717500
Pimple Saudagar,apartment,sale,semi-furnished,2,948,2,6,4,3,11,0,8193200
Wakad,apartment,sale,semi-furnished,4,1379,4,29,8,2,8,1,11383000
Kondhwa,apartment,sale,unfurnished,3,1349,3,16,3,3,10,0,8144100
Hinjewadi,studio,rent,unfurnished,1,368,1,8,5,7,19,1,13500
Pimpri,apartment,sale,fully-furnished,3,1427,3,26,0,0,10,0,7842300
Kharadi,plot,sale,fully-furnished,0,3348,1,6,5,0,1,1,23189700
Chinchwad,plot,sale,semi-furnished,0,2596,1,26,0,0,1,0,5281000
Wakad,apartment,rent,fully-furnished,4,1805,4,6,1,1,3,1,151700
Pashan,studio,rent,fully-furnished,1,467,1,19,10,6,12,0,18700
Koregaon Park,apartment,sale,semi-furnished,4,1901,4,19,2,2,2,0,26809500
Kharadi,apartment,sale,unfurnished,2,1033,2,18,7,6,10,1,7711500
Wagholi,house,sale,fully-furnished,2,914,2,28,1,1,13,0,3766800
Koregaon Park,apartment,sale,unfurnished,2,1093,2,11,6,11,15,0,14383200
Hinjewadi,apartment,sale,semi-furnished,3,977,3,24,2,2,5,1,6614400
Viman Nagar,apartment,sale,semi-furnished,2,801,2,0,10,2,9,1,10688700
Wakad,apartment,sale,fully-furnished,2,1083,2,7,3,2,5,1,10090600
Baner,studio,sale,unfurnished,1,513,1,12,3,2,4,1,4818700
Chinchwad,apartment,rent,semi-furnished,4,1809,4,22,4,1,11,0,91000
Pashan,commercial,sale,fully-furnished,0,5163,1,27,7,0,1,0,47550000
Undri,apartment,sale,fully-furnished,1,661,1,13,4,5,12,0,3741500
Kothrud,house,sale,fully-furnished,5,1990,5,11,4,2,2,1,35809300
Kothrud,studio,rent,semi-furnished,1,468,1,21,3,10,19,1,17100
Koregaon Park,apartment,rent,fully-furnished,4,1775,4,31,5,4,8,0,238200
Wakad,studio,sale,unfurnished,1,535,1,19,5,5,16,1,3654700
Camp,apartment,sale,fully-furnished,3,1501,3,9,4,2,2,0,19045600
Pashan,apartment,sale,unfurnished,2,871,2,0,5,3,3,0,7924100
Hinjewadi,apartment,sale,unfurnished,3,1552,3,2,4,3,5,1,13773100
Aundh,apartment,sale,unfurnished,2,1137,2,15,7,6,8,1,10969100
Baner,apartment,sale,unfurnished,2,870,2,11,5,1,11,1,6229400
Hinjewadi,apartment,rent,semi-furnished,2,1007,2,21,3,12,12,1,37900
Magarpatta,house,rent,unfurnished,2,1008,2,27,4,2,13,0,51000
Bavdhan,apartment,rent,unfurnished,5,1828,5,3,0,3,4,0,147500
Wakad,apartment,rent,semi-furnished,2,1029,2,6,5,4,9,1,34800
Pimple Saudagar,apartment,sale,unfurnished,5,2026,5,14,5,2,8,0,16482600
Balewadi,villa,rent,fully-furnished,5,3000,5,11,3,2,6,0,668200
Bavdhan,apartment,rent,unfurnished,2,1380,2,5,5,1,2,0,35900
Viman Nagar,commercial,rent,semi-furnished,0,2726,1,17,4,0,1,1,218100
Wakad,apartment,rent,unfurnished,2,1048,2,9,7,4,7,1,41400
Wakad,apartment,sale,semi-furnished,2,1064,2,10,5,10,11,1,9207000
Aundh,commercial,sale,semi-furnished,0,2593,1,3,3,0,1,1,48092600
Chinchwad,apartment,rent,unfurnished,1,443,1,11,4,2,2,0,7100
Kothrud,commercial,rent,semi-furnished,0,5397,1,24,2,0,1,1,455900
Baner,plot,rent,fully-furnished,0,2393,1,1,1,0,1,1,58100
Pisoli,apartment,rent,unfurnished,4,1576,4,28,5,0,14,0,73600
Wakad,house,rent,semi-furnished,4,1846,4,21,6,6,14,1,138500
Kothrud,commercial,rent,fully-furnished,0,1660,1,15,4,0,1,1,265300
Viman Nagar,commercial,rent,fully-furnished,0,5190,1,16,6,0,1,1,552600
Aundh,apartment,rent,unfurnished,1,641,1,26,4,3,12,1,16800
Pimple Saudagar,apartment,sale,fully-furnished,3,1303,3,7,3,6,6,0,14574500
Chinchwad,plot,rent,semi-furnished,0,2294,1,27,5,0,1,0,62100
Kondhwa,villa,rent,fully-furnished,3,3232,3,7,1,8,14,0,268700
Viman Nagar,studio,sale,semi-furnished,1,512,1,29,10,10,13,1,5516500
Koregaon Park,house,sale,semi-furnished,2,775,2,12,5,1,15,0,9614100
Pimple Saudagar,studio,sale,unfurnished,1,557,1,0,0,4,6,0,3546900
Baner,apartment,sale,unfurnished,1,450,1,8,6,8,8,1,3637300
Pashan,plot,sale,fully-furnished,0,3308,1,20,0,0,1,0,18824300
Pashan,apartment,sale,semi-furnished,3,1128,3,24,5,4,9,0,8819900
Wakad,apartment,sale,fully-furnished,4,1622,4,4,4,0,5,1,20826100
Chinchwad,commercial,rent,semi-furnished,0,1465,1,8,2,0,1,0,105600
Koregaon Park,apartment,sale,fully-furnished,3,1560,3,28,7,12,12,0,24147200
Wagholi,apartment,sale,fully-furnished,2,772,2,13,2,5,17,0,3761200
Wagholi,studio,rent,unfurnished,1,477,1,3,5,0,6,0,16100
Wagholi,apartment,rent,semi-furnished,3,1192,3,5,0,6,15,0,39300
Shivajinagar,house,sale,unfurnished,3,1068,3,31,8,5,21,1,8166800
Viman Nagar,apartment,rent,unfurnished,4,1923,4,15,7,4,7,1,163800
Koregaon Park,apartment,rent,unfurnished,2,1251,2,14,5,7,8,0,54200
Kharadi,villa,rent,unfurnished,3,2662,3,7,2,2,9,1,322000
Kothrud,apartment,sale,semi-furnished,4,1610,4,1,3,1,6,1,20455600
Boat Club Road,apartment,sale,semi-furnished,1,783,1,21,6,1,7,0,6148800
Viman Nagar,villa,sale,unfurnished,3,3326,3,10,6,1,3,1,41783600
Viman Nagar,commercial,rent,fully-furnished,0,1688,1,23,6,0,1,1,138500
Kondhwa,villa,sale,fully-furnished,3,2589,3,24,1,7,10,0,13170000
Viman Nagar,apartment,sale,unfurnished,3,1145,3,9,5,7,13,1,9961000
Balewadi,apartment,sale,semi-furnished,3,1568,3,6,6,1,6,0,15408700
Kalyani Nagar,studio,sale,semi-furnished,1,441,1,24,7,7,11,0,4493800
Baner,apartment,rent,semi-furnished,2,847,2,16,5,5,5,1,36100
Pimple Saudagar,apartment,sale,semi-furnished,2,1180,2,17,1,10,16,0,7861300
Camp,villa,sale,unfurnished,3,2616,3,7,3,12,12,0,30688100
Baner,apartment,sale,semi-furnished,4,1692,4,14,5,2,3,1,25056300
Magarpatta,apartment,sale,unfurnished,2,762,2,7,3,16,16,0,6269100
Pimpri,apartment,sale,fully-furnished,3,1013,3,5,2,7,7,0,9537800
Kharadi,plot,sale,fully-furnished,0,677,1,17,2,0,1,1,3830100
Pisoli,apartment,sale,semi-furnished,5,1700,5,29,1,0,4,0,7736800
Baner,apartment,rent,unfurnished,3,1484,3,18,3,16,18,1,72000
Bavdhan,villa,sale,semi-furnished,3,2545,3,28,0,6,10,0,18583500
Kothrud,plot,sale,unfurnished,0,1679,1,30,4,0,1,1,9507800
Baner,apartment,sale,fully-furnished,2,914,2,23,6,6,13,1,9030800
Magarpatta,apartment,sale,semi-furnished,2,1272,2,18,7,2,2,0,10945300
Magarpatta,house,sale,semi-furnished,2,966,2,20,3,6,8,0,7930300
Pashan,studio,rent,semi-furnished,1,543,1,17,5,1,5,0,12500
Pimpri,studio,rent,unfurnished,1,312,1,7,5,2,11,0,12100
Viman Nagar,apartment,rent,semi-furnished,3,1393,3,17,8,0,11,1,108300
Pisoli,house,sale,semi-furnished,3,1051,3,26,3,9,13,0,5471900
Baner,commercial,rent,fully-furnished,0,1447,1,31,5,0,1,1,182400
Chinchwad,apartment,sale,unfurnished,4,1641,4,23,3,6,13,0,7790600
Chinchwad,house,sale,fully-furnished,3,1396,3,15,3,13,13,0,9025900
Undri,studio,rent,semi-furnished,1,386,1,5,1,12,12,0,12400
Wakad,commercial,sale,semi-furnished,0,5817,1,13,5,0,1,1,73216200
Viman Nagar,house,rent,unfurnished,2,1013,2,31,7,3,5,1,57900
Baner,apartment,rent,unfurnished,1,661,1,15,2,12,13,1,19900
Wakad,apartment,rent,semi-furnished,1,813,1,31,5,0,6,1,14200
Shivajinagar,apartment,sale,semi-furnished,4,1856,4,14,10,2,7,1,24676900
Baner,studio,sale,unfurnished,1,439,1,7,7,6,7,1,5181900
Balewadi,studio,sale,semi-furnished,1,300,1,7,5,0,11,0,2748700
Shivajinagar,apartment,sale,fully-furnished,3,1274,3,5,6,9,11,1,20867800
Baner,apartment,rent,semi-furnished,2,1131,2,22,4,10,16,1,44500
Pimple Saudagar,apartment,sale,semi-furnished,4,1817,4,12,4,0,7,0,16679400
Kalyani Nagar,apartment,rent,semi-furnished,2,870,2,13,8,8,12,0,58100
Chinchwad,apartment,rent,fully-furnished,2,1140,2,31,8,0,9,0,31400
Hadapsar,apartment,rent,semi-furnished,3,1187,3,1,4,7,8,0,35200
Baner,apartment,sale,semi-furnished,3,1473,3,15,6,12,15,1,18066500
Aundh,house,rent,semi-furnished,2,865,2,0,5,12,14,1,25000
Aundh,commercial,rent,fully-furnished,0,5670,1,29,4,0,1,1,878600
Boat Club Road,apartment,rent,semi-furnished,4,1657,4,28,8,7,20,0,241400
Hinjewadi,apartment,rent,semi-furnished,2,878,2,24,1,4,9,1,32500
Koregaon Park,commercial,rent,semi-furnished,0,5082,1,6,6,0,1,0,279900
Wakad,villa,rent,semi-furnished,2,2018,2,3,3,0,2,1,319600
Bavdhan,apartment,rent,semi-furnished,4,1601,4,21,6,0,10,0,105400
Kondhwa,studio,sale,semi-furnished,1,463,1,25,1,4,7,0,2270900
Kothrud,apartment,rent,semi-furnished,2,1294,2,27,5,4,8,1,50400
Pimpri,apartment,sale,semi-furnished,3,1234,3,1,5,9,11,0,11786400
Shivajinagar,commercial,sale,semi-furnished,0,3293,1,0,7,0,1,1,20957200
Shivajinagar,house,sale,unfurnished,3,1490,3,8,9,13,14,1,23134200
Magarpatta,plot,sale,semi-furnished,0,4194,1,8,7,0,1,0,32637900
Hadapsar,commercial,sale,unfurnished,0,3259,1,20,4,0,1,0,7519700
Kalyani Nagar,apartment,sale,unfurnished,2,1349,2,2,7,2,6,0,17003300
Kharadi,apartment,sale,unfurnished,1,757,1,16,5,15,16,1,5799400
Undri,apartment,rent,fully-furnished,2,1226,2,11,2,1,13,0,29000
Hinjewadi,studio,sale,unfurnished,1,526,1,31,0,1,3,1,2458600
Magarpatta,apartment,sale,semi-furnished,1,644,1,10,6,7,14,0,5616800
Hinjewadi,plot,sale,fully-furnished,0,1417,1,29,4,0,1,1,8290000
Hadapsar,plot,sale,fully-furnished,0,928,1,8,3,0,1,0,5734500
Hadapsar,house,sale,fully-furnished,3,1150,3,16,1,7,18,0,6805000
Kothrud,apartment,rent,semi-furnished,2,969,2,13,5,7,13,1,41000
Hinjewadi,apartment,rent,fully-furnished,2,779,2,30,1,12,15,1,31200
Koregaon Park,plot,rent,fully-furnished,0,3071,1,29,6,0,1,0,166900
Viman Nagar,villa,sale,semi-furnished,2,2729,2,15,6,1,12,1,35859300
Kharadi,apartment,rent,unfurnished,2,715,2,27,5,5,5,1,23700
Koregaon Park,apartment,rent,unfurnished,2,988,2,14,7,7,17,0,76800
Chinchwad,apartment,sale,fully-furnished,4,1833,4,7,2,0,11,0,14877400
Magarpatta,plot,rent,semi-furnished,0,1980,1,8,5,0,1,0,64300
Aundh,apartment,sale,fully-furnished,1,1133,1,20,3,6,14,1,9102600
Wakad,apartment,rent,semi-furnished,2,690,2,15,5,2,11,1,32500
Undri,plot,sale,unfurnished,0,4293,1,12,0,0,1,0,12617000
Baner,apartment,sale,unfurnished,3,1567,3,2,2,7,11,1,15629900
Balewadi,apartment,rent,fully-furnished,3,1426,3,15,7,5,9,0,100200
Bavdhan,commercial,rent,fully-furnished,0,313,1,4,2,0,1,0,45300
Kharadi,apartment,sale,unfurnished,3,1346,3,17,2,5,11,1,7312700
Balewadi,apartment,rent,unfurnished,2,1227,2,21,5,1,11,0,34400
Wakad,villa,sale,semi-furnished,2,1950,2,18,6,4,12,1,15383100
Chinchwad,apartment,rent,fully-furnished,2,725,2,29,1,0,2,0,21000
Bavdhan,house,rent,semi-furnished,3,1715,3,0,3,2,2,0,75800
Wakad,house,rent,fully-furnished,2,1207,2,5,7,10,10,1,69000
Wanowrie,commercial,sale,unfurnished,0,3731,1,13,4,0,1,0,22359900
Kalyani Nagar,plot,rent,unfurnished,0,3287,1,12,8,0,1,0,116500
Hinjewadi,villa,sale,unfurnished,4,3428,4,13,3,2,13,1,30838800
Aundh,villa,sale,unfurnished,2,1922,2,8,7,8,8,1,30185900
Kothrud,apartment,sale,fully-furnished,3,1279,3,7,4,10,10,1,17654100
Aundh,house,rent,unfurnished,3,1254,3,11,8,11,12,1,90700
Wakad,apartment,sale,semi-furnished,3,1355,3,25,3,12,12,1,8997300
Pashan,villa,sale,unfurnished,3,1876,3,18,5,0,6,0,16998600
Hinjewadi,apartment,sale,semi-furnished,5,1763,5,0,2,0,11,1,17724200
Baner,plot,sale,fully-furnished,0,1863,1,29,2,0,1,1,13796400
Balewadi,villa,sale,semi-furnished,1,2276,1,31,4,7,8,0,19334600
Viman Nagar,house,sale,unfurnished,2,1251,2,23,6,5,11,1,10274100
Pimple Saudagar,studio,rent,semi-furnished,1,800,1,23,5,1,4,0,25900
Wagholi,apartment,sale,semi-furnished,3,1398,3,7,0,5,7,0,8135500
Hinjewadi,apartment,sale,semi-furnished,1,599,1,13,6,1,15,1,3479900
Pashan,studio,sale,semi-furnished,1,543,1,9,6,6,10,0,4779700
Wagholi,apartment,rent,semi-furnished,2,1053,2,29,2,11,17,0,27200
Baner,apartment,sale,unfurnished,1,466,1,25,4,0,4,1,3740000
Kharadi,apartment,sale,semi-furnished,4,1614,4,24,4,7,8,1,15350700
Hinjewadi,apartment,sale,semi-furnished,3,1458,3,9,1,1,8,1,12596100
Baner,apartment,sale,semi-furnished,3,1577,3,18,4,8,14,1,14650500
Kalyani Nagar,commercial,rent,fully-furnished,0,1679,1,12,8,0,1,0,190900
Pimpri,apartment,sale,semi-furnished,3,1446,3,20,3,10,11,0,7682600
Wagholi,apartment,sale,semi-furnished,2,830,2,7,5,0,3,0,4119500
Baner,house,rent,semi-furnished,3,1517,3,18,6,16,19,1,85800
Hadapsar,apartment,rent,fully-furnished,1,475,1,15,5,5,12,0,14800
Pimple Saudagar,apartment,rent,semi-furnished,4,1539,4,3,2,12,26,0,112300
Aundh,apartment,sale,semi-furnished,4,1350,4,0,8,5,7,1,20200900
Wanowrie,apartment,sale,semi-furnished,4,1444,4,0,4,6,6,0,15323000
Bavdhan,house,sale,semi-furnished,3,1418,3,22,1,6,10,0,9350600
Pimpri,apartment,sale,unfurnished,3,1249,3,26,0,10,13,0,4994100
Baner,apartment,rent,fully-furnished,2,835,2,6,6,0,12,1,46700
Pisoli,apartment,rent,unfurnished,3,1357,3,7,3,3,7,0,54200
Magarpatta,studio,rent,fully-furnished,1,401,1,1,5,1,7,0,17000
Pashan,apartment,rent,fully-furnished,2,787,2,13,5,4,9,0,32500
Hadapsar,apartment,sale,unfurnished,2,1130,2,4,3,2,6,0,6455000
Shivajinagar,apartment,sale,unfurnished,2,1107,2,6,3,0,2,1,10357200
Pisoli,apartment,sale,unfurnished,2,1046,2,17,2,11,12,0,4209900
Shivajinagar,plot,sale,unfurnished,0,3238,1,19,5,0,1,1,21623000
Wakad,apartment,sale,semi-furnished,3,1174,3,1,4,10,13,1,10908400
Balewadi,villa,rent,unfurnished,2,2044,2,0,2,2,5,0,386100
Kharadi,commercial,sale,semi-furnished,0,1965,1,26,6,0,1,1,21205900
Hadapsar,apartment,sale,unfurnished,2,1078,2,17,2,5,10,0,5287300
Wakad,apartment,sale,semi-furnished,1,545,1,20,8,1,12,1,3985600
Viman Nagar,apartment,sale,semi-furnished,3,1300,3,30,7,5,7,1,13927200
Aundh,apartment,rent,semi-furnished,2,927,2,26,3,1,3,1,21500
Koregaon Park,house,rent,unfurnished,2,975,2,7,4,2,7,0,53400
Aundh,apartment,sale,semi-furnished,2,962,2,15,3,9,11,1,7386200
Pisoli,studio,sale,semi-furnished,1,607,1,16,1,0,7,0,2136500
Koregaon Park,house,sale,semi-furnished,4,1553,4,24,6,3,4,0,22407900
Aundh,apartment,rent,fully-furnished,2,1336,2,23,3,5,12,1,68500
Hinjewadi,apartment,sale,unfurnished,4,1851,4,17,2,7,7,1,15614000
Hadapsar,villa,sale,semi-furnished,1,2628,1,22,3,16,16,0,19275600
Aundh,apartment,sale,semi-furnished,1,894,1,6,5,0,3,1,8507600
Aundh,plot,sale,fully-furnished,0,4307,1,17,3,0,1,1,34069800
Baner,villa,sale,fully-furnished,3,2725,3,16,2,1,2,1,32427300
Aundh,apartment,sale,semi-furnished,2,990,2,7,5,0,10,1,8656900
Pisoli,apartment,sale,semi-furnished,2,1243,2,24,4,1,2,0,4774200
Pashan,house,sale,semi-furnished,2,1153,2,26,0,1,14,0,6295800
Kothrud,apartment,sale,unfurnished,4,1412,4,31,1,7,11,1,10352500
Chinchwad,apartment,rent,semi-furnished,2,1083,2,2,4,6,8,0,24700
Wakad,plot,rent,unfurnished,0,1299,1,7,6,0,1,1,43700
Kharadi,apartment,rent,fully-furnished,2,1135,2,21,6,14,15,1,48500
Wakad,apartment,rent,unfurnished,4,1761,4,13,5,0,8,1,129800
Pimple Saudagar,apartment,sale,unfurnished,5,1956,5,9,3,11,11,0,21268300
Kalyani Nagar,house,rent,semi-furnished,4,1439,4,2,6,6,9,0,168800
Boat Club Road,villa,sale,semi-furnished,3,2820,3,21,8,10,14,0,57017400
Wakad,apartment,rent,fully-furnished,3,1079,3,27,7,4,12,1,82500
Baner,apartment,sale,fully-furnished,1,811,1,15,2,2,7,1,6579800
Hadapsar,apartment,sale,unfurnished,1,918,1,10,2,5,14,0,4280700
Aundh,apartment,sale,fully-furnished,3,1293,3,9,7,8,10,1,19128400
Kothrud,apartment,sale,semi-furnished,3,1266,3,15,4,1,13,1,12323100
Bavdhan,plot,rent,unfurnished,0,1973,1,30,2,0,1,0,69800
Undri,apartment,sale,semi-furnished,2,1260,2,26,6,10,21,0,5349300
Hinjewadi,apartment,rent,fully-furnished,5,1952,5,30,3,3,5,1,254500
Hinjewadi,apartment,sale,semi-furnished,1,807,1,9,3,11,22,1,6327300
Wakad,apartment,rent,semi-furnished,2,871,2,1,6,4,9,1,30900
Pimpri,apartment,sale,semi-furnished,1,736,1,31,1,8,13,0,2926900
Undri,apartment,sale,fully-furnished,3,1202,3,20,4,1,10,0,7494900
Wakad,commercial,sale,unfurnished,0,4856,1,0,7,0,1,1,38189300
Pimpri,villa,sale,semi-furnished,2,3127,2,13,1,1,7,0,15949000
Pimple Saudagar,apartment,rent,fully-furnished,3,1240,3,26,1,6,12,0,64900
Koregaon Park,apartment,rent,semi-furnished,3,1257,3,5,8,2,9,0,121700
Undri,apartment,sale,fully-furnished,4,1541,4,20,4,5,5,0,11097800
Hadapsar,apartment,sale,unfurnished,2,988,2,31,3,8,14,0,5391800
Hadapsar,apartment,rent,unfurnished,2,944,2,29,2,3,8,0,16900
Viman Nagar,commercial,rent,unfurnished,0,5834,1,20,5,0,1,1,742900
Kothrud,plot,sale,semi-furnished,0,1193,1,3,5,0,1,1,6103500
Pimple Saudagar,apartment,rent,semi-furnished,2,1071,2,18,0,3,4,0,19100
Kondhwa,house,sale,semi-furnished,2,876,2,24,2,0,5,0,4312700
Magarpatta,apartment,sale,semi-furnished,3,1309,3,19,5,0,8,0,10650800
Pashan,house,rent,unfurnished,3,1062,3,27,8,0,10,0,51700
Bavdhan,villa,rent,semi-furnished,5,2256,5,17,3,14,15,0,248100
Pashan,commercial,sale,unfurnished,0,5943,1,0,5,0,1,0,79789500
Koregaon Park,apartment,sale,semi-furnished,3,1634,3,13,5,1,6,0,23238800
Balewadi,apartment,sale,fully-furnished,2,1002,2,6,4,11,12,0,10266700
Koregaon Park,commercial,rent,semi-furnished,0,3859,1,10,7,0,1,0,332600
Aundh,villa,sale,semi-furnished,3,2954,3,2,5,11,15,1,52976600
Hadapsar,studio,sale,fully-furnished,1,532,1,27,4,0,4,0,2418300
Pimple Saudagar,house,rent,semi-furnished,3,1354,3,6,1,10,13,0,63100
Kharadi,villa,sale,fully-furnished,3,3436,3,17,7,1,4,1,38433200
Baner,apartment,sale,semi-furnished,4,1805,4,3,3,1,11,1,24665000
Kothrud,commercial,sale,semi-furnished,0,1216,1,3,7,0,1,1,8868000
Bavdhan,villa,rent,fully-furnished,4,2738,4,16,6,10,11,0,182100
Kalyani Nagar,plot,rent,unfurnished,0,3488,1,9,9,0,1,0,202900
Hinjewadi,apartment,rent,fully-furnished,2,1076,2,1,3,3,4,1,42000
Kharadi,apartment,rent,semi-furnished,3,1086,3,8,6,4,10,1,60400
Wagholi,apartment,rent,semi-furnished,3,1596,3,9,3,0,3,0,50400
Pimpri,apartment,rent,semi-furnished,1,694,1,0,1,1,8,0,13500
Wagholi,apartment,rent,semi-furnished,2,1069,2,5,7,1,8,0,34000
Koregaon Park,house,sale,fully-furnished,2,1188,2,5,10,6,12,0,18888100
Viman Nagar,apartment,rent,semi-furnished,2,1131,2,24,9,16,21,1,56700
Pimple Saudagar,villa,sale,semi-furnished,3,2876,3,23,1,7,9,0,19400100
Baner,apartment,rent,semi-furnished,3,1279,3,9,3,10,10,1,69500
Camp,apartment,sale,semi-furnished,2,793,2,8,2,1,14,0,7490700
Wakad,studio,sale,fully-furnished,1,414,1,10,4,2,11,1,3456600
Pimpri,apartment,rent,unfurnished,2,688,2,7,2,6,8,0,20700
Kalyani Nagar,studio,rent,semi-furnished,1,500,1,13,6,5,8,0,37500
Baner,plot,sale,fully-furnished,0,4934,1,19,6,0,1,1,29277900
Camp,plot,sale,semi-furnished,0,4414,1,23,2,0,1,0,28591200
Kothrud,apartment,sale,fully-furnished,2,1013,2,19,7,0,2,1,10477400
Undri,apartment,rent,unfurnished,1,654,1,30,3,0,10,0,4500
Kharadi,apartment,sale,semi-furnished,1,998,1,16,1,7,7,1,8709900
Bavdhan,house,sale,unfurnished,4,1675,4,20,3,1,12,0,10456100
Undri,apartment,sale,fully-furnished,2,816,2,15,3,5,13,0,5446000
Aundh,apartment,sale,fully-furnished,2,1211,2,5,4,15,15,1,18490300
Pimpri,commercial,rent,unfurnished,0,4433,1,24,3,0,1,0,319400
Kothrud,apartment,rent,fully-furnished,2,946,2,24,7,13,13,1,49600
Wakad,apartment,sale,unfurnished,3,1043,3,13,2,3,3,1,9135500
Baner,studio,rent,semi-furnished,1,396,1,29,2,4,11,1,15100
Hinjewadi,studio,sale,unfurnished,1,428,1,20,1,9,13,1,2467900
Magarpatta,apartment,sale,unfurnished,2,948,2,11,9,1,16,0,6437700
Baner,apartment,rent,unfurnished,2,862,2,7,5,1,3,1,30000
Magarpatta,apartment,rent,semi-furnished,1,499,1,27,7,8,8,0,21800
Undri,apartment,rent,semi-furnished,2,999,2,29,6,5,7,0,23500
Chinchwad,apartment,rent,semi-furnished,2,885,2,2,5,3,11,0,29600
Kondhwa,apartment,rent,fully-furnished,2,1177,2,12,3,8,8,0,37400
Viman Nagar,apartment,rent,fully-furnished,2,1062,2,15,7,7,8,1,50600
Hadapsar,apartment,rent,unfurnished,3,1401,3,18,5,8,11,0,44100
Aundh,apartment,rent,unfurnished,2,1280,2,8,0,0,8,1,45200
Baner,apartment,rent,semi-furnished,2,573,2,8,2,12,19,1,30600
Kothrud,apartment,rent,fully-furnished,3,1243,3,14,7,2,4,1,93000
Kharadi,commercial,rent,semi-furnished,0,1963,1,22,7,0,1,1,262600
Chinchwad,house,rent,semi-furnished,2,1018,2,25,3,0,5,0,21000
Hinjewadi,apartment,sale,unfurnished,3,1408,3,17,0,1,5,1,7871900
Kondhwa,apartment,rent,semi-furnished,1,740,1,26,5,7,9,0,17200
Kondhwa,apartment,sale,semi-furnished,1,746,1,30,1,13,16,0,3266200
Hinjewadi,apartment,sale,semi-furnished,3,1695,3,25,0,5,8,1,10572400
Kalyani Nagar,commercial,sale,fully-furnished,0,2509,1,21,7,0,1,0,30858600
Viman Nagar,apartment,sale,unfurnished,4,1782,4,7,8,1,5,1,22287900
Viman Nagar,house,rent,semi-furnished,3,1457,3,1,8,6,6,1,91800
Pimpri,apartment,rent,semi-furnished,2,909,2,27,3,4,8,0,27500
Wakad,apartment,sale,unfurnished,2,1031,2,5,2,1,7,1,8093100
Magarpatta,house,rent,unfurnished,3,1339,3,22,3,4,13,0,57300
Aundh,plot,rent,fully-furnished,0,4487,1,26,3,0,1,1,174200
Bavdhan,apartment,rent,fully-furnished,4,1700,4,27,1,0,20,0,140100
Baner,apartment,sale,fully-furnished,3,1309,3,8,4,7,14,1,14638100
Pimpri,apartment,sale,semi-furnished,2,817,2,8,5,3,16,0,5458400
Kharadi,studio,rent,unfurnished,1,486,1,25,4,12,12,1,28300
Magarpatta,apartment,rent,semi-furnished,2,913,2,11,5,3,10,0,34200
Pisoli,studio,sale,fully-furnished,1,505,1,11,0,1,3,0,2835000
Viman Nagar,villa,sale,semi-furnished,2,3265,2,14,4,5,10,1,44201400
Hinjewadi,apartment,sale,unfurnished,3,1416,3,23,1,3,6,1,7075800
Koregaon Park,apartment,rent,fully-furnished,3,1590,3,17,10,7,7,0,158600
Hinjewadi,apartment,rent,unfurnished,3,1202,3,15,0,4,11,1,45300
Wanowrie,villa,rent,semi-furnished,5,3905,5,20,5,1,7,0,776700
Hadapsar,villa,rent,fully-furnished,5,1583,5,7,2,16,19,0,253600
Balewadi,apartment,rent,unfurnished,2,894,2,4,9,3,8,0,28900
Pimpri,apartment,sale,fully-furnished,2,1056,2,25,0,2,4,0,5391100
Koregaon Park,apartment,rent,semi-furnished,2,821,2,22,9,4,18,0,53500
Pashan,house,rent,unfurnished,3,1303,3,10,6,2,2,0,60600
Pimple Saudagar,house,sale,fully-furnished,2,876,2,14,1,10,20,0,5880100
Kharadi,apartment,sale,fully-furnished,4,1638,4,29,3,6,10,1,13934900
Wakad,apartment,sale,unfurnished,3,1467,3,18,4,3,7,1,11175000
Hadapsar,studio,sale,unfurnished,1,332,1,8,2,16,16,0,1901700
Kharadi,villa,rent,fully-furnished,2,2879,2,10,4,5,10,1,659900
Koregaon Park,apartment,rent,fully-furnished,2,1025,2,12,10,0,8,0,86100
Aundh,apartment,sale,semi-furnished,3,1510,3,27,6,1,5,1,14680300
Viman Nagar,plot,rent,unfurnished,0,3299,1,0,5,0,1,1,104800
Baner,villa,sale,unfurnished,3,3437,3,24,4,6,8,1,28830100
Pimple Saudagar,house,rent,semi-furnished,1,610,1,21,6,8,9,0,21000
Viman Nagar,apartment,rent,semi-furnished,3,1248,3,21,8,7,9,1,79900
Wagholi,house,rent,semi-furnished,3,1555,3,12,6,1,6,0,50100
Koregaon Park,commercial,sale,fully-furnished,0,1283,1,23,8,0,1,0,21254500
Viman Nagar,apartment,rent,fully-furnished,3,1339,3,10,5,0,8,1,107800
Camp,apartment,rent,fully-furnished,3,1276,3,18,7,8,26,0,112600
Shivajinagar,apartment,rent,semi-furnished,4,1651,4,1,7,1,8,1,169100
Pimpri,apartment,rent,semi-furnished,4,1605,4,4,2,8,12,0,88400
Wanowrie,apartment,sale,semi-furnished,4,1592,4,2,4,5,8,0,15689600
Pimple Saudagar,plot,sale,unfurnished,0,821,1,16,0,0,1,0,4385700
Viman Nagar,apartment,sale,semi-furnished,2,1063,2,21,9,8,11,1,11814500
Koregaon Park,apartment,sale,unfurnished,3,1234,3,7,8,4,5,0,18925600
Aundh,villa,rent,semi-furnished,4,3149,4,27,6,3,11,1,698200
Koregaon Park,villa,rent,fully-furnished,3,3763,3,4,4,15,15,0,1621900
Boat Club Road,apartment,rent,semi-furnished,1,675,1,19,9,1,9,0,53600
Koregaon Park,studio,sale,unfurnished,1,609,1,1,5,1,5,0,9915600
Baner,studio,sale,fully-furnished,1,418,1,14,7,4,7,1,4670500
Kothrud,apartment,rent,fully-furnished,1,972,1,17,9,9,12,1,42600
Kharadi,apartment,sale,fully-furnished,3,1398,3,13,2,3,19,1,13755000
Boat Club Road,studio,rent,semi-furnished,1,485,1,19,6,11,15,0,33800
Chinchwad,house,sale,fully-furnished,3,1379,3,31,4,1,7,0,8593700
Kharadi,house,sale,semi-furnished,3,937,3,18,3,2,6,1,7301400
Aundh,apartment,sale,unfurnished,3,1157,3,5,2,3,6,1,12437600
Undri,studio,sale,semi-furnished,1,408,1,19,4,5,5,0,1656300
Pashan,plot,rent,unfurnished,0,2976,1,9,6,0,1,0,80700
Baner,commercial,sale,fully-furnished,0,2919,1,21,4,0,1,1,34280400
Pimpri,studio,sale,fully-furnished,1,582,1,6,4,4,17,0,2719900
Pimple Saudagar,house,sale,semi-furnished,1,695,1,0,3,5,7,0,7299100
Balewadi,apartment,rent,semi-furnished,1,658,1,14,7,1,5,0,19400
Chinchwad,house,sale,unfurnished,2,1155,2,7,5,4,9,0,5886700
Undri,apartment,sale,fully-furnished,1,807,1,3,3,5,5,0,6198000
Pimple Saudagar,house,sale,unfurnished,2,1056,2,0,1,0,8,0,7213300
Wakad,house,rent,semi-furnished,3,1404,3,27,5,5,9,1,78200
Koregaon Park,apartment,sale,unfurnished,4,1769,4,26,3,5,12,0,16161900
Shivajinagar,apartment,rent,unfurnished,2,1033,2,13,6,6,19,1,39800
Pashan,villa,rent,semi-furnished,2,2808,2,22,6,1,9,0,279900
Kothrud,villa,rent,unfurnished,1,2991,1,6,2,3,3,1,384300
Shivajinagar,apartment,rent,unfurnished,1,280,1,2,5,3,9,1,12800
Hadapsar,apartment,rent,unfurnished,2,949,2,29,4,3,12,0,27300
Magarpatta,villa,rent,fully-furnished,2,2849,2,18,5,2,4,0,470500
Bavdhan,apartment,rent,unfurnished,2,904,2,15,4,4,5,0,39400
Hinjewadi,apartment,sale,semi-furnished,2,928,2,18,3,1,3,1,5520700
Magarpatta,apartment,sale,fully-furnished,2,740,2,11,6,2,11,0,8260700
Baner,apartment,sale,unfurnished,4,1550,4,13,3,1,2,1,15347000
Hinjewadi,villa,sale,semi-furnished,3,2118,3,13,1,3,14,1,17017700
Magarpatta,commercial,rent,semi-furnished,0,1360,1,24,3,0,1,0,68900
Wakad,villa,sale,unfurnished,4,3669,4,26,4,13,20,1,26654100
Wanowrie,apartment,rent,fully-furnished,2,1008,2,13,3,7,7,0,39900
Pimple Saudagar,villa,sale,semi-furnished,3,1996,3,20,1,2,9,0,17673300
Undri,studio,sale,unfurnished,1,336,1,20,2,3,4,0,1516200
Wanowrie,apartment,sale,semi-furnished,3,1420,3,12,3,7,8,0,9551900
Kothrud,apartment,sale,semi-furnished,2,1118,2,30,2,8,14,1,9274600
Balewadi,apartment,sale,semi-furnished,1,760,1,2,6,0,5,0,5945000
Viman Nagar,house,rent,fully-furnished,2,1096,2,12,9,16,16,1,65600
Hinjewadi,apartment,sale,unfurnished,2,764,2,0,1,5,11,1,7114700
Pisoli,studio,sale,unfurnished,1,490,1,28,2,14,17,0,1500000
Hinjewadi,commercial,sale,fully-furnished,0,3957,1,29,3,0,1,1,19767100
Kothrud,studio,sale,semi-furnished,1,369,1,28,5,6,11,1,3573000
Pashan,commercial,sale,semi-furnished,0,2890,1,14,4,0,1,0,32044400
Bavdhan,villa,sale,unfurnished,1,3001,1,2,0,8,14,0,34960800
Viman Nagar,villa,rent,fully-furnished,4,2986,4,1,8,9,10,1,754900
Viman Nagar,apartment,sale,semi-furnished,2,1140,2,15,6,2,11,1,10857600
Koregaon Park,house,sale,semi-furnished,2,711,2,8,7,2,10,0,10805200
Hinjewadi,apartment,sale,fully-furnished,2,1219,2,19,6,11,15,1,10341100
Hadapsar,apartment,sale,fully-furnished,3,1337,3,2,2,1,7,0,10315600
Viman Nagar,commercial,sale,unfurnished,0,2370,1,4,5,0,1,1,31423900
Koregaon Park,apartment,sale,semi-furnished,1,503,1,3,4,0,11,0,7460900
Hinjewadi,commercial,sale,semi-furnished,0,3347,1,17,5,0,1,1,27194300
Kalyani Nagar,studio,sale,unfurnished,1,475,1,24,5,1,7,0,3910900
Undri,apartment,sale,semi-furnished,3,1318,3,8,0,0,9,0,7928100
Pimple Saudagar,apartment,sale,semi-furnished,4,1627,4,3,3,1,5,0,16075400
Camp,apartment,sale,semi-furnished,2,1042,2,18,5,3,12,0,9203800
Koregaon Park,apartment,rent,unfurnished,1,511,1,5,7,1,2,0,25700
Magarpatta,apartment,rent,fully-furnished,2,1073,2,20,4,12,15,0,50800
Aundh,house,sale,fully-furnished,3,1291,3,6,6,5,7,1,16899300
Baner,apartment,rent,unfurnished,5,2226,5,21,2,9,9,1,253000
Baner,apartment,sale,unfurnished,4,1651,4,27,9,7,8,1,15131900
Koregaon Park,apartment,sale,fully-furnished,3,1109,3,2,4,4,4,0,22106700
Kharadi,apartment,sale,unfurnished,3,1445,3,8,4,0,8,1,10685800
Baner,house,sale,semi-furnished,2,824,2,28,1,11,11,1,6486900
Baner,house,rent,semi-furnished,2,1176,2,23,4,3,10,1,58800
Baner,plot,rent,unfurnished,0,3449,1,8,3,0,1,1,111500
Hinjewadi,house,sale,unfurnished,4,1532,4,18,3,8,11,1,13337900
Magarpatta,apartment,sale,unfurnished,3,1518,3,26,7,0,12,0,10798400
Pimpri,house,rent,unfurnished,2,930,2,1,3,11,15,0,17600
Hinjewadi,apartment,sale,semi-furnished,1,536,1,27,4,0,4,1,3224500
Camp,commercial,rent,fully-furnished,0,447,1,6,3,0,1,0,114000
Koregaon Park,studio,rent,unfurnished,1,531,1,9,2,0,6,0,32900
Kothrud,studio,sale,unfurnished,1,476,1,17,4,4,4,1,3458400
Koregaon Park,apartment,rent,unfurnished,2,778,2,16,6,10,14,0,52600
Pashan,apartment,rent,fully-furnished,2,1225,2,26,5,1,8,0,61300
Koregaon Park,plot,sale,fully-furnished,0,672,1,16,7,0,1,0,7447200
Camp,villa,rent,semi-furnished,2,2381,2,13,5,13,14,0,646500
Koregaon Park,villa,rent,unfurnished,5,1773,5,2,2,0,10,0,735400
Camp,commercial,rent,semi-furnished,0,4788,1,1,8,0,1,0,685700
Wakad,apartment,sale,semi-furnished,2,1362,2,14,7,1,2,1,8954100
Viman Nagar,apartment,sale,fully-furnished,4,1675,4,10,9,1,4,1,25089300
Hinjewadi,apartment,sale,semi-furnished,1,623,1,15,0,5,16,1,3581900
Kothrud,villa,rent,unfurnished,2,2541,2,27,3,0,4,1,500500
Pimple Saudagar,house,rent,fully-furnished,1,626,1,3,2,2,9,0,20400
Koregaon Park,house,sale,unfurnished,3,1134,3,13,9,9,14,0,15129000
Kondhwa,house,sale,semi-furnished,3,1454,3,23,2,11,13,0,9688700
Kalyani Nagar,villa,sale,unfurnished,4,1200,4,17,6,5,15,0,15624400
Baner,plot,sale,semi-furnished,0,1661,1,11,4,0,1,1,15678300
Wagholi,apartment,sale,semi-furnished,2,1134,2,24,1,0,2,0,3956100
Balewadi,house,sale,semi-furnished,4,1511,4,29,0,6,8,0,12562700
Kalyani Nagar,villa,rent,unfurnished,4,1986,4,12,7,1,5,0,495600
Wakad,apartment,rent,semi-furnished,3,1077,3,19,6,2,2,1,49100
Wanowrie,house,rent,fully-furnished,1,690,1,21,4,9,19,0,17300
Wakad,apartment,rent,semi-furnished,3,1252,3,0,5,1,18,1,79800
Wagholi,commercial,sale,fully-furnished,0,435,1,12,1,0,1,0,1817500
Hinjewadi,commercial,rent,semi-furnished,0,5470,1,27,2,0,1,1,309700
Hadapsar,commercial,sale,fully-furnished,0,4403,1,12,0,0,1,0,44571200
Camp,apartment,sale,semi-furnished,5,1519,5,10,4,4,17,0,17764900
Bavdhan,apartment,sale,fully-furnished,2,1017,2,27,0,2,2,0,6137100
Kharadi,apartment,sale,unfurnished,2,1143,2,25,8,0,6,1,8422000
Hinjewadi,apartment,sale,fully-furnished,3,1316,3,8,4,7,11,1,11586300
Hinjewadi,house,rent,fully-furnished,2,960,2,17,4,1,8,1,46200
Hinjewadi,apartment,rent,unfurnished,2,1128,2,4,0,1,4,1,39500
Pimpri,apartment,sale,semi-furnished,2,1128,2,6,3,3,12,0,6266000
Pimple Saudagar,apartment,sale,semi-furnished,3,1175,3,3,2,5,7,0,10637600
Kharadi,apartment,rent,semi-furnished,4,1493,4,17,6,2,2,1,104700
Hadapsar,apartment,sale,unfurnished,2,1197,2,27,2,0,3,0,3635500
Wanowrie,studio,rent,fully-furnished,1,411,1,18,3,1,3,0,10600
Hinjewadi,apartment,rent,semi-furnished,4,1800,4,22,2,7,9,1,126400
Pimpri,apartment,sale,semi-furnished,2,753,2,0,4,6,10,0,5545400
Pimpri,studio,sale,unfurnished,1,468,1,17,3,6,10,0,2502300
Boat Club Road,apartment,rent,unfurnished,3,1234,3,14,6,4,5,0,97500
Hadapsar,commercial,sale,fully-furnished,0,2184,1,26,3,0,1,0,5706500
Koregaon Park,apartment,rent,unfurnished,3,1206,3,4,5,14,15,0,90200
Wakad,apartment,sale,semi-furnished,2,1371,2,17,0,16,21,1,7908500
Koregaon Park,apartment,rent,unfurnished,2,1083,2,17,7,2,2,0,78300
Wagholi,plot,sale,semi-furnished,0,4124,1,14,1,0,1,0,12960300
Baner,villa,sale,semi-furnished,3,4579,3,22,5,5,15,1,54285100
Magarpatta,villa,sale,semi-furnished,2,2292,2,20,4,0,12,0,19796100
Viman Nagar,studio,rent,semi-furnished,1,496,1,21,8,0,13,1,28100
Kharadi,studio,sale,fully-furnished,1,344,1,26,6,12,16,1,2750100
Hinjewadi,commercial,sale,unfurnished,0,5747,1,30,5,0,1,1,38083800
Wakad,house,rent,unfurnished,5,2029,5,26,1,9,16,1,168800
Kothrud,commercial,rent,semi-furnished,0,3312,1,30,5,0,1,1,268100
Pisoli,house,rent,semi-furnished,1,741,1,22,4,1,13,0,8200
Boat Club Road,plot,rent,semi-furnished,0,3977,1,20,5,0,1,0,160700
Pimpri,studio,rent,semi-furnished,1,390,1,6,3,7,19,0,12400
Pashan,apartment,rent,unfurnished,3,1080,3,23,6,0,2,0,60000
Wanowrie,villa,rent,semi-furnished,4,4705,4,1,0,3,8,0,605300
Pimpri,apartment,sale,semi-furnished,4,1631,4,31,4,6,7,0,9120300
Hadapsar,house,rent,unfurnished,3,1052,3,29,4,3,5,0,41700
Kalyani Nagar,apartment,sale,unfurnished,2,637,2,16,9,2,7,0,5768100
Chinchwad,apartment,rent,unfurnished,2,595,2,24,3,17,22,0,18400
Kalyani Nagar,apartment,rent,semi-furnished,3,1116,3,25,9,2,2,0,94600
Koregaon Park,commercial,sale,unfurnished,0,2154,1,3,10,0,1,0,48831300
Kharadi,apartment,sale,unfurnished,5,1962,5,21,0,2,4,1,13933300
Viman Nagar,plot,sale,fully-furnished,0,1435,1,29,8,0,1,1,14849000
Viman Nagar,villa,sale,semi-furnished,3,2411,3,4,6,1,2,1,33035800
Bavdhan,apartment,sale,unfurnished,1,669,1,0,2,4,9,0,5359100
Viman Nagar,apartment,sale,semi-furnished,2,758,2,5,7,10,18,1,9126300
Magarpatta,plot,sale,semi-furnished,0,737,1,8,3,0,1,0,3661900
Pimpri,apartment,rent,semi-furnished,3,1275,3,12,3,15,15,0,46800
Kothrud,apartment,sale,unfurnished,3,1252,3,26,5,2,11,1,7728700
Aundh,apartment,rent,semi-furnished,2,910,2,1,5,8,21,1,47100
Kothrud,apartment,rent,unfurnished,2,888,2,2,4,4,7,1,38600
Kothrud,apartment,rent,unfurnished,3,1426,3,17,2,6,7,1,82800
Kharadi,apartment,sale,unfurnished,3,1389,3,7,5,8,8,1,12842700
Pashan,studio,rent,semi-furnished,1,576,1,23,10,8,12,0,26400
Kharadi,commercial,sale,unfurnished,0,4979,1,15,6,0,1,1,28147600
Wakad,studio,rent,semi-furnished,1,497,1,27,5,5,22,1,26300
Pimple Saudagar,studio,sale,unfurnished,1,425,1,0,3,5,7,0,3461100
Wakad,house,sale,fully-furnished,3,1446,3,8,3,7,15,1,14955500
Balewadi,apartment,sale,semi-furnished,2,925,2,31,5,1,3,0,6330700
Pimple Saudagar,house,sale,fully-furnished,2,1231,2,4,2,7,9,0,9728000
Chinchwad,commercial,sale,unfurnished,0,4893,1,18,2,0,1,0,25736800
Hinjewadi,apartment,sale,semi-furnished,2,1131,2,28,5,1,3,1,6880600
Aundh,plot,sale,semi-furnished,0,938,1,26,3,0,1,1,4483000
Boat Club Road,villa,sale,unfurnished,2,3723,2,10,4,5,7,0,52561800
Bavdhan,plot,rent,semi-furnished,0,4337,1,4,1,0,1,0,120800
Wagholi,commercial,sale,unfurnished,0,2459,1,2,0,0,1,0,13641900
Undri,apartment,rent,semi-furnished,3,1037,3,5,5,7,7,0,48600
Kharadi,apartment,rent,semi-furnished,3,1211,3,22,4,7,19,1,75600
Magarpatta,plot,sale,semi-furnished,0,2343,1,14,6,0,1,0,17389500
Wakad,apartment,rent,unfurnished,2,883,2,20,4,2,6,1,23500
Kothrud,apartment,sale,unfurnished,3,1566,3,3,6,2,4,1,17078100
Baner,apartment,sale,semi-furnished,1,790,1,14,5,5,6,1,7506000
Kothrud,plot,sale,semi-furnished,0,806,1,8,5,0,1,1,6557800
Viman Nagar,villa,rent,fully-furnished,3,3638,3,0,8,3,12,1,667100
Pimple Saudagar,commercial,rent,semi-furnished,0,5482,1,31,1,0,1,0,392600
Pisoli,commercial,rent,semi-furnished,0,1976,1,13,2,0,1,0,112500
Viman Nagar,plot,rent,unfurnished,0,4879,1,23,3,0,1,1,149700
Kothrud,apartment,rent,semi-furnished,4,1281,4,22,4,5,15,1,127000
Undri,commercial,sale,semi-furnished,0,1018,1,29,3,0,1,0,6113300
Undri,villa,rent,semi-furnished,2,2067,2,21,3,5,9,0,191100
Aundh,house,sale,fully-furnished,1,415,1,5,3,1,9,1,4211100
Kalyani Nagar,apartment,rent,unfurnished,4,1441,4,7,6,2,9,0,141100
Kharadi,villa,sale,semi-furnished,2,3284,2,8,6,0,3,1,41241000
Pimple Saudagar,house,rent,semi-furnished,1,797,1,22,2,4,11,0,20000
Pimple Saudagar,house,sale,semi-furnished,2,1080,2,28,7,3,11,0,5609300
Aundh,apartment,rent,semi-furnished,1,535,1,26,9,0,10,1,17800
Bavdhan,studio,sale,semi-furnished,1,393,1,14,7,2,2,0,3160400
Bavdhan,apartment,rent,unfurnished,2,1284,2,31,5,0,2,0,40800
Kothrud,apartment,sale,unfurnished,2,766,2,8,3,8,12,1,5990300
Magarpatta,studio,sale,unfurnished,1,528,1,8,4,6,8,0,3879600
Kothrud,apartment,sale,semi-furnished,1,578,1,23,2,2,9,1,4677000
Balewadi,apartment,sale,unfurnished,3,1261,3,9,4,0,15,0,10899000
Boat Club Road,commercial,rent,semi-furnished,0,979,1,8,10,0,1,0,116500
Aundh,villa,sale,fully-furnished,2,3183,2,18,6,4,10,1,46979900
Chinchwad,apartment,rent,unfurnished,1,625,1,20,2,7,10,0,10500
Hinjewadi,apartment,sale,semi-furnished,2,764,2,1,0,3,3,1,6474000
Kharadi,house,sale,fully-furnished,2,863,2,11,5,4,8,1,8893100
Pashan,villa,sale,unfurnished,2,3957,2,27,6,10,11,0,33752400
Baner,plot,sale,fully-furnished,0,3142,1,10,8,0,1,1,33414600
Kharadi,house,rent,unfurnished,1,670,1,18,8,1,5,1,34600
Wakad,apartment,sale,fully-furnished,3,1132,3,23,8,18,21,1,11705100
Pashan,villa,rent,unfurnished,4,3266,4,23,2,6,10,0,414300
Koregaon Park,apartment,sale,semi-furnished,2,1113,2,14,6,9,17,0,14397200
Kothrud,apartment,rent,fully-furnished,1,829,1,13,4,5,11,1,31100
Kothrud,apartment,sale,semi-furnished,2,1110,2,9,2,0,20,1,10550100
Pimpri,house,rent,fully-furnished,3,1276,3,24,7,3,4,0,63200
Balewadi,house,sale,fully-furnished,3,1258,3,9,7,4,4,0,17368100
Pimple Saudagar,apartment,rent,semi-furnished,5,1775,5,26,4,1,7,0,164400
Pashan,apartment,rent,fully-furnished,4,1704,4,30,6,1,2,0,154400
Baner,commercial,sale,semi-furnished,0,489,1,12,4,0,1,1,6719700
Hinjewadi,apartment,sale,fully-furnished,2,801,2,2,3,2,9,1,7244100
Baner,apartment,sale,fully-furnished,3,1346,3,10,4,7,13,1,17365600
Kalyani Nagar,apartment,rent,unfurnished,5,2112,5,1,5,6,6,0,290500
Pimple Saudagar,apartment,rent,unfurnished,3,956,3,23,4,2,14,0,38900
Magarpatta,studio,sale,fully-furnished,1,402,1,21,2,6,9,0,3272600
Boat Club Road,studio,rent,unfurnished,1,492,1,31,5,5,12,0,38200
Kothrud,apartment,sale,fully-furnished,3,1344,3,16,8,13,13,1,16916600
Kothrud,house,sale,semi-furnished,3,1506,3,11,2,2,7,1,18013700
Balewadi,apartment,sale,semi-furnished,3,1477,3,26,7,8,14,0,10007800
Bavdhan,studio,sale,semi-furnished,1,433,1,5,0,3,11,0,2976800
Pimpri,apartment,rent,fully-furnished,2,929,2,4,1,1,5,0,27100
Balewadi,studio,rent,unfurnished,1,638,1,30,2,2,6,0,26300
Hinjewadi,house,sale,fully-furnished,2,1378,2,3,1,6,20,1,11379000
Wakad,studio,sale,semi-furnished,1,545,1,21,4,7,10,1,4393700
Magarpatta,apartment,rent,semi-furnished,1,300,1,23,6,9,11,0,13300
Baner,apartment,rent,unfurnished,2,1188,2,4,8,13,13,1,41900
Aundh,commercial,sale,semi-furnished,0,1926,1,18,7,0,1,1,20475100
Aundh,apartment,rent,semi-furnished,4,1557,4,7,6,7,15,1,134300
Wagholi,apartment,rent,fully-furnished,2,1077,2,10,1,1,7,0,26600
Chinchwad,plot,sale,unfurnished,0,2736,1,25,1,0,1,0,5986500
Hadapsar,villa,rent,fully-furnished,2,3638,2,14,2,7,10,0,387300
Kondhwa,apartment,sale,semi-furnished,2,1128,2,17,0,7,12,0,6078000
Baner,apartment,rent,fully-furnished,3,1329,3,5,4,13,14,1,121600
Kharadi,studio,rent,fully-furnished,1,590,1,20,2,4,11,1,29400
Pimpri,apartment,rent,fully-furnished,2,693,2,18,2,4,11,0,35800
Wakad,apartment,sale,unfurnished,5,2169,5,17,0,5,5,1,19422700
Viman Nagar,studio,rent,semi-furnished,1,508,1,18,9,13,16,1,28000
Kothrud,apartment,sale,semi-furnished,2,924,2,6,2,5,6,1,8999400
Boat Club Road,apartment,rent,unfurnished,4,1695,4,12,4,16,16,0,156000
Viman Nagar,apartment,rent,semi-furnished,2,827,2,9,10,2,14,1,32100
Kharadi,apartment,sale,semi-furnished,2,877,2,28,3,3,14,1,5048100
Kothrud,plot,sale,fully-furnished,0,3442,1,10,5,0,1,1,19777400
Hinjewadi,villa,rent,fully-furnished,2,3369,2,15,0,7,13,1,438800
Kharadi,house,sale,unfurnished,3,1629,3,31,3,2,4,1,10495000
Koregaon Park,villa,sale,semi-furnished,3,2233,3,30,6,0,10,0,32557700
Wakad,studio,sale,unfurnished,1,437,1,25,4,0,2,1,2746300
Pimpri,apartment,rent,semi-furnished,3,1154,3,6,5,1,11,0,52100
Kharadi,apartment,rent,fully-furnished,2,1199,2,3,2,0,15,1,62300
Balewadi,apartment,rent,fully-furnished,1,442,1,17,3,3,3,0,17000
Pashan,commercial,sale,unfurnished,0,587,1,25,1,0,1,0,2553700
Balewadi,apartment,rent,semi-furnished,3,1182,3,8,3,1,2,0,74100
Aundh,plot,sale,semi-furnished,0,2939,1,1,6,0,1,1,29498800
Bavdhan,plot,rent,semi-furnished,0,1653,1,20,2,0,1,0,51300
Wagholi,house,sale,unfurnished,2,565,2,11,4,3,4,0,3126500
Viman Nagar,plot,sale,fully-furnished,0,4780,1,13,4,0,1,1,50142700
Baner,studio,sale,semi-furnished,1,372,1,27,8,2,2,1,2949200
Viman Nagar,apartment,sale,fully-furnished,1,907,1,19,8,1,16,1,8276500
Kothrud,villa,rent,fully-furnished,1,2827,1,4,5,6,7,1,431600
Pimple Saudagar,apartment,sale,unfurnished,1,396,1,15,4,8,15,0,2490600
Pimple Saudagar,apartment,rent,semi-furnished,5,2131,5,12,3,7,17,0,210300
Shivajinagar,apartment,rent,fully-furnished,3,1499,3,1,6,3,5,1,124400
Undri,studio,sale,semi-furnished,1,426,1,1,7,7,11,0,3853900
Koregaon Park,apartment,sale,unfurnished,2,1304,2,3,7,0,2,0,16469900
Koregaon Park,apartment,rent,fully-furnished,2,1126,2,26,6,1,9,0,68400
Koregaon Park,studio,rent,unfurnished,1,429,1,5,7,10,19,0,23100
Aundh,studio,sale,semi-furnished,1,401,1,8,9,11,11,1,4957500
Shivajinagar,apartment,rent,fully-furnished,2,946,2,1,10,6,11,1,47000
Pimple Saudagar,villa,rent,unfurnished,3,1655,3,28,3,1,7,0,271800
Hinjewadi,commercial,rent,semi-furnished,0,5280,1,1,2,0,1,1,351000
Wanowrie,house,sale,semi-furnished,3,1514,3,10,5,4,10,0,10372200
Pimpri,apartment,rent,unfurnished,3,1356,3,24,1,6,6,0,55900
Aundh,studio,rent,semi-furnished,1,570,1,27,6,6,11,1,29000
Koregaon Park,apartment,rent,fully-furnished,2,757,2,10,9,7,11,0,82500
Koregaon Park,plot,sale,fully-furnished,0,2369,1,31,7,0,1,0,21645900
Wakad,apartment,sale,fully-furnished,1,626,1,25,4,0,6,1,3327600
Pashan,villa,sale,unfurnished,2,1828,2,27,6,3,13,0,12906800
Kalyani Nagar,apartment,rent,fully-furnished,1,738,1,29,9,3,13,0,37600
Magarpatta,apartment,sale,fully-furnished,3,1237,3,13,5,5,12,0,10884300
Pashan,apartment,sale,semi-furnished,2,1147,2,23,5,4,7,0,7709200
Kharadi,apartment,rent,unfurnished,4,1746,4,3,1,2,12,1,122900
Koregaon Park,apartment,sale,unfurnished,4,1700,4,17,7,2,13,0,21064100
Undri,apartment,rent,semi-furnished,3,1294,3,23,3,5,5,0,48300
Kalyani Nagar,villa,rent,semi-furnished,4,2708,4,5,4,0,8,0,834800
Wakad,villa,rent,semi-furnished,2,2303,2,15,3,10,10,1,678500
Koregaon Park,apartment,rent,unfurnished,3,1013,3,20,7,4,7,0,93700
Pimple Saudagar,apartment,rent,unfurnished,4,1736,4,8,2,6,16,0,89800
Kondhwa,apartment,rent,semi-furnished,1,913,1,5,1,9,9,0,17700
Hinjewadi,plot,sale,fully-furnished,0,4591,1,7,0,0,1,1,32554500
Baner,apartment,sale,semi-furnished,2,1055,2,29,4,2,7,1,9459800
Chinchwad,studio,rent,unfurnished,1,463,1,20,4,5,10,0,19700
Hinjewadi,house,sale,unfurnished,3,1282,3,25,1,15,25,1,8617000
Magarpatta,apartment,rent,semi-furnished,1,886,1,2,3,1,8,0,13600
Viman Nagar,house,sale,semi-furnished,3,1451,3,6,9,0,16,1,18737600
Wagholi,apartment,rent,semi-furnished,3,1171,3,2,3,1,3,0,32800
Wagholi,apartment,rent,semi-furnished,5,2118,5,0,2,1,13,0,130000
Bavdhan,villa,rent,fully-furnished,2,3408,2,20,2,1,8,0,710600
Baner,apartment,rent,semi-furnished,2,924,2,31,8,3,7,1,34900
Kalyani Nagar,apartment,sale,semi-furnished,3,1248,3,22,2,3,13,0,14181800
Aundh,apartment,sale,unfurnished,3,1217,3,15,5,5,12,1,9508200
Hinjewadi,apartment,sale,fully-furnished,4,1583,4,8,3,1,5,1,17935400
Pimple Saudagar,apartment,sale,semi-furnished,3,1320,3,16,6,2,2,0,10992400
Baner,villa,rent,semi-furnished,3,2939,3,5,4,6,8,1,682700
Baner,apartment,sale,semi-furnished,3,1389,3,1,4,1,13,1,18557500
Bavdhan,commercial,rent,unfurnished,0,4960,1,12,2,0,1,0,252200
Pimple Saudagar,plot,rent,fully-furnished,0,1656,1,13,3,0,1,0,63200
Viman Nagar,house,rent,unfurnished,4,1642,4,23,5,0,13,1,143700
Kothrud,plot,rent,semi-furnished,0,2648,1,16,3,0,1,1,100600
Koregaon Park,commercial,sale,fully-furnished,0,2088,1,29,9,0,1,0,19089200
Pimple Saudagar,house,rent,unfurnished,3,1407,3,0,3,15,16,0,63700
Aundh,house,sale,semi-furnished,2,532,2,13,5,1,5,1,5178400
Kothrud,plot,rent,unfurnished,0,3596,1,4,3,0,1,1,132500
Koregaon Park,apartment,sale,semi-furnished,2,1124,2,27,7,7,10,0,13263600
Pisoli,villa,sale,fully-furnished,2,2651,2,31,7,10,11,0,15997600
Hadapsar,commercial,sale,unfurnished,0,2687,1,25,5,0,1,0,9693400
Koregaon Park,plot,sale,unfurnished,0,3978,1,15,4,0,1,0,30654600
Baner,apartment,rent,fully-furnished,3,1352,3,2,6,8,12,1,111300
Camp,apartment,sale,unfurnished,4,1613,4,27,5,4,4,0,11205900
Kharadi,studio,sale,semi-furnished,1,516,1,1,3,13,13,1,5484800
Magarpatta,apartment,sale,semi-furnished,1,376,1,3,5,11,18,0,3609700
Hinjewadi,commercial,sale,unfurnished,0,5360,1,6,4,0,1,1,62803000
Camp,studio,sale,unfurnished,1,362,1,11,7,2,10,0,3687800
Boat Club Road,apartment,sale,fully-furnished,4,1220,4,20,5,6,8,0,21938700
Magarpatta,plot,rent,semi-furnished,0,2484,1,18,4,0,1,0,103200
Aundh,apartment,sale,fully-furnished,2,985,2,1,5,3,6,1,8873700
Kothrud,studio,sale,semi-furnished,1,374,1,0,5,5,7,1,4645300
Viman Nagar,house,sale,semi-furnished,3,1347,3,17,6,6,17,1,14080100
Viman Nagar,house,rent,semi-furnished,2,1073,2,31,2,8,11,1,48400
Aundh,apartment,rent,fully-furnished,2,981,2,27,6,4,6,1,70300
Kalyani Nagar,house,sale,semi-furnished,3,1403,3,17,5,1,11,0,16252400
Pisoli,plot,sale,semi-furnished,0,4231,1,28,5,0,1,0,15193400
Kalyani Nagar,apartment,rent,fully-furnished,2,684,2,30,5,9,11,0,37700
Hadapsar,villa,rent,semi-furnished,5,2445,5,15,4,3,7,0,152900
Kalyani Nagar,studio,sale,unfurnished,1,542,1,15,8,4,18,0,5511400
Pimple Saudagar,plot,sale,semi-furnished,0,620,1,1,2,0,1,0,3141300
Magarpatta,apartment,sale,unfurnished,1,820,1,5,4,4,16,0,5863600
Kothrud,villa,rent,fully-furnished,2,2509,2,1,7,4,9,1,474200
Kothrud,villa,sale,fully-furnished,2,2374,2,21,8,1,11,1,25019100
Koregaon Park,apartment,rent,unfurnished,3,1307,3,28,5,7,8,0,98200
Pimpri,commercial,rent,unfurnished,0,4694,1,29,2,0,1,0,275000
Kondhwa,apartment,sale,unfurnished,2,1363,2,27,3,9,13,0,6691700
Baner,villa,sale,fully-furnished,2,2239,2,5,5,4,13,1,44074800
Magarpatta,studio,rent,unfurnished,1,403,1,27,4,11,11,0,14300
Kalyani Nagar,apartment,sale,semi-furnished,3,1421,3,31,5,0,15,0,14328400
Kalyani Nagar,apartment,rent,unfurnished,2,1018,2,7,9,3,9,0,57300
Pimpri,apartment,rent,unfurnished,3,1125,3,31,4,0,5,0,33600
Hadapsar,house,sale,unfurnished,2,569,2,31,0,1,6,0,2425400
Bavdhan,apartment,sale,semi-furnished,4,1472,4,0,4,1,2,0,15948500
Hinjewadi,house,sale,semi-furnished,5,1801,5,9,10,5,10,1,22862900
Hadapsar,villa,sale,semi-furnished,2,2705,2,17,2,9,11,0,18202400
Viman Nagar,house,rent,unfurnished,3,1449,3,25,5,1,5,1,89200
Wanowrie,apartment,rent,semi-furnished,3,1276,3,30,0,3,14,0,43900
Kothrud,house,sale,unfurnished,3,1636,3,9,2,7,17,1,14765600
Wanowrie,apartment,rent,fully-furnished,1,496,1,10,3,0,11,0,23400
Aundh,apartment,rent,semi-furnished,3,1155,3,26,5,6,10,1,91700
Baner,house,sale,fully-furnished,2,575,2,4,4,7,7,1,7858000
Koregaon Park,apartment,rent,unfurnished,3,1425,3,29,5,7,9,0,93900
Kothrud,villa,rent,semi-furnished,4,3183,4,15,10,8,14,1,566700
Wakad,studio,sale,unfurnished,1,501,1,18,3,1,9,1,3410600
Pisoli,apartment,rent,fully-furnished,3,1224,3,27,4,16,19,0,45700
Balewadi,house,rent,fully-furnished,2,997,2,2,6,1,11,0,36200
Kothrud,house,sale,unfurnished,1,863,1,24,3,8,9,1,6311500
Shivajinagar,commercial,rent,semi-furnished,0,4984,1,29,5,0,1,1,747700
Viman Nagar,apartment,rent,fully-furnished,2,1129,2,9,7,8,8,1,86300
Shivajinagar,apartment,rent,fully-furnished,4,1606,4,21,10,5,11,1,213800
Kalyani Nagar,commercial,sale,semi-furnished,0,1921,1,11,8,0,1,0,35795600
Pimpri,apartment,rent,fully-furnished,1,744,1,28,3,4,4,0,15800
Kothrud,plot,sale,unfurnished,0,2932,1,4,7,0,1,1,20401900
Kothrud,house,rent,semi-furnished,2,1187,2,14,2,5,5,1,48900
Aundh,apartment,sale,semi-furnished,2,805,2,9,5,7,11,1,7785800
Koregaon Park,studio,rent,fully-furnished,1,391,1,1,5,7,10,0,28000
Viman Nagar,apartment,rent,unfurnished,2,1107,2,22,6,8,15,1,47700
Viman Nagar,apartment,rent,unfurnished,3,1270,3,26,8,8,10,1,75200
Viman Nagar,villa,rent,semi-furnished,2,2824,2,25,10,9,16,1,1442700
Kalyani Nagar,studio,sale,unfurnished,1,436,1,15,5,12,15,0,4855500
Pashan,apartment,rent,semi-furnished,1,1151,1,22,5,8,15,0,25300
Baner,apartment,sale,unfurnished,2,749,2,25,3,11,12,1,5323200
Undri,house,sale,fully-furnished,2,803,2,26,1,18,20,0,3885200
Viman Nagar,apartment,sale,semi-furnished,3,1308,3,7,6,7,7,1,16896300
Wakad,commercial,rent,semi-furnished,0,2466,1,13,3,0,1,1,175200
Chinchwad,apartment,sale,unfurnished,3,1396,3,11,4,9,9,0,10807800
Aundh,apartment,rent,fully-furnished,3,1693,3,15,4,0,3,1,116500
Koregaon Park,apartment,sale,fully-furnished,2,1505,2,7,7,8,9,0,27451900
Baner,apartment,rent,unfurnished,4,1373,4,13,5,10,11,1,116600
Koregaon Park,house,sale,fully-furnished,4,1286,4,20,6,8,9,0,21990600
Chinchwad,apartment,sale,unfurnished,2,1198,2,19,1,8,8,0,5574500
Bavdhan,apartment,sale,unfurnished,2,921,2,30,3,19,22,0,4906700
Hinjewadi,apartment,rent,fully-furnished,2,1068,2,29,2,2,5,1,55400
Kharadi,apartment,sale,semi-furnished,3,1348,3,3,3,0,7,1,12732000
Pashan,apartment,rent,semi-furnished,3,1146,3,12,1,6,17,0,68200
Pimpri,commercial,rent,unfurnished,0,1804,1,30,2,0,1,0,102000
Balewadi,apartment,rent,fully-furnished,2,818,2,28,6,11,15,0,21700
Hadapsar,apartment,rent,unfurnished,2,1187,2,18,2,0,11,0,25700
Pashan,apartment,sale,unfurnished,3,1230,3,4,4,2,8,0,9089600
Koregaon Park,apartment,rent,fully-furnished,4,1640,4,18,9,0,10,0,252300
Undri,apartment,sale,fully-furnished,3,914,3,23,3,5,11,0,5182300
Wagholi,house,sale,unfurnished,3,1068,3,4,4,4,5,0,6456800
Kondhwa,apartment,sale,fully-furnished,3,1272,3,31,0,2,5,0,6974900
Kothrud,apartment,rent,unfurnished,2,948,2,23,4,9,16,1,30400
Pisoli,house,sale,unfurnished,3,1210,3,1,5,2,12,0,7920400
Wakad,apartment,sale,semi-furnished,2,1307,2,22,10,5,6,1,11167100
Baner,villa,rent,semi-furnished,3,3070,3,13,4,2,2,1,649600
Bavdhan,commercial,sale,semi-furnished,0,2832,1,30,1,0,1,0,22223700
Viman Nagar,villa,sale,semi-furnished,2,1422,2,24,6,0,8,1,14143800
Aundh,house,sale,semi-furnished,2,1075,2,5,2,12,15,1,11018300
Undri,plot,sale,unfurnished,0,4424,1,13,2,0,1,0,13664200
Baner,house,sale,fully-furnished,1,592,1,18,6,7,13,1,5335100
Bavdhan,villa,sale,semi-furnished,4,2368,4,12,4,3,8,0,22308500
Shivajinagar,studio,rent,fully-furnished,1,467,1,25,8,11,11,1,28800
Wagholi,apartment,sale,semi-furnished,3,1341,3,1,5,7,7,0,10585200
Pimple Saudagar,apartment,rent,fully-furnished,2,935,2,29,4,4,9,0,54000
Wagholi,house,rent,fully-furnished,4,1576,4,11,4,1,3,0,82500
Balewadi,apartment,sale,fully-furnished,1,394,1,22,5,7,9,0,3172000
Pimpri,apartment,sale,unfurnished,2,1358,2,1,0,0,2,0,6938100
Kothrud,house,sale,semi-furnished,2,1148,2,24,4,3,11,1,9619100
Undri,villa,sale,fully-furnished,2,2959,2,24,0,7,8,0,23080900
Kharadi,villa,sale,unfurnished,4,3585,4,4,7,2,3,1,38227000
Hinjewadi,apartment,rent,semi-furnished,3,1483,3,26,2,6,7,1,71500
Wakad,apartment,sale,unfurnished,2,737,2,18,5,9,16,1,4388000
Kharadi,studio,rent,unfurnished,1,588,1,2,6,0,3,1,21900
Pisoli,house,rent,fully-furnished,3,1328,3,30,3,9,10,0,53100
Bavdhan,apartment,sale,unfurnished,2,1055,2,7,0,1,13,0,5001400
Baner,plot,sale,fully-furnished,0,1270,1,18,3,0,1,1,8966200
Baner,apartment,rent,semi-furnished,3,1124,3,13,6,2,6,1,58900
Baner,commercial,rent,unfurnished,0,291,1,27,5,0,1,1,61900
Undri,commercial,rent,fully-furnished,0,4414,1,28,5,0,1,0,203000
Aundh,apartment,rent,fully-furnished,3,1305,3,13,4,11,12,1,99300
Wakad,apartment,rent,unfurnished,4,1375,4,15,6,4,6,1,96000
Camp,villa,sale,unfurnished,3,3201,3,26,5,8,12,0,24020900
Koregaon Park,commercial,sale,semi-furnished,0,5070,1,27,3,0,1,0,28143700
Pisoli,commercial,sale,semi-furnished,0,1005,1,18,2,0,1,0,5476200
Viman Nagar,apartment,sale,semi-furnished,2,1086,2,5,7,13,13,1,14967700
Balewadi,villa,sale,semi-furnished,3,2782,3,28,4,11,15,0,21512700
Aundh,villa,sale,semi-furnished,1,2698,1,26,7,8,12,1,31188800
Pimple Saudagar,apartment,sale,unfurnished,3,1215,3,17,2,1,4,0,8407200
Aundh,apartment,sale,unfurnished,2,899,2,4,6,2,11,1,7573000
Pisoli,studio,rent,semi-furnished,1,533,1,2,7,6,11,0,12700
Baner,apartment,rent,semi-furnished,2,1049,2,4,6,4,19,1,30400
Baner,house,sale,fully-furnished,3,1122,3,6,2,11,16,1,16398600
Wanowrie,house,sale,unfurnished,2,1007,2,29,4,11,11,0,4671100
Chinchwad,commercial,sale,semi-furnished,0,4781,1,8,4,0,1,0,23645800
Magarpatta,studio,sale,unfurnished,1,430,1,20,5,5,9,0,2398400
Undri,villa,sale,unfurnished,3,3183,3,5,7,1,7,0,22594300
Aundh,studio,sale,semi-furnished,1,300,1,30,6,11,14,1,2820400
Balewadi,apartment,rent,unfurnished,2,1105,2,21,2,11,11,0,41100
Balewadi,apartment,rent,fully-furnished,1,577,1,24,6,6,22,0,23400
Pimple Saudagar,apartment,sale,fully-furnished,3,1691,3,21,1,0,3,0,11976800
Pisoli,apartment,sale,semi-furnished,3,1492,3,11,3,1,2,0,7945400
Kharadi,studio,sale,unfurnished,1,589,1,15,5,0,4,1,4757900
Hadapsar,apartment,sale,fully-furnished,3,1542,3,1,3,0,8,0,11181800
Wakad,villa,rent,unfurnished,3,2490,3,2,4,7,9,1,435400
Shivajinagar,studio,rent,semi-furnished,1,582,1,7,8,3,13,1,24200
Shivajinagar,commercial,sale,unfurnished,0,5441,1,23,8,0,1,1,70330100
Pashan,apartment,rent,fully-furnished,3,1364,3,13,9,4,15,0,106200
Hinjewadi,studio,sale,fully-furnished,1,300,1,7,1,2,4,1,2480000
Wagholi,house,sale,semi-furnished,2,1133,2,14,0,3,12,0,4710000
Viman Nagar,apartment,rent,unfurnished,3,1358,3,21,5,4,10,1,98700
Aundh,villa,rent,fully-furnished,3,3551,3,31,3,12,13,1,424200
Hinjewadi,studio,sale,fully-furnished,1,586,1,17,0,2,10,1,3050600
Hinjewadi,house,rent,fully-furnished,1,633,1,19,5,3,13,1,26400
Hinjewadi,apartment,rent,unfurnished,2,1216,2,17,2,3,19,1,35500
Bavdhan,apartment,rent,fully-furnished,2,951,2,11,5,5,6,0,48700
Bavdhan,house,sale,semi-furnished,2,1262,2,11,5,1,13,0,8448700
Pimpri,studio,rent,semi-furnished,1,459,1,11,5,10,12,0,16800
Wakad,apartment,sale,semi-furnished,1,510,1,16,9,5,9,1,4228400
Baner,plot,rent,semi-furnished,0,3937,1,30,7,0,1,1,126800
Magarpatta,studio,sale,semi-furnished,1,300,1,26,4,3,12,0,1892300
Magarpatta,apartment,rent,unfurnished,2,923,2,21,4,0,2,0,23900
Wakad,commercial,sale,semi-furnished,0,5789,1,12,6,0,1,1,52245400
Pimpri,apartment,sale,fully-furnished,2,1505,2,14,0,0,2,0,7672400
Wagholi,apartment,sale,fully-furnished,2,1083,2,21,5,5,6,0,6220600
Aundh,apartment,rent,unfurnished,3,1314,3,25,1,9,9,1,84700
Kharadi,apartment,rent,unfurnished,1,666,1,23,5,3,8,1,25500
Balewadi,commercial,rent,semi-furnished,0,5735,1,17,4,0,1,0,243600
Koregaon Park,house,rent,semi-furnished,2,730,2,20,5,13,14,0,54500
Pimple Saudagar,studio,rent,semi-furnished,1,669,1,7,0,4,9,0,26600
Magarpatta,apartment,rent,fully-furnished,1,773,1,13,4,7,19,0,9700
Pisoli,apartment,rent,semi-furnished,2,987,2,2,6,7,9,0,25600
Pimple Saudagar,apartment,rent,fully-furnished,1,824,1,1,9,1,5,0,30200
Viman Nagar,apartment,sale,fully-furnished,2,1080,2,19,9,11,12,1,13804300
Baner,studio,rent,fully-furnished,1,545,1,22,5,1,5,1,17500
Chinchwad,commercial,rent,fully-furnished,0,4408,1,26,2,0,1,0,383000
Pashan,plot,sale,unfurnished,0,1487,1,2,6,0,1,0,8112100
Shivajinagar,apartment,sale,fully-furnished,3,1408,3,13,4,11,19,1,21051100
Magarpatta,apartment,sale,unfurnished,2,1106,2,8,7,1,11,0,9324600
Baner,studio,rent,semi-furnished,1,620,1,22,2,10,12,1,34800
Viman Nagar,apartment,rent,unfurnished,2,1088,2,12,5,6,13,1,33000
Pimple Saudagar,apartment,rent,semi-furnished,3,1281,3,21,0,5,17,0,61400
Undri,apartment,rent,semi-furnished,2,1369,2,26,5,7,13,0,33900
Koregaon Park,villa,sale,semi-furnished,3,1710,3,17,9,2,2,0,34042600
Wakad,studio,sale,semi-furnished,1,546,1,31,5,8,9,1,3747200
Aundh,villa,sale,semi-furnished,4,3652,4,8,5,1,3,1,54008000
Pimple Saudagar,villa,rent,unfurnished,4,2687,4,4,3,0,2,0,183500
Viman Nagar,plot,rent,unfurnished,0,4263,1,11,3,0,1,1,152800
Hinjewadi,villa,sale,semi-furnished,2,2224,2,10,4,8,15,1,18503000
Hinjewadi,apartment,sale,semi-furnished,2,542,2,15,4,10,16,1,4076100
Kothrud,house,rent,unfurnished,2,752,2,20,3,7,15,1,40500
Bavdhan,apartment,rent,fully-furnished,3,1341,3,10,0,2,7,0,72500
Viman Nagar,apartment,rent,semi-furnished,3,1304,3,7,7,7,13,1,87700
Koregaon Park,apartment,sale,fully-furnished,3,992,3,3,5,3,10,0,16966600
Chinchwad,plot,sale,unfurnished,0,1222,1,27,0,0,1,0,2415900
Undri,house,rent,fully-furnished,2,1127,2,24,1,11,12,0,25500
Wagholi,apartment,rent,unfurnished,3,1317,3,29,0,0,13,0,33900
Kondhwa,apartment,rent,fully-furnished,2,1225,2,21,3,10,10,0,36300
Viman Nagar,apartment,rent,semi-furnished,4,1788,4,4,6,6,13,1,209400
Hinjewadi,villa,rent,semi-furnished,2,2839,2,25,2,6,9,1,485200
Kothrud,apartment,sale,semi-furnished,4,1690,4,6,4,4,7,1,19785800
Balewadi,plot,rent,unfurnished,0,2702,1,27,8,0,1,0,109900
Undri,apartment,sale,fully-furnished,3,996,3,20,1,4,12,0,5616800
Baner,apartment,rent,semi-furnished,1,366,1,23,5,7,12,1,13300
Hinjewadi,commercial,rent,unfurnished,0,861,1,1,2,0,1,1,100100
Kharadi,apartment,sale,unfurnished,3,1144,3,7,6,1,6,1,9421700
Baner,house,sale,semi-furnished,2,686,2,18,3,1,6,1,4625400
Koregaon Park,house,sale,fully-furnished,3,1179,3,29,5,1,11,0,15491000
Baner,apartment,rent,fully-furnished,3,1352,3,30,5,8,14,1,91200
Chinchwad,apartment,sale,semi-furnished,2,958,2,7,0,1,4,0,5296100
Baner,apartment,rent,semi-furnished,3,1352,3,25,5,3,11,1,67700
Kharadi,apartment,sale,semi-furnished,3,1379,3,15,6,7,17,1,11377700
Hinjewadi,apartment,sale,semi-furnished,4,1827,4,21,6,13,15,1,14422800
Koregaon Park,commercial,rent,semi-furnished,0,1609,1,22,9,0,1,0,229500
Boat Club Road,apartment,rent,semi-furnished,2,1029,2,15,8,0,14,0,75200
Hinjewadi,plot,sale,fully-furnished,0,1321,1,25,3,0,1,1,5604300
Hinjewadi,studio,sale,fully-furnished,1,554,1,22,2,9,12,1,3850900
Wakad,plot,sale,fully-furnished,0,2171,1,20,5,0,1,1,16219100
Koregaon Park,house,rent,fully-furnished,3,989,3,27,2,2,3,0,90100
Kalyani Nagar,house,sale,unfurnished,1,563,1,0,6,0,8,0,5910800
Wagholi,house,rent,semi-furnished,2,762,2,27,3,2,8,0,16300
Magarpatta,commercial,rent,semi-furnished,0,4809,1,14,6,0,1,0,102700
Pisoli,apartment,rent,unfurnished,2,1069,2,22,2,3,7,0,20200
Shivajinagar,apartment,rent,fully-furnished,2,874,2,31,10,6,6,1,76300
Kalyani Nagar,villa,sale,semi-furnished,2,3057,2,12,9,5,12,0,52449200
Undri,apartment,sale,semi-furnished,2,1396,2,11,3,3,9,0,7656400
Wagholi,studio,sale,unfurnished,1,769,1,6,2,12,13,0,3046000
Pimpri,studio,sale,unfurnished,1,657,1,5,3,2,6,0,3788000
Viman Nagar,apartment,sale,unfurnished,2,1292,2,21,4,0,8,1,10749300
Viman Nagar,commercial,rent,semi-furnished,0,3756,1,21,7,0,1,1,421100
Pisoli,studio,rent,unfurnished,1,532,1,16,0,2,6,0,10200
Hinjewadi,apartment,sale,unfurnished,1,637,1,18,1,1,4,1,4559300
Wakad,apartment,rent,fully-furnished,3,1240,3,24,5,11,14,1,82400
Wagholi,studio,sale,semi-furnished,1,549,1,21,3,4,6,0,2803000
Wakad,commercial,rent,fully-furnished,0,1728,1,8,3,0,1,1,296900
Kalyani Nagar,apartment,rent,fully-furnished,3,1433,3,16,5,9,12,0,127800
Aundh,apartment,rent,unfurnished,2,793,2,16,6,11,12,1,41200
Chinchwad,house,rent,fully-furnished,3,1183,3,15,3,1,11,0,54600
Undri,apartment,sale,semi-furnished,1,691,1,24,0,3,8,0,2590800
Wakad,apartment,sale,fully-furnished,3,1114,3,19,5,5,5,1,11475000
Kharadi,villa,rent,fully-furnished,2,2654,2,10,7,1,3,1,485400
Magarpatta,villa,sale,fully-furnished,3,3975,3,29,4,2,2,0,44238500
Balewadi,apartment,sale,fully-furnished,2,994,2,14,6,9,12,0,9647900
Camp,commercial,sale,semi-furnished,0,5981,1,5,4,0,1,0,103935300
Viman Nagar,villa,sale,fully-furnished,2,3209,2,26,8,6,8,1,38740000
Bavdhan,apartment,sale,unfurnished,1,631,1,30,1,5,9,0,2879800
Kalyani Nagar,commercial,rent,unfurnished,0,1691,1,25,3,0,1,0,186900
Pimpri,apartment,rent,semi-furnished,2,995,2,6,5,7,16,0,30100
Balewadi,villa,rent,fully-furnished,2,4064,2,1,5,3,6,0,541900
Pimpri,house,rent,unfurnished,3,1538,3,25,2,6,13,0,43000
Koregaon Park,apartment,sale,unfurnished,2,796,2,11,4,4,7,0,7787100
Wakad,house,sale,unfurnished,4,1182,4,15,4,2,5,1,10549600
Wakad,studio,rent,fully-furnished,1,486,1,23,4,5,7,1,28000
Viman Nagar,apartment,sale,fully-furnished,2,633,2,25,5,8,13,1,6198100
Hinjewadi,villa,rent,semi-furnished,2,2224,2,15,3,2,4,1,348500
Hinjewadi,commercial,rent,unfurnished,0,3355,1,24,2,0,1,1,136800
Kalyani Nagar,villa,rent,unfurnished,2,2930,2,23,4,5,10,0,737300
Pisoli,commercial,rent,unfurnished,0,3353,1,7,4,0,1,0,198300
Koregaon Park,plot,sale,unfurnished,0,4982,1,7,7,0,1,0,54314600
Hinjewadi,apartment,rent,unfurnished,4,1397,4,30,4,6,15,1,86600
Aundh,plot,rent,semi-furnished,0,4188,1,26,5,0,1,1,107200
Viman Nagar,plot,sale,fully-furnished,0,2563,1,9,9,0,1,1,24568800
Pimple Saudagar,commercial,sale,semi-furnished,0,4029,1,2,3,0,1,0,28039700
Pimpri,apartment,rent,semi-furnished,2,492,2,30,1,7,11,0,16100
Undri,apartment,rent,unfurnished,2,1036,2,28,0,1,13,0,22500
Undri,apartment,sale,fully-furnished,1,463,1,17,6,1,6,0,2203800
Shivajinagar,studio,rent,semi-furnished,1,671,1,22,6,1,4,1,36600
Aundh,villa,rent,unfurnished,2,2804,2,15,5,0,9,1,541000
Viman Nagar,villa,sale,semi-furnished,1,3050,1,18,8,3,4,1,41451800
Kothrud,studio,sale,fully-furnished,1,640,1,16,4,9,10,1,6546100
Pashan,apartment,sale,semi-furnished,2,919,2,18,4,2,8,0,7776600
Chinchwad,villa,sale,semi-furnished,2,4190,2,23,6,4,6,0,26466500
Pimple Saudagar,apartment,sale,fully-furnished,3,1255,3,26,0,0,7,0,9879500
Kothrud,apartment,sale,semi-furnished,2,1044,2,2,6,7,12,1,11533600
Baner,apartment,rent,semi-furnished,1,494,1,19,4,5,8,1,20700
Hinjewadi,apartment,rent,semi-furnished,2,1131,2,10,4,15,16,1,39600
Chinchwad,apartment,rent,fully-furnished,2,905,2,31,2,7,14,0,34100
Wakad,villa,rent,semi-furnished,2,4629,2,31,8,6,9,1,583400
Koregaon Park,house,sale,semi-furnished,3,1356,3,20,8,0,2,0,15838100
Wanowrie,apartment,rent,fully-furnished,2,1402,2,21,3,2,10,0,49800
Hinjewadi,studio,sale,unfurnished,1,695,1,29,5,7,16,1,3929100
Pisoli,apartment,sale,semi-furnished,3,1150,3,14,4,5,11,0,5361500
Pashan,plot,rent,fully-furnished,0,4950,1,16,4,0,1,0,158000
Kharadi,commercial,sale,semi-furnished,0,2605,1,2,5,0,1,1,11994000
Shivajinagar,apartment,sale,unfurnished,2,1046,2,3,6,1,4,1,12332400
Kothrud,studio,sale,fully-furnished,1,450,1,24,3,10,20,1,3708100
Baner,plot,sale,fully-furnished,0,2285,1,1,4,0,1,1,27410700
Pimpri,apartment,sale,fully-furnished,3,1323,3,2,0,11,11,0,11449100
Kharadi,house,sale,unfurnished,3,1222,3,26,7,10,14,1,9628200
Kharadi,house,rent,semi-furnished,3,1501,3,7,6,2,3,1,85700
Kothrud,apartment,sale,semi-furnished,4,1663,4,1,4,15,18,1,24139000
Pimpri,apartment,sale,fully-furnished,2,944,2,22,2,2,2,0,5839000
Viman Nagar,villa,rent,unfurnished,1,2814,1,16,3,7,8,1,595800
Aundh,apartment,rent,semi-furnished,2,1227,2,22,0,0,7,1,52100
Kondhwa,commercial,rent,unfurnished,0,2182,1,6,4,0,1,0,133900
Pimpri,apartment,sale,fully-furnished,2,911,2,30,4,6,16,0,4937100
Wakad,apartment,sale,unfurnished,3,1046,3,27,3,1,8,1,7161900
Aundh,apartment,rent,unfurnished,2,1200,2,17,8,6,9,1,59100
Pimple Saudagar,apartment,sale,unfurnished,3,1130,3,17,3,7,8,0,7542300
Koregaon Park,apartment,rent,semi-furnished,1,495,1,8,8,13,14,0,34500
Wanowrie,villa,rent,semi-furnished,1,2644,1,1,3,13,13,0,419700
Kothrud,apartment,sale,semi-furnished,4,1597,4,23,0,8,12,1,16467000
Bavdhan,house,rent,semi-furnished,2,733,2,28,2,2,18,0,20900
Shivajinagar,apartment,sale,semi-furnished,3,1134,3,22,5,6,9,1,11553400
Kalyani Nagar,commercial,rent,fully-furnished,0,5007,1,17,8,0,1,0,668900
Wanowrie,villa,rent,unfurnished,2,4221,2,22,2,14,15,0,507600
Viman Nagar,apartment,rent,fully-furnished,2,1117,2,29,4,0,2,1,79100
Balewadi,apartment,sale,unfurnished,5,1970,5,19,2,6,10,0,17143900
Shivajinagar,house,rent,unfurnished,3,1078,3,7,7,1,8,1,67700
Baner,house,rent,semi-furnished,4,1523,4,17,1,8,13,1,143500
Pashan,house,sale,semi-furnished,2,1110,2,7,6,12,20,0,10885200
Aundh,apartment,sale,unfurnished,2,1250,2,19,6,2,6,1,9185500
Wakad,apartment,sale,unfurnished,1,535,1,2,5,4,15,1,4032600
Hadapsar,villa,sale,semi-furnished,3,2106,3,14,3,8,8,0,13313300
Kondhwa,house,sale,fully-furnished,1,644,1,13,4,2,13,0,3742000
Pimple Saudagar,apartment,sale,unfurnished,3,1295,3,12,3,9,10,0,9639200
Baner,apartment,sale,unfurnished,2,863,2,14,4,2,11,1,6564600
Balewadi,apartment,sale,semi-furnished,2,1140,2,4,4,9,10,0,11820500
Wakad,apartment,rent,unfurnished,4,1513,4,28,6,14,15,1,108200
Aundh,apartment,sale,fully-furnished,1,944,1,7,5,3,19,1,8822200
Wagholi,plot,sale,unfurnished,0,4906,1,14,3,0,1,0,14716100
Undri,apartment,rent,unfurnished,2,1224,2,11,3,4,9,0,28200
Kharadi,studio,sale,unfurnished,1,533,1,19,5,5,8,1,3549900
Hinjewadi,house,sale,unfurnished,4,2044,4,7,2,2,16,1,16797500
Pimpri,apartment,rent,semi-furnished,2,1151,2,23,4,1,2,0,39000
Koregaon Park,apartment,rent,unfurnished,4,1653,4,31,6,15,17,0,178900
Hinjewadi,plot,sale,fully-furnished,0,4863,1,1,4,0,1,1,40654500
Kharadi,commercial,sale,unfurnished,0,5985,1,0,3,0,1,1,60940400
Pisoli,apartment,sale,unfurnished,2,924,2,5,1,6,7,0,5350800
Koregaon Park,apartment,sale,semi-furnished,2,957,2,16,6,4,16,0,13404400
Kothrud,apartment,sale,semi-furnished,2,693,2,20,6,4,5,1,5870100
Pimple Saudagar,apartment,sale,unfurnished,1,684,1,15,0,3,7,0,3328300
Kalyani Nagar,apartment,rent,fully-furnished,3,1625,3,31,9,11,14,0,154700
Kothrud,apartment,rent,unfurnished,3,1019,3,12,4,6,8,1,57100
Baner,commercial,sale,unfurnished,0,687,1,0,2,0,1,1,7571800
Pimple Saudagar,studio,rent,unfurnished,1,597,1,21,4,1,8,0,19000
Chinchwad,apartment,sale,fully-furnished,4,1544,4,21,2,1,3,0,11356700
Pisoli,apartment,sale,semi-furnished,4,1384,4,17,3,6,6,0,8005600
Baner,apartment,rent,semi-furnished,2,1137,2,16,5,7,7,1,60700
Balewadi,plot,rent,unfurnished,0,4643,1,1,2,0,1,0,149500
Hadapsar,villa,sale,fully-furnished,2,1470,2,24,1,6,18,0,10774800
Koregaon Park,studio,sale,unfurnished,1,546,1,2,8,11,13,0,7295400
Undri,house,rent,unfurnished,3,1585,3,13,2,5,7,0,51800
Chinchwad,villa,rent,fully-furnished,3,5023,3,3,3,14,14,0,609700
Hinjewadi,apartment,sale,semi-furnished,2,1152,2,24,4,1,13,1,7984600
Camp,apartment,rent,semi-furnished,1,851,1,31,3,1,2,0,18200
Pimpri,apartment,sale,fully-furnished,3,1135,3,10,4,6,6,0,8240200
Hinjewadi,house,rent,fully-furnished,5,1982,5,5,0,4,13,1,202100
Chinchwad,studio,sale,semi-furnished,1,551,1,6,1,11,14,0,3570100
Hadapsar,house,rent,unfurnished,3,1526,3,3,5,4,4,0,47800
Magarpatta,commercial,rent,semi-furnished,0,1603,1,19,9,0,1,0,169200
Wakad,apartment,rent,fully-furnished,2,780,2,16,7,2,3,1,44600
Magarpatta,villa,sale,unfurnished,3,1786,3,1,5,8,10,0,21879700
Hinjewadi,apartment,sale,semi-furnished,1,438,1,27,0,11,14,1,2450700
Viman Nagar,house,sale,unfurnished,2,1050,2,26,5,10,12,1,8706200
Viman Nagar,apartment,rent,semi-furnished,1,719,1,0,8,11,13,1,27400
Magarpatta,plot,sale,fully-furnished,0,1722,1,2,5,0,1,0,12872700
Pimple Saudagar,apartment,sale,semi-furnished,3,1467,3,12,2,2,4,0,10986900
Viman Nagar,plot,sale,semi-furnished,0,1592,1,4,9,0,1,1,12770900
Chinchwad,apartment,rent,semi-furnished,3,1520,3,16,5,8,8,0,63200
Kondhwa,apartment,rent,fully-furnished,2,1002,2,11,0,6,9,0,27300
Hadapsar,apartment,rent,unfurnished,3,917,3,15,0,2,2,0,36100
Shivajinagar,apartment,rent,semi-furnished,3,1442,3,18,10,4,11,1,114800
Undri,commercial,sale,semi-furnished,0,5186,1,19,1,0,1,0,36289800
Undri,apartment,rent,fully-furnished,2,705,2,13,2,1,10,0,22600
Hadapsar,apartment,sale,fully-furnished,2,1212,2,5,0,10,13,0,9039600
Wakad,studio,sale,unfurnished,1,480,1,23,6,4,10,1,3445200
Viman Nagar,commercial,sale,semi-furnished,0,4231,1,20,5,0,1,1,44690200
Pimpri,commercial,sale,fully-furnished,0,5985,1,2,7,0,1,0,26217700
Camp,studio,sale,unfurnished,1,432,1,24,5,0,10,0,2532800
Koregaon Park,villa,rent,semi-furnished,2,2130,2,31,8,11,11,0,700000
Balewadi,apartment,rent,semi-furnished,2,795,2,5,3,4,6,0,36900
Pashan,apartment,sale,unfurnished,3,1572,3,24,4,9,9,0,10259700
Kondhwa,apartment,sale,fully-furnished,2,786,2,13,0,1,5,0,5114600
Balewadi,studio,rent,unfurnished,1,602,1,11,3,0,10,0,20500
Baner,studio,sale,semi-furnished,1,517,1,12,6,0,3,1,5205900
Shivajinagar,apartment,rent,fully-furnished,3,1378,3,31,6,4,9,1,113000
Wagholi,apartment,rent,semi-furnished,3,1264,3,12,0,5,12,0,40800
Wakad,plot,sale,fully-furnished,0,3530,1,3,4,0,1,1,23754800
Kothrud,studio,sale,semi-furnished,1,434,1,16,3,3,8,1,3454700
Chinchwad,apartment,sale,fully-furnished,4,1862,4,8,0,6,14,0,14367400
Aundh,apartment,sale,semi-furnished,4,1393,4,29,0,3,5,1,13118400
Koregaon Park,apartment,sale,semi-furnished,2,1013,2,6,5,6,11,0,16080200
Hinjewadi,villa,rent,unfurnished,3,3638,3,21,1,4,9,1,647900
Undri,house,rent,unfurnished,1,1017,1,31,4,8,11,0,14900
Balewadi,plot,sale,unfurnished,0,1462,1,5,4,0,1,0,9525400
Koregaon Park,studio,rent,fully-furnished,1,300,1,31,10,0,5,0,34000
Undri,studio,rent,semi-furnished,1,436,1,17,6,10,19,0,14500
Baner,studio,sale,semi-furnished,1,404,1,30,6,6,8,1,3775900
Koregaon Park,apartment,rent,semi-furnished,1,935,1,8,5,5,8,0,29300
Viman Nagar,house,sale,unfurnished,2,716,2,18,6,4,13,1,5973400
Magarpatta,apartment,rent,unfurnished,2,895,2,9,1,7,12,0,37300
Hinjewadi,apartment,sale,unfurnished,3,1282,3,26,0,1,4,1,6768900
Wagholi,apartment,rent,fully-furnished,2,945,2,14,4,1,15,0,40800
Pimple Saudagar,apartment,sale,fully-furnished,3,1289,3,17,1,1,7,0,8474500
Undri,plot,sale,fully-furnished,0,4675,1,11,4,0,1,0,30248500
Aundh,apartment,rent,semi-furnished,3,1488,3,21,4,6,9,1,98300
Pimple Saudagar,apartment,rent,semi-furnished,2,981,2,27,3,11,14,0,32000
Undri,apartment,sale,unfurnished,1,637,1,22,0,9,14,0,2307400
Pimple Saudagar,studio,sale,fully-furnished,1,438,1,9,4,6,8,0,3786000
Chinchwad,studio,sale,fully-furnished,1,509,1,19,3,0,7,0,2651500
Hadapsar,plot,rent,unfurnished,0,1554,1,28,2,0,1,0,23000
Wagholi,plot,sale,semi-furnished,0,2880,1,6,2,0,1,0,10719600
Kharadi,apartment,rent,semi-furnished,3,1140,3,17,4,2,9,1,66900
Hinjewadi,apartment,rent,semi-furnished,2,933,2,0,1,1,9,1,42000
Chinchwad,plot,sale,unfurnished,0,1064,1,17,1,0,1,0,4029800
Pimple Saudagar,apartment,sale,semi-furnished,3,1356,3,26,3,2,2,0,10014800
Kalyani Nagar,apartment,rent,semi-furnished,2,1035,2,26,7,1,2,0,64200
Pisoli,apartment,rent,fully-furnished,3,1127,3,18,4,5,5,0,57300
Chinchwad,apartment,rent,semi-furnished,2,1052,2,31,3,12,12,0,18800
Balewadi,apartment,sale,unfurnished,2,956,2,21,5,3,4,0,7241300
Baner,apartment,sale,semi-furnished,3,1167,3,9,4,6,7,1,15256900
Kothrud,apartment,rent,semi-furnished,3,1305,3,22,3,13,22,1,71200
Balewadi,apartment,sale,unfurnished,3,1387,3,0,2,6,6,0,14542500
Kothrud,apartment,rent,unfurnished,3,1271,3,12,1,8,13,1,56300
Shivajinagar,apartment,sale,semi-furnished,1,664,1,24,6,1,7,1,5624000
Kothrud,apartment,sale,fully-furnished,3,1156,3,5,7,1,15,1,17225900
Wakad,apartment,sale,fully-furnished,2,1041,2,26,0,0,7,1,6210800
Chinchwad,apartment,sale,semi-furnished,3,1145,3,31,0,1,2,0,5333300
Viman Nagar,apartment,sale,unfurnished,4,2033,4,23,4,14,14,1,21819700
Pisoli,studio,rent,fully-furnished,1,452,1,20,2,4,13,0,12900
Viman Nagar,commercial,sale,unfurnished,0,5045,1,24,4,0,1,1,40753700
Kharadi,apartment,sale,unfurnished,3,1153,3,28,6,3,5,1,7805200
Magarpatta,apartment,sale,unfurnished,2,1061,2,4,6,4,4,0,10126000
Viman Nagar,apartment,rent,fully-furnished,3,1203,3,31,7,0,5,1,123100
Aundh,villa,sale,semi-furnished,2,1397,2,21,4,0,2,1,15241000
Kondhwa,apartment,sale,fully-furnished,3,1615,3,20,3,3,6,0,12514100
Hinjewadi,house,sale,unfurnished,2,1116,2,12,9,5,11,1,8766100
Baner,studio,sale,semi-furnished,1,560,1,0,7,0,9,1,6009800
Wakad,apartment,sale,fully-furnished,2,816,2,4,6,19,20,1,9264700
Pimpri,apartment,rent,unfurnished,3,1412,3,20,3,1,9,0,47300
Hinjewadi,apartment,rent,semi-furnished,4,1588,4,25,3,5,12,1,126800
Pimple Saudagar,villa,rent,semi-furnished,5,2086,5,24,4,4,11,0,253200
Pimpri,apartment,sale,fully-furnished,2,1140,2,17,0,1,12,0,6980400
Chinchwad,apartment,sale,semi-furnished,1,451,1,20,6,1,10,0,1860300
Pimple Saudagar,apartment,sale,semi-furnished,2,1229,2,13,1,0,12,0,6994500
Koregaon Park,studio,sale,semi-furnished,1,395,1,3,8,1,7,0,4927900
Hadapsar,apartment,sale,unfurnished,2,974,2,10,0,4,14,0,5179600
Hadapsar,apartment,rent,semi-furnished,4,1564,4,20,2,9,16,0,76300
Pimple Saudagar,studio,sale,unfurnished,1,506,1,23,1,9,9,0,2747100
Magarpatta,plot,rent,unfurnished,0,1556,1,11,7,0,1,0,40000
Viman Nagar,studio,rent,unfurnished,1,474,1,25,9,8,8,1,27900
Viman Nagar,studio,rent,fully-furnished,1,452,1,7,9,9,11,1,31900
Aundh,plot,sale,unfurnished,0,1278,1,10,3,0,1,1,10008300
Shivajinagar,villa,rent,fully-furnished,2,4075,2,4,9,4,5,1,1304200
Hinjewadi,apartment,rent,unfurnished,4,1569,4,17,0,11,16,1,86100
Hinjewadi,villa,sale,semi-furnished,2,2787,2,5,1,0,4,1,25388900
Viman Nagar,apartment,rent,unfurnished,1,546,1,10,8,8,12,1,18300
Baner,villa,rent,unfurnished,4,2755,4,28,8,7,8,1,454800
Undri,apartment,sale,fully-furnished,1,875,1,25,2,1,9,0,3990400
Shivajinagar,apartment,sale,unfurnished,3,1118,3,10,7,3,21,1,14846700
Wakad,apartment,rent,fully-furnished,3,1659,3,15,1,5,13,1,98600
Shivajinagar,apartment,rent,semi-furnished,2,1060,2,10,6,6,15,1,67400
Wakad,apartment,sale,semi-furnished,1,859,1,0,6,5,11,1,7574000
Kharadi,apartment,sale,unfurnished,3,1176,3,14,6,0,4,1,9617700
Kalyani Nagar,studio,sale,unfurnished,1,538,1,7,3,3,4,0,5890200
Undri,villa,sale,semi-furnished,2,3438,2,18,0,15,19,0,17519900
Kharadi,apartment,rent,unfurnished,3,1553,3,19,4,1,12,1,89300
Kharadi,apartment,rent,semi-furnished,3,1557,3,16,6,13,13,1,80900
Viman Nagar,plot,sale,semi-furnished,0,835,1,28,6,0,1,1,3510600
Pisoli,apartment,sale,semi-furnished,3,1352,3,17,3,0,6,0,6871200
Magarpatta,apartment,sale,fully-furnished,2,1297,2,27,10,5,7,0,9260600
Shivajinagar,house,sale,unfurnished,3,1210,3,31,4,0,17,1,10755300
Baner,apartment,sale,unfurnished,3,1171,3,11,3,8,12,1,11857200
Hinjewadi,studio,rent,semi-furnished,1,300,1,4,2,5,5,1,13200
Viman Nagar,studio,sale,unfurnished,1,462,1,24,6,1,6,1,3361900
Chinchwad,commercial,rent,semi-furnished,0,4143,1,30,5,0,1,0,136300
Kalyani Nagar,apartment,sale,unfurnished,2,919,2,13,2,7,11,0,9485300
Camp,apartment,sale,semi-furnished,2,920,2,27,4,10,11,0,6179500
Hadapsar,commercial,sale,fully-furnished,0,1632,1,17,5,0,1,0,11544700
Bavdhan,apartment,rent,semi-furnished,2,983,2,2,4,10,16,0,35600
Chinchwad,apartment,sale,semi-furnished,3,1193,3,10,1,6,7,0,5860900
Koregaon Park,house,rent,fully-furnished,1,467,1,29,6,3,8,0,27800
Koregaon Park,apartment,rent,fully-furnished,2,1146,2,10,8,1,4,0,66400
Hinjewadi,studio,sale,semi-furnished,1,700,1,11,1,0,2,1,3887800
Hinjewadi,apartment,sale,fully-furnished,2,1075,2,18,0,0,2,1,6894700
Balewadi,studio,rent,unfurnished,1,800,1,23,0,8,8,0,19600
Koregaon Park,house,rent,unfurnished,2,981,2,14,6,3,18,0,65400
Viman Nagar,apartment,rent,semi-furnished,4,1550,4,0,6,1,3,1,169500
Undri,apartment,sale,unfurnished,3,1521,3,23,0,2,2,0,7026300
Koregaon Park,apartment,sale,unfurnished,1,892,1,17,5,7,17,0,8283000
Boat Club Road,apartment,sale,semi-furnished,3,1269,3,7,6,11,11,0,23279000
Koregaon Park,commercial,rent,unfurnished,0,1338,1,13,8,0,1,0,237300
Pisoli,apartment,rent,semi-furnished,4,1833,4,31,4,1,4,0,97400
Koregaon Park,apartment,sale,unfurnished,3,1257,3,20,9,1,17,0,16546300
Hinjewadi,apartment,rent,semi-furnished,3,1609,3,27,6,8,13,1,87100
Kalyani Nagar,villa,sale,unfurnished,3,3828,3,1,10,0,2,0,59873700
Pimple Saudagar,villa,sale,unfurnished,2,3203,2,29,2,10,10,0,20537200
Hinjewadi,commercial,sale,semi-furnished,0,2918,1,1,2,0,1,1,50296300
Pimpri,apartment,sale,semi-furnished,2,911,2,20,2,0,12,0,4582400
Shivajinagar,studio,sale,semi-furnished,1,580,1,15,10,0,2,1,5500700
Undri,apartment,rent,semi-furnished,2,933,2,2,0,1,11,0,20000
Pimple Saudagar,villa,sale,unfurnished,3,3123,3,9,4,5,14,0,24588900
Viman Nagar,studio,sale,unfurnished,1,443,1,10,4,4,6,1,4698800
Viman Nagar,house,sale,semi-furnished,2,1054,2,23,5,5,7,1,11610900
Koregaon Park,apartment,sale,fully-furnished,3,1237,3,30,5,2,6,0,16242700
Kharadi,apartment,sale,semi-furnished,2,1232,2,29,3,9,12,1,7400100
Aundh,studio,sale,semi-furnished,1,448,1,15,8,5,5,1,4168700
Kothrud,villa,sale,unfurnished,3,3851,3,19,5,3,8,1,30061700
Koregaon Park,apartment,sale,semi-furnished,2,990,2,30,8,1,13,0,12227500
Pimple Saudagar,apartment,sale,semi-furnished,1,1022,1,27,4,14,14,0,5176100
Chinchwad,apartment,sale,fully-furnished,5,1703,5,14,2,0,6,0,13692700
Shivajinagar,apartment,rent,semi-furnished,3,1419,3,0,7,9,10,1,113700
Viman Nagar,studio,sale,semi-furnished,1,354,1,3,8,4,12,1,5096300
Wakad,studio,sale,unfurnished,1,470,1,30,7,10,18,1,2753000
Pimpri,house,rent,semi-furnished,3,1502,3,20,2,9,19,0,48200
Kothrud,villa,rent,unfurnished,2,3661,2,25,2,5,6,1,627100
Balewadi,apartment,sale,fully-furnished,3,1308,3,30,3,4,6,0,13906000
Pimpri,apartment,sale,unfurnished,2,1079,2,2,2,8,13,0,5419000
Aundh,apartment,sale,semi-furnished,1,916,1,2,4,8,8,1,9404700
Aundh,apartment,rent,semi-furnished,2,996,2,20,6,2,7,1,41000
Viman Nagar,apartment,sale,unfurnished,3,1339,3,20,3,4,9,1,11774600
Hinjewadi,apartment,sale,fully-furnished,2,1198,2,1,3,9,15,1,11232200
Bavdhan,house,sale,fully-furnished,1,390,1,19,1,1,6,0,1983100
Kothrud,house,sale,unfurnished,4,1750,4,25,2,8,8,1,15841800
Undri,apartment,rent,fully-furnished,2,1124,2,24,7,2,8,0,31700
Kothrud,studio,sale,unfurnished,1,517,1,9,7,2,2,1,4447500
Hinjewadi,apartment,sale,semi-furnished,3,1272,3,21,1,1,9,1,7630500
Koregaon Park,apartment,rent,semi-furnished,1,672,1,0,7,0,10,0,19800
Hinjewadi,commercial,rent,semi-furnished,0,5159,1,28,4,0,1,1,344200
Koregaon Park,apartment,rent,fully-furnished,1,655,1,18,5,11,12,0,37900
Pimpri,apartment,sale,semi-furnished,3,1369,3,12,6,2,3,0,9577300
Aundh,apartment,rent,semi-furnished,2,816,2,15,3,1,10,1,37900
Baner,apartment,rent,semi-furnished,3,1073,3,10,5,2,19,1,84100
Magarpatta,apartment,sale,fully-furnished,1,750,1,15,5,1,14,0,5819800
Wakad,commercial,rent,semi-furnished,0,2258,1,9,5,0,1,1,161300
Hinjewadi,commercial,sale,unfurnished,0,3636,1,24,1,0,1,1,17835600
Pimple Saudagar,studio,sale,unfurnished,1,443,1,15,1,3,11,0,2618600
Wakad,plot,sale,fully-furnished,0,1672,1,27,8,0,1,1,7891400
Chinchwad,studio,sale,semi-furnished,1,693,1,9,2,1,9,0,3919800
Hinjewadi,villa,rent,unfurnished,2,2341,2,2,4,4,14,1,504000
Kharadi,house,rent,semi-furnished,1,660,1,24,3,2,3,1,21100
Kharadi,apartment,sale,unfurnished,3,975,3,26,0,1,6,1,5120300
Bavdhan,apartment,sale,fully-furnished,2,1252,2,24,6,5,7,0,7842000
Koregaon Park,apartment,rent,fully-furnished,2,838,2,12,6,4,11,0,49900
Wanowrie,villa,rent,unfurnished,3,2506,3,31,0,0,2,0,302300
Wanowrie,house,rent,unfurnished,3,1336,3,16,5,6,11,0,56300
Pimple Saudagar,apartment,sale,fully-furnished,3,1553,3,13,0,4,7,0,13134000
Undri,apartment,rent,semi-furnished,4,1740,4,25,1,7,16,0,80900
Hinjewadi,apartment,rent,unfurnished,2,1105,2,28,0,9,9,1,32900
Shivajinagar,studio,sale,unfurnished,1,481,1,13,4,3,7,1,4731300
Chinchwad,commercial,sale,unfurnished,0,3084,1,17,0,0,1,0,21692400
Boat Club Road,apartment,rent,semi-furnished,3,1571,3,7,7,16,16,0,80700
Wakad,studio,sale,fully-furnished,1,493,1,3,2,7,9,1,5529600
Pimple Saudagar,apartment,sale,unfurnished,3,1567,3,23,6,1,6,0,10752000
Pisoli,apartment,rent,unfurnished,1,800,1,27,1,14,14,0,9500
Aundh,apartment,sale,semi-furnished,2,869,2,1,5,5,9,1,9500800
Pimpri,apartment,sale,unfurnished,1,768,1,17,0,1,16,0,2510400
Shivajinagar,villa,sale,semi-furnished,5,2571,5,27,10,5,18,1,30615800
Pimple Saudagar,plot,sale,unfurnished,0,1606,1,24,3,0,1,0,5806300
Kondhwa,apartment,sale,semi-furnished,3,1210,3,7,6,0,22,0,8899900
Pisoli,apartment,rent,semi-furnished,2,1042,2,8,6,1,5,0,36200
Aundh,house,rent,unfurnished,1,836,1,18,6,0,3,1,27900
Shivajinagar,apartment,rent,unfurnished,3,1401,3,2,7,0,13,1,98800
Wakad,house,sale,fully-furnished,2,1127,2,9,6,2,10,1,10862600
Baner,villa,sale,unfurnished,3,2380,3,20,0,0,2,1,24330000
Undri,apartment,rent,unfurnished,4,1853,4,20,1,5,15,0,76800
Hinjewadi,villa,sale,semi-furnished,3,2435,3,30,4,1,4,1,16447700
Magarpatta,apartment,sale,unfurnished,3,1354,3,7,6,5,14,0,11605700
Hinjewadi,house,sale,semi-furnished,3,1226,3,9,2,3,8,1,11055300
Baner,apartment,rent,semi-furnished,4,1572,4,10,4,0,12,1,145600
Koregaon Park,house,sale,semi-furnished,3,1317,3,25,8,11,16,0,18117300
Baner,studio,sale,fully-furnished,1,450,1,2,2,6,8,1,5366500
Hadapsar,plot,rent,unfurnished,0,1391,1,25,0,0,1,0,36300
Aundh,commercial,rent,semi-furnished,0,3772,1,23,8,0,1,1,449000
Wakad,apartment,sale,unfurnished,2,811,2,8,3,0,2,1,6550100
Koregaon Park,apartment,rent,fully-furnished,4,1714,4,20,10,0,2,0,236700
Baner,apartment,rent,fully-furnished,3,1439,3,25,4,14,14,1,103300
Magarpatta,plot,rent,fully-furnished,0,4353,1,2,4,0,1,0,121300
Kalyani Nagar,apartment,sale,unfurnished,3,1087,3,16,8,10,11,0,13630700
Wakad,apartment,rent,semi-furnished,1,534,1,14,1,13,13,1,14200
Pashan,apartment,sale,fully-furnished,2,1001,2,29,5,0,2,0,6950000
Wagholi,apartment,rent,semi-furnished,4,1860,4,18,3,1,3,0,85000
Chinchwad,apartment,rent,unfurnished,2,980,2,15,2,3,3,0,13500
Camp,apartment,rent,semi-furnished,3,1353,3,22,5,10,12,0,98800
Pimple Saudagar,commercial,sale,fully-furnished,0,3494,1,18,0,0,1,0,42454700
Hinjewadi,plot,sale,unfurnished,0,1324,1,11,0,0,1,1,4123400
Kondhwa,apartment,sale,unfurnished,2,1021,2,1,5,0,2,0,6566300
Pashan,studio,sale,fully-furnished,1,609,1,26,3,20,20,0,5028500
Aundh,apartment,rent,unfurnished,1,827,1,27,4,4,12,1,26300
Koregaon Park,studio,rent,unfurnished,1,650,1,31,6,5,8,0,22700
Wakad,apartment,sale,unfurnished,3,1226,3,28,7,7,13,1,8154600
Viman Nagar,studio,rent,fully-furnished,1,584,1,14,8,1,7,1,42800
Balewadi,apartment,sale,semi-furnished,3,1016,3,17,3,6,14,0,8287000
Kothrud,studio,sale,semi-furnished,1,479,1,19,4,2,13,1,4212600
Kothrud,apartment,sale,semi-furnished,2,903,2,9,6,3,21,1,8673500
Kharadi,commercial,sale,fully-furnished,0,4840,1,4,3,0,1,1,79439200
Hinjewadi,apartment,sale,fully-furnished,4,1803,4,5,2,5,10,1,22066700
Balewadi,studio,rent,semi-furnished,1,568,1,30,3,2,2,0,21800
Baner,apartment,sale,fully-furnished,2,1061,2,13,7,3,5,1,12781200
Kothrud,apartment,sale,semi-furnished,2,895,2,6,2,3,12,1,8797700
Magarpatta,apartment,sale,semi-furnished,2,865,2,11,5,0,5,0,6361300
Pisoli,house,rent,fully-furnished,2,1334,2,14,2,2,9,0,39100
Baner,apartment,sale,semi-furnished,1,740,1,14,4,6,8,1,7066400
Koregaon Park,apartment,sale,unfurnished,4,1400,4,7,10,1,12,0,23477100
Viman Nagar,apartment,rent,semi-furnished,3,1298,3,19,7,4,13,1,90100
Kondhwa,house,sale,semi-furnished,2,1224,2,28,5,4,6,0,6421900
Pashan,apartment,sale,semi-furnished,3,1383,3,26,9,4,4,0,10862300
Undri,apartment,sale,semi-furnished,1,280,1,16,0,0,15,0,1500000
Pimpri,studio,sale,unfurnished,1,612,1,0,4,9,10,0,3751800
Shivajinagar,apartment,sale,semi-furnished,2,1046,2,17,4,4,13,1,11568100
Viman Nagar,apartment,sale,unfurnished,3,998,3,16,5,3,6,1,11745300
Pimple Saudagar,plot,rent,semi-furnished,0,1752,1,6,1,0,1,0,46000
Hadapsar,studio,rent,semi-furnished,1,300,1,23,7,6,7,0,12300
Baner,house,sale,unfurnished,3,1057,3,2,4,2,6,1,10157300
Baner,apartment,rent,semi-furnished,4,1610,4,0,8,1,4,1,154000
Pimpri,villa,rent,unfurnished,2,3243,2,8,3,3,5,0,363400
Pimple Saudagar,apartment,rent,unfurnished,3,1628,3,18,4,2,12,0,82500
Undri,apartment,sale,fully-furnished,4,1507,4,5,2,15,15,0,11020400
Chinchwad,house,sale,semi-furnished,2,1123,2,20,5,14,14,0,6286800
Pisoli,apartment,rent,unfurnished,2,743,2,30,0,3,11,0,17400
Koregaon Park,commercial,sale,semi-furnished,0,5053,1,10,6,0,1,0,112333400
Wagholi,apartment,sale,fully-furnished,1,392,1,22,3,0,3,0,1770600
Pimple Saudagar,apartment,rent,semi-furnished,2,1329,2,23,3,0,8,0,51700
Shivajinagar,apartment,sale,semi-furnished,2,953,2,4,6,3,3,1,12777300
Boat Club Road,studio,sale,semi-furnished,1,447,1,13,6,8,14,0,5004900
Hadapsar,apartment,rent,unfurnished,2,1075,2,2,1,4,5,0,30200
Magarpatta,apartment,sale,semi-furnished,5,1909,5,18,3,16,17,0,20464200
Koregaon Park,apartment,sale,semi-furnished,2,1097,2,8,8,10,17,0,15535200
Pimpri,studio,rent,unfurnished,1,464,1,23,5,1,7,0,12300
Kothrud,plot,sale,semi-furnished,0,2577,1,26,4,0,1,1,14636900
Koregaon Park,apartment,sale,semi-furnished,2,1033,2,9,6,0,12,0,13176800
Kalyani Nagar,apartment,rent,unfurnished,2,1126,2,16,7,0,6,0,58300
Baner,house,rent,unfurnished,3,1324,3,19,8,2,14,1,87500
Viman Nagar,commercial,sale,unfurnished,0,2381,1,23,10,0,1,1,18452900
Pimple Saudagar,studio,sale,fully-furnished,1,410,1,6,0,6,7,0,2788800
Hinjewadi,villa,sale,unfurnished,3,2646,3,26,2,3,9,1,14833900
Kharadi,studio,sale,unfurnished,1,584,1,24,5,7,9,1,3525100
Baner,apartment,sale,semi-furnished,4,1502,4,11,3,14,15,1,16576700
Magarpatta,apartment,sale,semi-furnished,3,1217,3,17,3,15,21,0,10537300
Viman Nagar,studio,sale,semi-furnished,1,522,1,31,4,7,8,1,3757400
Pashan,house,sale,semi-furnished,3,1274,3,28,4,8,14,0,9918100
Hadapsar,apartment,sale,unfurnished,2,1205,2,5,4,0,2,0,8010300
Hinjewadi,apartment,rent,fully-furnished,3,1210,3,31,0,0,13,1,58000
Balewadi,villa,rent,unfurnished,2,2089,2,27,5,12,16,0,543500
Pisoli,apartment,rent,unfurnished,3,1388,3,20,0,0,5,0,33000
Pimpri,apartment,sale,semi-furnished,2,926,2,10,2,4,6,0,4201700
Baner,apartment,sale,fully-furnished,3,1117,3,30,1,3,10,1,9430100
Kondhwa,apartment,sale,fully-furnished,2,1003,2,15,1,0,8,0,7502500
Pisoli,plot,rent,semi-furnished,0,3214,1,21,0,0,1,0,34800
Aundh,apartment,sale,fully-furnished,3,964,3,14,6,4,7,1,11839700
Kharadi,apartment,sale,semi-furnished,3,1510,3,11,1,6,11,1,11703000
Kharadi,apartment,sale,unfurnished,1,855,1,3,5,12,13,1,6753200
Kharadi,house,sale,fully-furnished,2,895,2,9,5,13,14,1,9849500
Chinchwad,commercial,sale,unfurnished,0,4232,1,3,7,0,1,0,15753300
Boat Club Road,commercial,sale,fully-furnished,0,1681,1,8,9,0,1,0,32802700
Kondhwa,house,sale,semi-furnished,2,1050,2,20,4,8,13,0,5627200
Koregaon Park,apartment,sale,unfurnished,3,1472,3,20,7,7,10,0,20986700
Kothrud,house,sale,semi-furnished,2,946,2,26,5,6,10,1,6825500
Viman Nagar,studio,rent,semi-furnished,1,490,1,25,5,10,18,1,30400
Hadapsar,apartment,sale,unfurnished,2,959,2,9,4,7,11,0,6409800
Balewadi,apartment,sale,semi-furnished,2,643,2,9,4,0,10,0,5983800
Hadapsar,villa,sale,unfurnished,3,2422,3,22,3,3,7,0,13759800
Undri,apartment,rent,semi-furnished,2,1128,2,3,3,0,10,0,27800
Pimple Saudagar,studio,sale,fully-furnished,1,489,1,23,2,4,6,0,3590300
Kharadi,apartment,sale,unfurnished,2,1092,2,20,5,10,10,1,7504100
Kothrud,studio,rent,unfurnished,1,486,1,26,5,0,3,1,24900
Pimple Saudagar,villa,rent,fully-furnished,3,2863,3,5,3,0,11,0,483800
Kalyani Nagar,apartment,sale,fully-furnished,2,763,2,20,7,1,16,0,7541900
Koregaon Park,studio,rent,unfurnished,1,394,1,2,8,2,4,0,22700
Hinjewadi,commercial,sale,fully-furnished,0,4049,1,25,0,0,1,1,44420900
Magarpatta,apartment,rent,unfurnished,1,338,1,5,5,6,12,0,13300
Chinchwad,apartment,rent,semi-furnished,3,1536,3,25,0,0,5,0,53500
Kharadi,apartment,rent,semi-furnished,3,1172,3,26,7,1,2,1,65100
Chinchwad,apartment,sale,unfurnished,2,1132,2,9,6,1,4,0,6042300
Baner,apartment,rent,fully-furnished,4,1568,4,16,5,14,14,1,174100
Baner,apartment,sale,unfurnished,2,884,2,30,3,1,3,1,5345100
Pisoli,studio,rent,fully-furnished,1,491,1,20,6,10,13,0,17500
Pimple Saudagar,studio,sale,semi-furnished,1,474,1,23,0,7,15,0,2297800
Wagholi,house,sale,semi-furnished,2,1108,2,4,4,14,16,0,7601300
Hinjewadi,apartment,rent,semi-furnished,1,811,1,22,5,3,11,1,23800
Magarpatta,house,sale,fully-furnished,3,1571,3,14,5,3,8,0,11970500
Pimpri,villa,rent,semi-furnished,3,2501,3,0,1,5,11,0,278700
Kharadi,studio,rent,semi-furnished,1,466,1,19,7,3,11,1,20900
Shivajinagar,villa,sale,unfurnished,3,2119,3,27,3,1,21,1,17115400
Pashan,apartment,sale,semi-furnished,5,1751,5,5,2,16,17,0,21294600
Pimple Saudagar,studio,sale,semi-furnished,1,530,1,31,4,5,5,0,3792700
Wagholi,villa,sale,fully-furnished,2,3412,2,9,3,8,10,0,27567200
Wakad,apartment,sale,semi-furnished,4,1319,4,27,6,11,15,1,10907900
Aundh,apartment,sale,semi-furnished,1,392,1,9,2,9,13,1,3683600
Undri,house,sale,unfurnished,1,921,1,28,0,4,7,0,3761400
Wakad,apartment,sale,unfurnished,2,795,2,8,3,11,12,1,5774300
Koregaon Park,apartment,rent,fully-furnished,4,1877,4,19,5,6,6,0,282300
Hadapsar,apartment,sale,fully-furnished,2,1161,2,17,3,3,3,0,8594300
Kothrud,apartment,rent,fully-furnished,3,1053,3,27,6,6,8,1,85700
Baner,apartment,sale,semi-furnished,1,769,1,17,4,1,5,1,7244700
Balewadi,house,sale,semi-furnished,1,740,1,2,5,6,7,0,6409900
Undri,commercial,sale,fully-furnished,0,1144,1,1,0,0,1,0,10460200
Hadapsar,house,rent,unfurnished,2,868,2,12,1,0,13,0,18600
Undri,commercial,sale,semi-furnished,0,287,1,2,2,0,1,0,1500000
Viman Nagar,commercial,rent,semi-furnished,0,2528,1,17,7,0,1,1,327000
Wagholi,studio,sale,semi-furnished,1,502,1,13,1,0,19,0,2580200
Wakad,apartment,sale,fully-furnished,2,1082,2,28,2,5,9,1,7786600
Viman Nagar,studio,sale,fully-furnished,1,382,1,30,8,4,20,1,3405200
Wagholi,studio,rent,semi-furnished,1,300,1,20,1,5,10,0,8600
Kharadi,studio,sale,fully-furnished,1,544,1,7,4,2,14,1,6086900
Baner,commercial,sale,semi-furnished,0,3462,1,0,5,0,1,1,46388500
Koregaon Park,apartment,sale,semi-furnished,2,1041,2,15,7,12,13,0,14481800
Kondhwa,villa,rent,fully-furnished,3,3798,3,7,2,6,8,0,418100
Wakad,studio,rent,semi-furnished,1,574,1,5,3,7,11,1,28100
Aundh,apartment,sale,semi-furnished,3,940,3,0,2,13,15,1,11107500
Viman Nagar,apartment,sale,semi-furnished,2,893,2,26,7,2,2,1,9566000
Balewadi,apartment,rent,fully-furnished,2,1007,2,29,5,5,18,0,55900
Wanowrie,commercial,sale,fully-furnished,0,1151,1,24,0,0,1,0,5002800
Magarpatta,apartment,rent,semi-furnished,3,1051,3,31,9,2,11,0,86200
Shivajinagar,apartment,sale,fully-furnished,4,1548,4,16,10,0,2,1,19955700
Koregaon Park,commercial,sale,unfurnished,0,5869,1,16,6,0,1,0,59532200
Kharadi,commercial,sale,semi-furnished,0,3231,1,23,3,0,1,1,14939300
Koregaon Park,villa,rent,unfurnished,2,2732,2,27,2,14,16,0,628900
Koregaon Park,apartment,sale,unfurnished,3,1215,3,7,6,1,2,0,17607400
Aundh,apartment,rent,fully-furnished,3,1300,3,21,2,0,8,1,87200
Pisoli,house,rent,unfurnished,1,725,1,0,7,15,19,0,9700
Aundh,house,sale,fully-furnished,2,737,2,27,3,0,3,1,6116500
Kharadi,apartment,sale,semi-furnished,2,1143,2,6,6,5,7,1,10188700
Hinjewadi,house,rent,fully-furnished,2,994,2,8,2,2,2,1,56800
Kothrud,apartment,rent,semi-furnished,2,919,2,28,4,0,5,1,53700
Pimple Saudagar,house,rent,semi-furnished,3,1215,3,12,0,1,18,0,52800
Shivajinagar,apartment,rent,unfurnished,1,567,1,8,6,12,15,1,19100
Kalyani Nagar,villa,rent,fully-furnished,3,2799,3,2,7,16,18,0,500600
Undri,apartment,sale,fully-furnished,3,1448,3,26,1,8,9,0,6989600
Magarpatta,studio,rent,fully-furnished,1,433,1,19,6,0,7,0,30200
Kharadi,apartment,rent,unfurnished,4,1757,4,24,3,10,12,1,126500
Pashan,studio,rent,unfurnished,1,510,1,23,0,1,11,0,18400
Hinjewadi,apartment,rent,semi-furnished,3,882,3,17,5,3,7,1,50700
Baner,plot,sale,semi-furnished,0,786,1,11,1,0,1,1,4142400
Chinchwad,house,rent,unfurnished,2,1005,2,20,2,4,8,0,25100
Wagholi,villa,sale,fully-furnished,1,2531,1,27,2,3,5,0,16420700
Koregaon Park,commercial,rent,semi-furnished,0,1129,1,3,5,0,1,0,235700
Magarpatta,apartment,rent,fully-furnished,2,808,2,10,3,2,2,0,43700
Kharadi,apartment,sale,fully-furnished,3,1135,3,10,7,2,7,1,12930800
Kharadi,apartment,sale,semi-furnished,4,1614,4,17,8,7,8,1,17810500
Hadapsar,villa,sale,unfurnished,2,2174,2,15,5,3,6,0,16943600
Wakad,studio,sale,fully-furnished,1,529,1,31,1,3,16,1,3461600
Hinjewadi,commercial,rent,fully-furnished,0,287,1,28,2,0,1,1,66400
Kalyani Nagar,apartment,sale,semi-furnished,2,980,2,17,6,11,12,0,13923100
Hinjewadi,apartment,sale,unfurnished,3,1434,3,22,0,0,9,1,9191200
Hinjewadi,apartment,rent,unfurnished,3,1191,3,8,4,5,7,1,63500
Kalyani Nagar,apartment,sale,fully-furnished,1,507,1,20,3,4,16,0,4884700
Chinchwad,villa,sale,fully-furnished,1,1982,1,26,2,3,12,0,11485400
Chinchwad,apartment,rent,semi-furnished,2,1097,2,0,3,0,3,0,35300
Kalyani Nagar,apartment,sale,semi-furnished,2,838,2,16,9,10,15,0,9308700
Balewadi,studio,rent,unfurnished,1,433,1,29,7,1,7,0,18300
Baner,apartment,rent,semi-furnished,5,2086,5,26,2,0,6,1,260200
Viman Nagar,apartment,sale,unfurnished,5,1911,5,25,4,3,6,1,20024800
Kothrud,apartment,rent,semi-furnished,2,836,2,12,7,3,15,1,41600
Kharadi,apartment,sale,semi-furnished,1,828,1,24,1,2,16,1,4262500
Magarpatta,apartment,rent,fully-furnished,3,1417,3,26,5,1,2,0,103300
Pimple Saudagar,apartment,rent,unfurnished,3,1323,3,5,4,4,15,0,40600
Pimpri,apartment,rent,unfurnished,2,1474,2,19,2,3,5,0,28000
Kondhwa,plot,rent,semi-furnished,0,600,1,7,5,0,1,0,20900
Hinjewadi,studio,rent,fully-furnished,1,370,1,26,3,2,6,1,26300
Kalyani Nagar,apartment,sale,semi-furnished,2,1365,2,17,7,0,11,0,16215000
Chinchwad,studio,sale,fully-furnished,1,620,1,17,2,11,12,0,4079300
Wagholi,apartment,sale,semi-furnished,2,1210,2,23,1,8,12,0,5861800
Aundh,commercial,sale,semi-furnished,0,5820,1,22,3,0,1,1,51038300
Koregaon Park,apartment,rent,unfurnished,3,1788,3,25,7,0,11,0,123500
Viman Nagar,apartment,sale,fully-furnished,3,1056,3,0,6,0,8,1,15453800
Bavdhan,apartment,rent,unfurnished,3,1273,3,27,4,6,10,0,62200
Pimple Saudagar,apartment,rent,semi-furnished,1,862,1,23,6,6,14,0,21000
Kothrud,commercial,sale,semi-furnished,0,4183,1,19,6,0,1,1,31861300
Wagholi,apartment,rent,fully-furnished,3,941,3,19,5,1,10,0,42700
Balewadi,apartment,rent,unfurnished,1,751,1,10,7,12,12,0,29000
Wakad,studio,sale,semi-furnished,1,518,1,21,4,4,6,1,4061600
Pisoli,apartment,rent,fully-furnished,2,1033,2,9,0,12,12,0,30000
Kalyani Nagar,house,sale,semi-furnished,4,1570,4,15,8,10,11,0,29661000
Viman Nagar,apartment,rent,fully-furnished,2,1004,2,10,6,1,2,1,69800
Kondhwa,apartment,rent,fully-furnished,3,1417,3,25,0,2,19,0,73800
Pimple Saudagar,apartment,sale,fully-furnished,2,1140,2,18,2,8,12,0,8146800
Aundh,house,sale,fully-furnished,2,890,2,8,5,0,8,1,8394700
Kharadi,apartment,sale,semi-furnished,2,717,2,13,6,3,6,1,5691300
Pashan,apartment,rent,unfurnished,2,672,2,10,8,1,2,0,32100
Shivajinagar,apartment,sale,unfurnished,4,1656,4,29,4,0,15,1,14378300
Undri,apartment,rent,semi-furnished,2,987,2,15,7,7,13,0,28400
Viman Nagar,plot,rent,semi-furnished,0,4051,1,16,10,0,1,1,164400
Hinjewadi,apartment,sale,semi-furnished,4,1549,4,5,1,0,8,1,15360800
Wakad,apartment,sale,fully-furnished,2,1452,2,2,5,0,5,1,16118800
Kalyani Nagar,commercial,rent,unfurnished,0,836,1,15,6,0,1,0,120600
Hinjewadi,house,sale,unfurnished,2,753,2,27,4,2,4,1,4101900
Kondhwa,apartment,rent,semi-furnished,4,1642,4,23,2,5,10,0,89500
Boat Club Road,villa,rent,fully-furnished,2,3211,2,19,4,5,6,0,1234900
Kalyani Nagar,villa,sale,fully-furnished,2,3250,2,24,7,6,15,0,51511300
Viman Nagar,apartment,rent,unfurnished,5,2063,5,24,7,6,13,1,234300
Hinjewadi,apartment,sale,fully-furnished,3,1339,3,9,0,13,15,1,11311200
Pimple Saudagar,plot,sale,semi-furnished,0,3719,1,20,3,0,1,0,18270900
Pimple Saudagar,villa,rent,unfurnished,2,2771,2,9,1,0,6,0,216800
Viman Nagar,apartment,sale,unfurnished,2,890,2,16,10,1,6,1,8776100
Wakad,apartment,sale,unfurnished,1,555,1,15,1,3,11,1,3406700
Pimpri,house,sale,semi-furnished,3,1566,3,9,4,0,2,0,10560100
Aundh,commercial,sale,unfurnished,0,3499,1,24,5,0,1,1,29845800
Bavdhan,apartment,rent,semi-furnished,4,1227,4,28,4,3,8,0,83200
Pimple Saudagar,house,sale,unfurnished,3,1424,3,15,2,12,14,0,9077500
Pimpri,commercial,sale,semi-furnished,0,5757,1,23,3,0,1,0,25032100
Koregaon Park,studio,rent,semi-furnished,1,585,1,5,9,10,13,0,31500
Koregaon Park,villa,sale,fully-furnished,5,3276,5,15,3,10,13,0,52054200
Kothrud,studio,sale,fully-furnished,1,414,1,5,7,0,3,1,3811900
Wakad,apartment,sale,fully-furnished,4,1326,4,26,2,2,13,1,11149700
Undri,apartment,rent,semi-furnished,2,938,2,9,1,5,11,0,16200
Hinjewadi,apartment,rent,semi-furnished,2,1025,2,2,7,5,14,1,39400
Chinchwad,studio,sale,unfurnished,1,421,1,11,2,6,10,0,1910500
Kalyani Nagar,apartment,sale,fully-furnished,2,999,2,15,7,1,3,0,11304600
Boat Club Road,villa,sale,semi-furnished,1,3165,1,26,10,0,2,0,39108700
Undri,house,sale,semi-furnished,3,1618,3,29,1,1,9,0,7155000
Wakad,plot,rent,semi-furnished,0,855,1,6,4,0,1,1,51100
Hadapsar,apartment,rent,semi-furnished,4,1585,4,27,3,5,9,0,74500
Chinchwad,apartment,rent,semi-furnished,1,683,1,13,7,2,2,0,18300
Kondhwa,plot,rent,fully-furnished,0,1515,1,8,3,0,1,0,47400
Pimple Saudagar,apartment,sale,unfurnished,2,714,2,15,4,3,3,0,5793100
Koregaon Park,apartment,rent,semi-furnished,1,574,1,9,6,6,11,0,28300
Pimple Saudagar,studio,rent,unfurnished,1,532,1,11,0,6,10,0,16100
Undri,house,rent,semi-furnished,2,865,2,4,2,7,12,0,23300
Magarpatta,house,sale,semi-furnished,2,1020,2,20,7,1,9,0,7970000
Pisoli,apartment,sale,fully-furnished,1,900,1,31,7,4,12,0,4321100
Balewadi,apartment,rent,unfurnished,4,1417,4,29,5,2,2,0,102700
Koregaon Park,villa,rent,semi-furnished,3,2903,3,1,10,11,19,0,833300
Pimple Saudagar,apartment,rent,semi-furnished,2,1146,2,4,0,0,2,0,29000
Kothrud,apartment,rent,semi-furnished,3,1289,3,23,6,12,12,1,78000
Hinjewadi,apartment,rent,unfurnished,1,876,1,11,0,1,5,1,13800
Koregaon Park,studio,sale,semi-furnished,1,541,1,21,4,2,2,0,5203100
Wakad,commercial,sale,unfurnished,0,2152,1,1,2,0,1,1,28875200
Shivajinagar,apartment,sale,semi-furnished,3,1209,3,23,5,3,7,1,13261700
Wakad,apartment,rent,semi-furnished,2,882,2,20,4,11,12,1,39900
Chinchwad,apartment,rent,semi-furnished,2,805,2,9,2,2,2,0,22600
Hinjewadi,apartment,rent,semi-furnished,2,1036,2,14,3,5,5,1,31100
Wakad,plot,sale,fully-furnished,0,1563,1,10,5,0,1,1,13500200
Magarpatta,apartment,rent,semi-furnished,1,492,1,22,6,4,4,0,10600
Shivajinagar,villa,sale,semi-furnished,2,1387,2,21,5,7,15,1,17047800
Aundh,apartment,rent,unfurnished,2,925,2,17,9,1,2,1,51900
Kothrud,apartment,sale,unfurnished,2,788,2,19,6,5,10,1,6916700
Baner,apartment,rent,semi-furnished,2,902,2,3,7,8,11,1,45800
Hinjewadi,apartment,sale,unfurnished,2,1054,2,0,6,3,6,1,8538700
Koregaon Park,commercial,rent,unfurnished,0,5916,1,24,5,0,1,0,509200
Kothrud,apartment,sale,semi-furnished,3,1137,3,16,6,2,5,1,11088400
Koregaon Park,plot,rent,unfurnished,0,934,1,9,8,0,1,0,62300
Pimpri,commercial,rent,fully-furnished,0,565,1,0,4,0,1,0,77800
Balewadi,apartment,sale,fully-furnished,1,916,1,31,4,3,6,0,6220700
Hinjewadi,apartment,sale,semi-furnished,2,825,2,14,6,2,2,1,6797400
Wakad,studio,rent,unfurnished,1,782,1,19,3,0,6,1,21300
Aundh,studio,rent,unfurnished,1,581,1,9,1,8,14,1,27300
Bavdhan,plot,rent,fully-furnished,0,3734,1,11,3,0,1,0,98800
Hadapsar,studio,sale,fully-furnished,1,605,1,9,3,10,10,0,3911600
Baner,house,sale,unfurnished,1,793,1,18,0,0,2,1,3994500
Pimple Saudagar,apartment,sale,semi-furnished,4,1301,4,10,0,2,2,0,11072900
Pimpri,apartment,sale,semi-furnished,2,974,2,7,0,5,14,0,5181400
Koregaon Park,commercial,rent,semi-furnished,0,1249,1,31,7,0,1,0,394000
Wakad,apartment,rent,unfurnished,2,894,2,12,3,2,10,1,29500
Koregaon Park,house,rent,unfurnished,2,994,2,0,5,0,2,0,52600
Viman Nagar,plot,sale,fully-furnished,0,1917,1,18,7,0,1,1,23081500
Aundh,apartment,rent,unfurnished,5,1789,5,22,1,7,19,1,191100
Magarpatta,apartment,sale,semi-furnished,1,978,1,30,5,1,2,0,6375900
Chinchwad,villa,sale,fully-furnished,2,2762,2,15,0,9,9,0,19397200
Viman Nagar,apartment,rent,semi-furnished,2,1147,2,7,7,2,2,1,50000
Wagholi,apartment,sale,semi-furnished,3,1785,3,26,0,12,20,0,7480500
Magarpatta,house,sale,semi-furnished,2,799,2,17,4,0,2,0,6689200
Viman Nagar,commercial,rent,semi-furnished,0,1086,1,1,4,0,1,1,251800
Pimpri,apartment,rent,semi-furnished,3,1264,3,21,0,0,9,0,42300
Baner,apartment,rent,fully-furnished,3,1587,3,14,5,3,14,1,133900
Kothrud,studio,rent,fully-furnished,1,638,1,30,5,11,12,1,36700
Wakad,villa,rent,fully-furnished,4,3679,4,17,1,9,9,1,701500
Baner,villa,rent,unfurnished,3,1623,3,24,6,3,3,1,339900
Magarpatta,apartment,sale,semi-furnished,3,1427,3,19,1,1,2,0,11183900
Baner,house,sale,unfurnished,3,1262,3,20,3,1,11,1,9763800
Hadapsar,commercial,rent,fully-furnished,0,806,1,28,9,0,1,0,97200
Kothrud,apartment,sale,semi-furnished,3,1319,3,7,6,4,7,1,16212400
Koregaon Park,apartment,rent,fully-furnished,3,1267,3,31,8,2,3,0,131700
Wagholi,apartment,rent,unfurnished,3,1288,3,20,5,1,14,0,44800
Hadapsar,villa,rent,semi-furnished,2,2741,2,2,4,1,8,0,399000
Magarpatta,commercial,sale,unfurnished,0,2777,1,29,5,0,1,0,15257500
Chinchwad,apartment,rent,unfurnished,3,1219,3,31,2,5,5,0,43300
Hinjewadi,apartment,rent,unfurnished,2,728,2,30,4,2,11,1,33000
Kalyani Nagar,commercial,sale,fully-furnished,0,2411,1,19,7,0,1,0,55378200
Hadapsar,commercial,sale,fully-furnished,0,1587,1,9,2,0,1,0,18637600
Baner,house,sale,unfurnished,3,1088,3,25,3,3,10,1,7255400
Pimpri,apartment,sale,unfurnished,2,1153,2,2,1,13,16,0,5869300
Kalyani Nagar,commercial,sale,semi-furnished,0,4042,1,12,7,0,1,0,51516900
Hinjewadi,apartment,sale,semi-furnished,4,1646,4,9,0,4,5,1,13187900
Chinchwad,apartment,sale,unfurnished,3,1283,3,29,2,2,10,0,4338300
Undri,house,rent,unfurnished,4,1630,4,0,1,2,13,0,69200
Aundh,apartment,sale,fully-furnished,2,1142,2,14,5,11,11,1,11384900
Kalyani Nagar,apartment,sale,unfurnished,5,2112,5,5,9,7,7,0,41869900
Kharadi,studio,rent,fully-furnished,1,508,1,4,6,2,2,1,25000
Hadapsar,apartment,sale,unfurnished,2,780,2,27,0,11,12,0,3565600
Pimple Saudagar,apartment,sale,semi-furnished,1,790,1,25,3,2,2,0,5360400
Magarpatta,villa,sale,unfurnished,5,2565,5,23,6,3,7,0,24892300
Magarpatta,studio,rent,fully-furnished,1,637,1,25,6,1,21,0,26300
Viman Nagar,plot,rent,unfurnished,0,3572,1,28,9,0,1,1,133300
Wakad,studio,sale,fully-furnished,1,463,1,31,0,2,6,1,3426200
Aundh,apartment,rent,unfurnished,3,1393,3,27,3,0,13,1,86900
Baner,apartment,sale,unfurnished,2,912,2,6,3,5,5,1,9872600
Wakad,house,sale,unfurnished,2,1160,2,11,5,0,5,1,6956700
Baner,apartment,sale,unfurnished,3,1325,3,10,6,9,11,1,14644500
Undri,plot,rent,semi-furnished,0,2922,1,6,1,0,1,0,58900
Viman Nagar,plot,rent,fully-furnished,0,3068,1,16,9,0,1,1,167600
Aundh,commercial,rent,semi-furnished,0,3794,1,14,4,0,1,1,436000
Pimpri,house,sale,fully-furnished,2,764,2,19,0,2,7,0,3707300
Kalyani Nagar,apartment,sale,semi-furnished,2,1126,2,1,6,2,6,0,14456400
Viman Nagar,apartment,rent,unfurnished,2,1015,2,14,6,7,9,1,51200
Hinjewadi,apartment,sale,fully-furnished,2,1031,2,13,3,1,13,1,7589300
Baner,house,sale,unfurnished,3,1057,3,5,6,4,7,1,11238400
Magarpatta,commercial,sale,semi-furnished,0,1563,1,24,5,0,1,0,17190900
Aundh,apartment,sale,fully-furnished,2,949,2,12,7,2,2,1,10460600
Magarpatta,commercial,rent,unfurnished,0,5943,1,3,7,0,1,0,709400
Chinchwad,apartment,rent,semi-furnished,2,883,2,17,5,4,4,0,28100
Hinjewadi,apartment,sale,semi-furnished,2,776,2,22,2,8,14,1,4279900
Hadapsar,apartment,sale,semi-furnished,3,1476,3,17,1,18,19,0,8038200
Hinjewadi,apartment,rent,unfurnished,3,1352,3,11,2,5,15,1,59400
Baner,house,rent,unfurnished,2,950,2,13,5,13,14,1,45600
Wakad,apartment,sale,fully-furnished,3,1154,3,6,0,3,15,1,12990700
Aundh,villa,rent,semi-furnished,3,3206,3,17,4,2,11,1,389400
Hadapsar,studio,rent,fully-furnished,1,598,1,16,2,5,9,0,13900
Chinchwad,studio,rent,semi-furnished,1,304,1,7,1,14,18,0,10600
Undri,house,sale,semi-furnished,3,1295,3,10,3,6,7,0,7020100
Hadapsar,apartment,rent,unfurnished,3,1238,3,8,5,6,7,0,49300
Shivajinagar,apartment,rent,unfurnished,1,723,1,8,4,4,6,1,21800
Baner,apartment,rent,semi-furnished,3,1165,3,0,3,2,5,1,81900
Shivajinagar,commercial,rent,fully-furnished,0,2472,1,19,8,0,1,1,281400
Chinchwad,apartment,sale,fully-furnished,1,480,1,9,2,5,15,0,2404500
Hinjewadi,apartment,rent,semi-furnished,2,817,2,23,1,0,2,1,33300
Koregaon Park,villa,sale,fully-furnished,3,1712,3,15,6,3,7,0,28792500
Pashan,apartment,sale,semi-furnished,3,1253,3,12,6,9,14,0,11822800
Baner,house,rent,fully-furnished,2,860,2,12,5,5,10,1,46000
Viman Nagar,apartment,sale,fully-furnished,4,2035,4,0,4,1,7,1,36206100
Wakad,villa,rent,unfurnished,4,3178,4,0,1,7,10,1,696700
Hadapsar,commercial,rent,unfurnished,0,4367,1,11,0,0,1,0,245900
Kalyani Nagar,apartment,sale,unfurnished,4,1709,4,7,8,4,7,0,27880600
Kothrud,plot,rent,unfurnished,0,1652,1,3,4,0,1,1,50300
Hadapsar,studio,rent,fully-furnished,1,476,1,3,1,7,14,0,12700
Balewadi,studio,sale,unfurnished,1,300,1,9,10,3,10,0,2896900
Kothrud,commercial,rent,fully-furnished,0,3110,1,26,4,0,1,1,209600
Magarpatta,studio,rent,semi-furnished,1,495,1,3,4,1,2,0,25200
Koregaon Park,apartment,rent,fully-furnished,2,805,2,29,8,1,12,0,62300
Hadapsar,apartment,rent,fully-furnished,2,976,2,12,0,4,4,0,33600
Chinchwad,apartment,rent,semi-furnished,2,1012,2,4,4,2,10,0,28500
Hadapsar,apartment,sale,semi-furnished,1,595,1,23,2,1,5,0,2925600
Hinjewadi,studio,sale,semi-furnished,1,436,1,13,2,2,14,1,2559400
Hinjewadi,house,sale,unfurnished,2,901,2,26,4,5,16,1,5023000
Kothrud,apartment,rent,unfurnished,3,1335,3,5,5,1,2,1,73800
Magarpatta,villa,sale,unfurnished,4,2609,4,28,6,6,11,0,21952300
Hinjewadi,commercial,rent,fully-furnished,0,4460,1,8,3,0,1,1,627600
Hadapsar,apartment,sale,unfurnished,3,1001,3,7,4,1,6,0,5872600
Pimple Saudagar,apartment,sale,fully-furnished,1,728,1,10,2,7,15,0,5504800
Koregaon Park,plot,rent,semi-furnished,0,3388,1,7,9,0,1,0,136300
Kharadi,villa,sale,fully-furnished,2,2873,2,13,4,1,6,1,35583400
Magarpatta,apartment,sale,semi-furnished,2,1008,2,2,0,4,10,0,7450200
Balewadi,apartment,sale,semi-furnished,4,1660,4,2,5,4,6,0,21562400
Pimple Saudagar,apartment,rent,semi-furnished,2,747,2,20,0,4,4,0,16600
Wagholi,apartment,sale,unfurnished,1,541,1,2,5,4,4,0,2604000
Bavdhan,commercial,sale,semi-furnished,0,3183,1,3,3,0,1,0,26740600
Hadapsar,studio,rent,semi-furnished,1,491,1,29,1,2,6,0,12900
Pashan,apartment,rent,semi-furnished,2,1192,2,8,5,2,3,0,44800
Viman Nagar,apartment,sale,semi-furnished,2,852,2,22,6,15,18,1,7883300
Kharadi,studio,sale,unfurnished,1,435,1,12,5,10,10,1,3190800
Pimple Saudagar,apartment,sale,fully-furnished,2,682,2,9,4,5,15,0,6774200
Bavdhan,apartment,sale,fully-furnished,2,834,2,0,3,2,9,0,8136100
Camp,studio,rent,semi-furnished,1,471,1,26,5,6,6,0,34700
Hinjewadi,apartment,sale,fully-furnished,3,1462,3,29,0,2,2,1,11825900
Aundh,apartment,rent,semi-furnished,2,1167,2,9,6,6,6,1,64900
Bavdhan,apartment,sale,fully-furnished,4,1400,4,29,0,4,14,0,11430200
Undri,apartment,sale,fully-furnished,3,1558,3,0,5,3,4,0,12452800
Baner,house,rent,fully-furnished,2,674,2,11,9,0,10,1,25500
Kondhwa,apartment,sale,unfurnished,2,993,2,15,1,14,14,0,5341200
Balewadi,apartment,sale,fully-furnished,3,1278,3,26,4,3,9,0,11599600
Kharadi,villa,rent,fully-furnished,2,2799,2,17,5,1,12,1,487400
Pimpri,house,sale,unfurnished,2,949,2,20,4,0,2,0,4127800
Magarpatta,studio,sale,unfurnished,1,540,1,1,5,11,11,0,5400800
Magarpatta,apartment,sale,semi-furnished,2,836,2,22,4,11,18,0,6092400
Chinchwad,plot,sale,semi-furnished,0,3885,1,16,3,0,1,0,14493500
Pisoli,apartment,sale,unfurnished,3,1213,3,7,3,1,4,0,6233000
Wakad,apartment,rent,unfurnished,2,1186,2,28,4,1,5,1,39400
Wagholi,apartment,sale,fully-furnished,1,280,1,23,2,7,9,0,1500000
Kalyani Nagar,villa,rent,unfurnished,4,3050,4,10,8,8,17,0,775600
Viman Nagar,villa,sale,semi-furnished,2,2718,2,0,7,4,5,1,36010500
Wakad,apartment,rent,semi-furnished,3,1383,3,16,9,1,2,1,103800
Viman Nagar,apartment,sale,semi-furnished,3,1269,3,15,7,4,16,1,16058100
Hinjewadi,plot,sale,semi-furnished,0,2845,1,2,2,0,1,1,15046600
Viman Nagar,plot,sale,fully-furnished,0,1556,1,25,9,0,1,1,15008300
Kharadi,studio,sale,fully-furnished,1,774,1,20,3,9,9,1,6898200
Kalyani Nagar,commercial,sale,semi-furnished,0,582,1,26,7,0,1,0,8379100
Baner,villa,sale,semi-furnished,2,3759,2,18,1,7,7,1,35204600
Magarpatta,apartment,rent,unfurnished,1,869,1,16,6,2,7,0,18900
Kondhwa,apartment,rent,semi-furnished,3,1174,3,7,2,19,19,0,47400
Pimpri,apartment,rent,semi-furnished,2,816,2,20,5,3,10,0,26600
Pimple Saudagar,studio,sale,fully-furnished,1,582,1,30,3,8,10,0,3930800
Baner,studio,rent,unfurnished,1,534,1,30,5,9,14,1,21900
Viman Nagar,commercial,rent,fully-furnished,0,3390,1,4,4,0,1,1,184400
Baner,villa,sale,semi-furnished,4,2554,4,28,3,0,2,1,23977600
Baner,studio,sale,unfurnished,1,587,1,28,6,13,14,1,3733600
Pashan,apartment,rent,semi-furnished,2,1128,2,0,5,12,17,0,39700
Kharadi,apartment,sale,semi-furnished,3,1433,3,10,7,8,12,1,13371500
Hinjewadi,apartment,sale,fully-furnished,2,975,2,21,5,4,10,1,7062200
Pimpri,villa,rent,semi-furnished,3,2908,3,24,3,8,13,0,517400
Shivajinagar,apartment,sale,semi-furnished,3,1207,3,8,7,5,7,1,15859100
Undri,studio,rent,fully-furnished,1,389,1,18,4,11,13,0,13500
Aundh,plot,sale,semi-furnished,0,1591,1,0,1,0,1,1,12742000
Aundh,apartment,rent,fully-furnished,2,1002,2,0,4,12,15,1,57200
Aundh,apartment,rent,fully-furnished,2,629,2,26,9,4,5,1,31400
Hinjewadi,apartment,rent,fully-furnished,2,953,2,16,4,9,14,1,50600
Magarpatta,apartment,sale,semi-furnished,2,432,2,25,6,5,8,0,3292600
Wakad,house,sale,semi-furnished,2,867,2,23,1,3,5,1,6206400
Pimpri,apartment,sale,unfurnished,3,1458,3,10,2,3,16,0,9426300
Aundh,house,rent,unfurnished,3,1201,3,20,6,2,10,1,83800
Hinjewadi,house,sale,fully-furnished,2,850,2,28,3,2,12,1,5321100
Magarpatta,apartment,rent,semi-furnished,3,1448,3,3,5,0,12,0,72300
Pisoli,commercial,rent,unfurnished,0,2805,1,20,5,0,1,0,133100
Shivajinagar,house,sale,fully-furnished,3,1467,3,3,6,5,13,1,21591100
Hinjewadi,studio,sale,semi-furnished,1,397,1,3,2,9,16,1,4060300
Hadapsar,villa,sale,unfurnished,4,4336,4,27,2,6,6,0,20663300
Wanowrie,apartment,sale,semi-furnished,2,993,2,23,2,2,7,0,5475800
Viman Nagar,apartment,rent,unfurnished,2,939,2,24,3,7,14,1,46600
Hadapsar,plot,sale,fully-furnished,0,4669,1,22,3,0,1,0,21593600
Chinchwad,apartment,sale,semi-furnished,4,1754,4,27,3,1,13,0,9499200
Koregaon Park,plot,sale,fully-furnished,0,4001,1,26,5,0,1,0,34145200
Kalyani Nagar,apartment,rent,semi-furnished,4,1347,4,26,7,5,8,0,172800
Pashan,apartment,sale,unfurnished,3,1217,3,28,6,5,9,0,9106800
Magarpatta,apartment,sale,fully-furnished,2,927,2,17,7,8,16,0,7960500
Kothrud,apartment,sale,semi-furnished,3,1049,3,23,8,1,5,1,8836500
Wagholi,house,sale,semi-furnished,2,1045,2,29,7,4,4,0,5430200
Koregaon Park,apartment,rent,semi-furnished,2,874,2,23,4,0,7,0,72600
Hadapsar,studio,rent,semi-furnished,1,693,1,29,0,5,6,0,16000
Hinjewadi,apartment,sale,semi-furnished,3,1607,3,2,2,12,12,1,15541900
Wakad,apartment,sale,fully-furnished,2,821,2,15,7,1,2,1,7900300
Baner,apartment,sale,unfurnished,2,929,2,6,7,3,12,1,6802400
Balewadi,apartment,sale,semi-furnished,4,1699,4,8,5,1,13,0,18689300
Aundh,apartment,sale,unfurnished,1,550,1,4,3,1,15,1,5356700
Chinchwad,apartment,sale,fully-furnished,2,1229,2,17,3,0,2,0,5840200
Kharadi,apartment,rent,fully-furnished,3,1346,3,10,6,16,22,1,88000
Baner,commercial,rent,semi-furnished,0,2852,1,3,3,0,1,1,417600
Kalyani Nagar,commercial,rent,unfurnished,0,5766,1,9,5,0,1,0,821200
Balewadi,villa,sale,fully-furnished,2,3251,2,5,5,5,12,0,35305500
Pisoli,apartment,rent,unfurnished,2,1119,2,24,1,10,19,0,29400
Boat Club Road,plot,sale,unfurnished,0,2915,1,17,6,0,1,0,25599300
Koregaon Park,apartment,rent,semi-furnished,1,554,1,12,10,4,14,0,33300
Pimple Saudagar,villa,sale,fully-furnished,4,2630,4,13,3,9,9,0,30950500
Wakad,apartment,rent,fully-furnished,4,1624,4,19,4,0,2,1,138000
Pimple Saudagar,studio,sale,unfurnished,1,372,1,21,3,4,8,0,2090400
Magarpatta,apartment,sale,semi-furnished,5,1985,5,18,4,7,14,0,19364900
Kothrud,house,rent,semi-furnished,1,609,1,23,6,0,8,1,26300
Shivajinagar,apartment,sale,unfurnished,1,680,1,23,10,2,3,1,6326600
Hinjewadi,apartment,rent,unfurnished,4,1409,4,20,1,4,16,1,86900
Viman Nagar,apartment,sale,semi-furnished,3,1339,3,29,8,4,4,1,14754500
Kalyani Nagar,house,rent,fully-furnished,1,647,1,7,6,0,18,0,51900
Viman Nagar,apartment,rent,unfurnished,4,1988,4,11,4,8,18,1,179600
Kothrud,apartment,sale,fully-furnished,4,1768,4,30,5,0,12,1,18640600
Aundh,apartment,rent,fully-furnished,2,984,2,19,4,0,8,1,43700
Koregaon Park,studio,sale,unfurnished,1,573,1,31,5,9,10,0,5212500
Kalyani Nagar,apartment,sale,unfurnished,2,1215,2,22,8,3,5,0,11515700
Viman Nagar,studio,sale,semi-furnished,1,608,1,3,3,7,9,1,7017600
Viman Nagar,apartment,rent,fully-furnished,2,1080,2,26,10,1,2,1,98500
Hinjewadi,villa,rent,unfurnished,2,3369,2,22,2,11,19,1,440200
Magarpatta,apartment,sale,fully-furnished,3,1525,3,8,5,18,19,0,18150100
Aundh,studio,sale,semi-furnished,1,565,1,23,4,12,14,1,4747600
Hadapsar,house,sale,unfurnished,2,1145,2,30,4,7,14,0,5567100
Aundh,apartment,rent,semi-furnished,3,1073,3,24,5,15,17,1,81000
Hinjewadi,apartment,rent,semi-furnished,2,1357,2,24,3,1,8,1,38900
Hinjewadi,apartment,sale,unfurnished,2,1139,2,29,3,7,10,1,5137100
Hadapsar,studio,sale,semi-furnished,1,557,1,20,4,7,12,0,3053000
Kothrud,apartment,rent,semi-furnished,1,797,1,26,4,7,11,1,14700
Baner,apartment,sale,unfurnished,2,946,2,29,6,0,3,1,7176900
Bavdhan,plot,rent,semi-furnished,0,1070,1,5,2,0,1,0,36300
Hinjewadi,house,rent,semi-furnished,3,1192,3,8,3,9,10,1,58400
Koregaon Park,plot,rent,semi-furnished,0,4901,1,1,6,0,1,0,211600
Hinjewadi,apartment,rent,unfurnished,1,298,1,12,2,2,12,1,13200
Viman Nagar,apartment,rent,unfurnished,2,968,2,17,7,10,15,1,50800
Aundh,apartment,sale,fully-furnished,2,1156,2,0,5,5,13,1,13355800
Magarpatta,villa,rent,unfurnished,4,2395,4,4,2,1,8,0,554600
Viman Nagar,apartment,sale,unfurnished,1,673,1,14,7,3,16,1,5750600
Pimple Saudagar,apartment,sale,unfurnished,3,1371,3,26,3,12,16,0,7271200
Kharadi,apartment,rent,fully-furnished,1,626,1,24,5,9,13,1,8600
Wagholi,house,rent,fully-furnished,3,1289,3,16,5,5,7,0,61900
Viman Nagar,apartment,sale,semi-furnished,3,1280,3,4,4,14,16,1,14596800
Baner,apartment,rent,unfurnished,2,1087,2,17,2,0,6,1,38900
Pimple Saudagar,apartment,sale,fully-furnished,5,1986,5,18,3,0,5,0,18221700
Bavdhan,apartment,sale,unfurnished,3,1009,3,6,0,9,14,0,7939900
Aundh,apartment,sale,semi-furnished,2,983,2,14,7,3,12,1,8986000
Bavdhan,studio,sale,fully-furnished,1,557,1,27,5,11,11,0,4366200
Pisoli,villa,sale,semi-furnished,5,2575,5,11,3,2,18,0,10516100
Wakad,apartment,rent,fully-furnished,3,1072,3,23,7,6,12,1,72200
Pimple Saudagar,apartment,rent,semi-furnished,1,1062,1,25,5,5,8,0,23400
Viman Nagar,commercial,sale,unfurnished,0,2498,1,24,8,0,1,1,23782500
Aundh,house,sale,semi-furnished,2,1127,2,13,7,0,7,1,11067400
Wagholi,studio,rent,fully-furnished,1,557,1,5,4,3,3,0,17600
Wakad,house,sale,semi-furnished,2,690,2,0,3,5,6,1,6537700
Undri,apartment,sale,semi-furnished,5,2100,5,17,0,7,12,0,13995100
Wanowrie,plot,sale,semi-furnished,0,3955,1,28,7,0,1,0,18751700
Boat Club Road,apartment,sale,fully-furnished,2,990,2,8,6,0,3,0,19452600
Balewadi,apartment,rent,fully-furnished,3,1346,3,0,5,6,6,0,88500
Magarpatta,commercial,sale,semi-furnished,0,1877,1,9,3,0,1,0,17899900
Kothrud,studio,sale,fully-furnished,1,521,1,9,3,1,2,1,5428200
Balewadi,commercial,rent,fully-furnished,0,4414,1,17,5,0,1,0,842900
Pimple Saudagar,house,sale,semi-furnished,3,1085,3,18,5,1,19,0,8264700
Kharadi,commercial,sale,semi-furnished,0,3050,1,12,4,0,1,1,47286000
Balewadi,studio,sale,semi-furnished,1,300,1,21,8,8,10,0,2455800
Pimpri,commercial,sale,semi-furnished,0,5348,1,24,1,0,1,0,32302100
Kondhwa,apartment,sale,semi-furnished,2,790,2,9,4,0,12,0,4706400
Kothrud,apartment,sale,semi-furnished,2,914,2,19,5,2,2,1,8353300
Magarpatta,commercial,sale,fully-furnished,0,3601,1,4,2,0,1,0,52672000
Baner,apartment,rent,fully-furnished,2,1227,2,4,1,5,5,1,67000
Undri,apartment,rent,semi-furnished,1,411,1,11,0,11,11,0,5700
Kharadi,apartment,sale,unfurnished,3,1066,3,3,2,5,8,1,9530300
Viman Nagar,studio,rent,semi-furnished,1,440,1,11,3,4,10,1,26400
Hinjewadi,plot,sale,semi-furnished,0,1454,1,29,3,0,1,1,4271200
Baner,apartment,rent,semi-furnished,2,562,2,18,4,0,12,1,32300
Pashan,studio,rent,semi-furnished,1,528,1,29,5,9,16,0,16000
Koregaon Park,apartment,rent,fully-furnished,3,1216,3,8,8,6,11,0,123000
Koregaon Park,apartment,rent,semi-furnished,2,1039,2,24,6,4,6,0,72700
Kondhwa,commercial,rent,semi-furnished,0,5126,1,8,4,0,1,0,318200
Aundh,studio,sale,unfurnished,1,487,1,26,7,5,7,1,3421000
Hinjewadi,plot,sale,fully-furnished,0,3791,1,28,2,0,1,1,21111800
Baner,apartment,sale,unfurnished,3,1508,3,21,6,13,16,1,13230800
Viman Nagar,apartment,rent,semi-furnished,2,1351,2,8,8,4,6,1,67200
Viman Nagar,apartment,sale,unfurnished,2,1154,2,4,5,0,4,1,11773200
Baner,plot,rent,fully-furnished,0,4204,1,22,5,0,1,1,162700
Viman Nagar,plot,sale,semi-furnished,0,4408,1,24,7,0,1,1,24694000
Hinjewadi,villa,rent,semi-furnished,2,3165,2,4,1,8,16,1,440000
Magarpatta,apartment,sale,fully-furnished,5,2165,5,22,3,6,8,0,23130500
Kothrud,apartment,sale,unfurnished,4,1701,4,5,5,8,11,1,22504100
Boat Club Road,house,sale,fully-furnished,2,1090,2,15,8,8,11,0,17290000
Baner,studio,rent,fully-furnished,1,503,1,30,4,4,14,1,25900
Viman Nagar,apartment,rent,semi-furnished,2,903,2,24,6,4,15,1,52300
Koregaon Park,commercial,sale,semi-furnished,0,3623,1,29,8,0,1,0,46109500
Bavdhan,house,rent,semi-furnished,4,1419,4,17,1,11,19,0,87900
Bavdhan,commercial,sale,fully-furnished,0,3275,1,28,3,0,1,0,18846900
Kalyani Nagar,apartment,rent,semi-furnished,5,1841,5,3,9,8,8,0,270800
Pashan,apartment,rent,semi-furnished,1,605,1,1,7,0,7,0,18300
Koregaon Park,apartment,sale,semi-furnished,5,2132,5,0,7,2,13,0,44502600
Undri,apartment,rent,semi-furnished,2,1195,2,13,2,2,11,0,21600
Balewadi,apartment,sale,fully-furnished,2,857,2,7,1,3,9,0,7300400
Koregaon Park,villa,sale,semi-furnished,2,2580,2,2,6,1,21,0,38824200
Koregaon Park,plot,sale,semi-furnished,0,3327,1,15,2,0,1,0,36241500
Baner,apartment,sale,semi-furnished,3,1201,3,24,5,7,16,1,10514100
Kondhwa,studio,sale,fully-furnished,1,655,1,9,2,6,8,0,4463600
Baner,villa,rent,semi-furnished,2,2441,2,25,3,2,2,1,536200
Balewadi,apartment,sale,unfurnished,3,1245,3,5,7,1,4,0,11533500
Balewadi,apartment,rent,semi-furnished,2,1065,2,18,6,8,13,0,32400
Kalyani Nagar,villa,rent,fully-furnished,2,3662,2,6,4,16,18,0,420300
Pashan,apartment,rent,fully-furnished,2,641,2,9,5,1,4,0,30300
Wagholi,apartment,sale,unfurnished,5,1881,5,26,6,18,20,0,11391500
Baner,commercial,sale,fully-furnished,0,5782,1,9,7,0,1,1,120305300
Viman Nagar,apartment,rent,semi-furnished,2,1211,2,0,10,4,7,1,65000
Magarpatta,apartment,rent,semi-furnished,2,1015,2,19,5,2,14,0,31700
Pimple Saudagar,apartment,sale,semi-furnished,1,747,1,9,6,3,8,0,5454100
Magarpatta,house,sale,semi-furnished,2,1010,2,27,7,5,7,0,6662800
Koregaon Park,house,sale,semi-furnished,3,1290,3,18,6,6,11,0,15313400
Viman Nagar,commercial,sale,semi-furnished,0,2678,1,14,6,0,1,1,38819600
Kharadi,plot,sale,unfurnished,0,3740,1,4,2,0,1,1,17935000
Pashan,studio,sale,unfurnished,1,552,1,22,6,0,8,0,3123600
Kharadi,villa,rent,semi-furnished,3,1929,3,24,5,1,2,1,407000
Wakad,villa,rent,unfurnished,3,3227,3,8,2,4,11,1,368700
Hinjewadi,plot,sale,semi-furnished,0,1947,1,3,3,0,1,1,13208300
Pisoli,plot,rent,semi-furnished,0,601,1,24,6,0,1,0,17000
Hinjewadi,apartment,rent,unfurnished,4,1586,4,11,4,3,7,1,100300
Baner,apartment,sale,unfurnished,3,1673,3,3,5,1,11,1,15486300
Pisoli,studio,sale,semi-furnished,1,444,1,24,2,8,9,0,2018100
Baner,studio,sale,fully-furnished,1,459,1,2,5,7,9,1,6707900
Koregaon Park,apartment,rent,fully-furnished,2,818,2,4,4,15,15,0,47400
Hinjewadi,apartment,sale,fully-furnished,3,1194,3,22,1,5,12,1,9609800
Kothrud,plot,sale,fully-furnished,0,4772,1,31,5,0,1,1,19681600
Baner,apartment,sale,semi-furnished,2,976,2,21,7,3,14,1,9520200
Pashan,studio,rent,semi-furnished,1,454,1,5,1,2,6,0,16100
Kothrud,villa,rent,semi-furnished,3,2946,3,10,7,0,8,1,660300
Koregaon Park,apartment,rent,unfurnished,3,1240,3,30,9,2,2,0,122800
Kothrud,studio,sale,fully-furnished,1,549,1,30,5,3,11,1,5807900
Baner,apartment,sale,semi-furnished,2,1058,2,23,5,3,8,1,9467300
Aundh,commercial,sale,semi-furnished,0,3591,1,27,4,0,1,1,37400000
Hadapsar,plot,sale,semi-furnished,0,3257,1,9,1,0,1,0,9878200
Wanowrie,apartment,sale,semi-furnished,1,605,1,30,3,9,11,0,3440300
Wakad,commercial,rent,unfurnished,0,3485,1,30,3,0,1,1,381400
Magarpatta,studio,rent,fully-furnished,1,558,1,4,6,4,10,0,29000
Baner,apartment,rent,fully-furnished,3,1491,3,4,8,2,9,1,108300
Baner,apartment,rent,fully-furnished,3,1635,3,4,3,7,8,1,76700
Wakad,apartment,sale,fully-furnished,1,472,1,17,6,3,9,1,4070400
Hinjewadi,studio,rent,semi-furnished,1,628,1,28,0,9,10,1,17600
Wanowrie,apartment,sale,unfurnished,3,1261,3,23,3,4,4,0,6690500
Koregaon Park,apartment,rent,unfurnished,2,1084,2,2,8,1,2,0,46300
Pimpri,villa,sale,semi-furnished,3,1697,3,4,0,3,11,0,13468300
Camp,apartment,sale,semi-furnished,1,508,1,15,5,0,19,0,4963400
Hinjewadi,apartment,rent,semi-furnished,2,1135,2,31,3,2,7,1,56500
Boat Club Road,apartment,rent,unfurnished,2,727,2,27,9,14,15,0,62300
Chinchwad,apartment,sale,fully-furnished,4,1668,4,21,0,6,9,0,8461300
Koregaon Park,villa,rent,fully-furnished,1,3929,1,28,5,4,5,0,1458400
Aundh,apartment,rent,semi-furnished,3,1418,3,12,7,15,16,1,99200
Magarpatta,apartment,rent,unfurnished,2,1067,2,29,4,0,4,0,40800
Koregaon Park,plot,rent,semi-furnished,0,3425,1,16,10,0,1,0,124900
Pimpri,apartment,sale,semi-furnished,3,1179,3,23,1,9,10,0,6499800
Wakad,studio,sale,semi-furnished,1,637,1,27,5,19,19,1,3770700
Kharadi,plot,rent,fully-furnished,0,2114,1,10,6,0,1,1,96700
Kharadi,house,sale,fully-furnished,2,850,2,12,3,7,8,1,9583700
Kothrud,villa,rent,unfurnished,3,2901,3,17,5,7,15,1,732200
Viman Nagar,apartment,sale,unfurnished,1,629,1,29,8,3,11,1,5013900
Baner,apartment,rent,fully-furnished,4,1549,4,14,4,4,13,1,171000
Magarpatta,apartment,sale,semi-furnished,3,1210,3,22,6,12,14,0,8502500
Wanowrie,villa,sale,semi-furnished,1,3055,1,21,0,2,9,0,17966300
Shivajinagar,apartment,sale,semi-furnished,2,1231,2,2,8,8,9,1,14912900
Magarpatta,apartment,rent,unfurnished,4,1345,4,28,5,7,14,0,91500
Hinjewadi,apartment,sale,semi-furnished,2,1201,2,17,2,4,9,1,6518500
Kalyani Nagar,studio,sale,fully-furnished,1,609,1,22,10,7,10,0,10641600
Hinjewadi,apartment,sale,fully-furnished,2,1216,2,6,1,0,12,1,11197400
Viman Nagar,villa,rent,semi-furnished,2,2884,2,1,6,12,22,1,410500
Wakad,apartment,sale,fully-furnished,1,320,1,12,8,1,2,1,3405100
Boat Club Road,studio,sale,fully-furnished,1,553,1,6,9,4,4,0,10292500
Boat Club Road,apartment,sale,semi-furnished,1,1046,1,14,5,9,9,0,11953200
Kharadi,apartment,rent,semi-furnished,1,687,1,12,4,2,11,1,21500
Pashan,apartment,sale,fully-furnished,1,732,1,1,4,3,8,0,6622600
Wakad,apartment,rent,unfurnished,2,1208,2,8,8,13,17,1,31700
Viman Nagar,house,rent,semi-furnished,3,1291,3,22,4,0,9,1,84200
Kharadi,plot,sale,unfurnished,0,3417,1,4,0,0,1,1,18045500
Wakad,house,sale,unfurnished,3,1389,3,15,5,3,6,1,11050800
Balewadi,apartment,sale,semi-furnished,3,1152,3,0,5,12,12,0,12281400
Pimpri,commercial,rent,fully-furnished,0,4367,1,12,1,0,1,0,294500
Pimpri,apartment,rent,semi-furnished,2,899,2,5,2,9,12,0,27400
Baner,apartment,sale,semi-furnished,3,1127,3,13,2,2,2,1,13859700
Hinjewadi,apartment,rent,semi-furnished,2,1265,2,30,1,0,6,1,50200
Pimple Saudagar,apartment,sale,fully-furnished,3,1231,3,14,2,14,15,0,11275000
Wanowrie,villa,sale,unfurnished,2,2540,2,10,5,3,6,0,22874900
Kothrud,apartment,sale,semi-furnished,4,1469,4,28,7,16,18,1,15383900
Kharadi,plot,rent,unfurnished,0,4308,1,17,4,0,1,1,120500
Kothrud,house,sale,fully-furnished,3,1051,3,5,7,4,11,1,15053700
Kharadi,villa,rent,semi-furnished,3,2959,3,26,3,13,14,1,510100
Viman Nagar,apartment,sale,semi-furnished,2,1078,2,26,5,6,11,1,9265000
Hadapsar,house,rent,semi-furnished,1,898,1,23,3,6,8,0,26000
Koregaon Park,studio,rent,fully-furnished,1,377,1,14,8,9,15,0,39100
Shivajinagar,plot,sale,semi-furnished,0,1777,1,8,6,0,1,1,11147000
Hinjewadi,apartment,sale,fully-furnished,2,875,2,21,0,2,12,1,6164400
Pimpri,apartment,rent,unfurnished,2,879,2,14,1,5,10,0,21900
Hinjewadi,plot,rent,fully-furnished,0,4918,1,14,1,0,1,1,134800
Kalyani Nagar,apartment,rent,semi-furnished,2,948,2,28,8,0,8,0,47100
Pashan,apartment,rent,fully-furnished,2,1025,2,21,4,10,14,0,61300
Camp,plot,sale,unfurnished,0,3931,1,0,2,0,1,0,19184600
Hinjewadi,plot,rent,fully-furnished,0,4069,1,4,4,0,1,1,189800
Chinchwad,house,sale,unfurnished,2,1107,2,16,2,4,13,0,6290500
Wagholi,studio,sale,fully-furnished,1,480,1,8,0,3,10,0,3335000
Pimpri,studio,sale,semi-furnished,1,501,1,21,4,11,12,0,2672400
Wanowrie,apartment,rent,semi-furnished,2,1266,2,3,1,9,17,0,37700
Baner,apartment,sale,unfurnished,2,1152,2,30,6,1,12,1,8186200
Pisoli,villa,sale,fully-furnished,3,2757,3,0,0,0,8,0,22259100
Koregaon Park,villa,sale,unfurnished,2,2874,2,20,9,8,11,0,46931400
Viman Nagar,studio,rent,semi-furnished,1,665,1,15,4,11,11,1,38100
Balewadi,plot,sale,fully-furnished,0,3627,1,13,9,0,1,0,23785500
Kharadi,apartment,rent,fully-furnished,1,707,1,7,9,6,11,1,38100
Viman Nagar,apartment,sale,semi-furnished,3,1397,3,21,10,5,14,1,15746900
Kothrud,plot,rent,unfurnished,0,1771,1,2,2,0,1,1,46300
Aundh,studio,rent,fully-furnished,1,468,1,15,6,5,5,1,17200
Chinchwad,apartment,sale,semi-furnished,4,1736,4,15,6,5,5,0,12986800
Kothrud,apartment,sale,unfurnished,3,1443,3,27,3,7,7,1,11276300
Kalyani Nagar,apartment,sale,unfurnished,4,1805,4,22,6,0,11,0,19499300
Pimple Saudagar,apartment,rent,unfurnished,1,534,1,17,1,3,11,0,13500
Bavdhan,apartment,rent,fully-furnished,2,547,2,31,2,0,3,0,19600
Pimpri,studio,sale,semi-furnished,1,355,1,31,4,7,13,0,1823300
Pimple Saudagar,apartment,sale,fully-furnished,5,2076,5,14,0,2,15,0,16246100
Koregaon Park,commercial,sale,semi-furnished,0,5318,1,25,2,0,1,0,28645600
Baner,apartment,sale,fully-furnished,2,1031,2,3,6,9,9,1,15736800
Shivajinagar,studio,sale,unfurnished,1,490,1,1,6,12,15,1,4809500
Viman Nagar,house,rent,fully-furnished,2,701,2,27,7,12,13,1,67800
Koregaon Park,villa,sale,semi-furnished,3,2339,3,4,3,7,11,0,43917700
Viman Nagar,studio,rent,unfurnished,1,453,1,9,7,16,17,1,23000
Chinchwad,plot,sale,semi-furnished,0,4047,1,0,0,0,1,0,11966200
Viman Nagar,studio,sale,unfurnished,1,300,1,18,7,4,17,1,2845900
Magarpatta,villa,sale,unfurnished,2,1872,2,14,5,2,4,0,14267900
Pimple Saudagar,apartment,sale,unfurnished,2,913,2,11,8,8,8,0,6946400
Kalyani Nagar,apartment,rent,unfurnished,5,1858,5,11,2,2,3,0,246800
Wagholi,apartment,sale,unfurnished,3,1576,3,11,2,0,13,0,9515200
Camp,studio,sale,fully-furnished,1,557,1,23,2,7,17,0,4856100
Wakad,house,sale,fully-furnished,2,1051,2,26,2,2,4,1,7679800
Wakad,studio,sale,fully-furnished,1,384,1,23,1,2,14,1,2653700
Wakad,apartment,sale,fully-furnished,2,1152,2,20,5,2,5,1,9477500
Hinjewadi,apartment,sale,unfurnished,3,1308,3,25,2,9,12,1,8608400
Balewadi,plot,rent,unfurnished,0,877,1,13,9,0,1,0,36500
Baner,apartment,sale,unfurnished,3,1201,3,30,5,6,6,1,9002600
Viman Nagar,house,rent,fully-furnished,4,1741,4,23,4,5,5,1,183800
Kharadi,apartment,sale,unfurnished,3,1367,3,21,6,4,20,1,9846400
Hinjewadi,apartment,sale,fully-furnished,3,744,3,5,0,5,7,1,8586200
Kondhwa,plot,rent,semi-furnished,0,3612,1,3,2,0,1,0,78800
Kothrud,house,sale,semi-furnished,2,1423,2,21,9,5,5,1,12089700
Kharadi,apartment,sale,fully-furnished,2,1224,2,9,6,2,12,1,11953200
Pashan,villa,sale,unfurnished,2,4425,2,6,8,13,13,0,56027500
Kharadi,house,rent,unfurnished,3,1280,3,27,5,11,11,1,64800
Hinjewadi,apartment,sale,semi-furnished,2,1016,2,12,1,9,20,1,7772600
Bavdhan,villa,rent,semi-furnished,1,2400,1,1,5,6,10,0,362100
Hinjewadi,apartment,sale,semi-furnished,2,994,2,9,0,5,14,1,6870400
Baner,apartment,rent,semi-furnished,2,1049,2,3,2,1,2,1,53900
Koregaon Park,apartment,sale,unfurnished,2,991,2,10,7,8,9,0,14020100
Pimple Saudagar,apartment,sale,semi-furnished,3,1396,3,10,1,0,2,0,7901100
Kondhwa,plot,sale,fully-furnished,0,4075,1,13,4,0,1,0,25855500
Baner,studio,rent,unfurnished,1,601,1,26,3,5,7,1,21400
Wakad,apartment,rent,semi-furnished,2,1253,2,16,2,5,5,1,50900
Hadapsar,apartment,rent,unfurnished,3,1224,3,6,3,6,15,0,36200
Wakad,apartment,rent,semi-furnished,2,530,2,21,3,8,14,1,21900
Kondhwa,apartment,sale,fully-furnished,1,721,1,7,0,16,16,0,4391900
Viman Nagar,apartment,sale,unfurnished,3,1197,3,29,8,8,12,1,11438400
Hinjewadi,villa,sale,unfurnished,1,2748,1,29,1,2,13,1,18211500
Magarpatta,apartment,rent,fully-furnished,3,1061,3,27,5,1,10,0,74200
Pimpri,apartment,rent,fully-furnished,3,1481,3,13,4,4,5,0,63700
Kalyani Nagar,plot,sale,fully-furnished,0,821,1,27,5,0,1,0,4276500
Boat Club Road,apartment,sale,semi-furnished,3,814,3,8,6,10,17,0,12632300
Viman Nagar,apartment,sale,unfurnished,3,1101,3,20,10,9,13,1,10173400
Baner,apartment,rent,semi-furnished,2,944,2,2,4,9,13,1,34600
Magarpatta,plot,sale,unfurnished,0,1738,1,9,1,0,1,0,6546800
Kothrud,apartment,rent,fully-furnished,3,1370,3,10,4,5,15,1,89900
Magarpatta,apartment,rent,fully-furnished,2,789,2,29,3,3,10,0,38900
Viman Nagar,apartment,rent,semi-furnished,3,1353,3,11,8,0,5,1,96400
Kalyani Nagar,apartment,rent,semi-furnished,3,1342,3,2,8,6,6,0,111500
Pimpri,apartment,sale,semi-furnished,2,867,2,29,6,0,8,0,3962000
Baner,apartment,sale,unfurnished,5,1769,5,1,7,0,14,1,21950100
Balewadi,commercial,sale,semi-furnished,0,3335,1,16,4,0,1,0,24076700
Baner,apartment,sale,unfurnished,1,1018,1,4,3,5,5,1,9473600
Bavdhan,plot,rent,unfurnished,0,4233,1,3,2,0,1,0,80900
Viman Nagar,apartment,sale,fully-furnished,4,1616,4,31,10,3,14,1,22128400
Magarpatta,house,rent,semi-furnished,3,1232,3,15,2,6,6,0,48500
Wagholi,apartment,sale,fully-furnished,2,1059,2,23,1,0,8,0,5063500
Camp,commercial,sale,fully-furnished,0,2370,1,16,6,0,1,0,23365700
Baner,apartment,rent,semi-furnished,4,1486,4,7,4,2,10,1,138500
Kothrud,commercial,sale,fully-furnished,0,4411,1,9,3,0,1,1,75429500
Aundh,apartment,rent,semi-furnished,3,903,3,15,5,10,10,1,63700
Koregaon Park,apartment,rent,fully-furnished,2,1112,2,9,7,9,11,0,59700
Pimple Saudagar,commercial,sale,unfurnished,0,2963,1,8,3,0,1,0,18091200
Hinjewadi,apartment,rent,unfurnished,3,1457,3,15,3,10,10,1,81700
Pimpri,house,rent,fully-furnished,2,1002,2,1,1,1,8,0,32700
Koregaon Park,plot,sale,semi-furnished,0,1083,1,15,6,0,1,0,10199700
Kalyani Nagar,apartment,rent,fully-furnished,3,1425,3,0,6,8,12,0,127200
Pisoli,apartment,rent,semi-furnished,2,894,2,20,2,0,10,0,28200
Chinchwad,house,sale,semi-furnished,2,928,2,22,2,5,6,0,4592800
Pimpri,apartment,rent,fully-furnished,2,1315,2,17,2,3,3,0,41500
Pimpri,commercial,rent,semi-furnished,0,380,1,26,2,0,1,0,15200
Wanowrie,plot,sale,unfurnished,0,1308,1,17,0,0,1,0,3370700
Hinjewadi,house,sale,semi-furnished,1,689,1,8,3,2,2,1,6410200
Pashan,apartment,sale,semi-furnished,2,1030,2,30,5,5,7,0,6611300
Shivajinagar,apartment,rent,fully-furnished,3,1337,3,0,6,0,10,1,126800
Wanowrie,plot,sale,unfurnished,0,4567,1,0,2,0,1,0,26481000
Pashan,commercial,rent,semi-furnished,0,1801,1,13,4,0,1,0,134100
Hinjewadi,house,rent,unfurnished,3,1307,3,10,0,1,4,1,58600
Pimpri,house,sale,unfurnished,2,1047,2,19,0,6,12,0,3726400
Pashan,apartment,rent,fully-furnished,4,1506,4,30,7,4,8,0,125900
Magarpatta,apartment,sale,semi-furnished,2,923,2,12,9,3,8,0,7268900
Kothrud,plot,rent,semi-furnished,0,746,1,11,1,0,1,1,46100
Baner,apartment,sale,unfurnished,1,435,1,1,6,10,14,1,3631400
Magarpatta,apartment,sale,unfurnished,2,935,2,30,4,10,11,0,4970700
Aundh,apartment,sale,fully-furnished,3,1118,3,3,5,1,11,1,15421800
Kothrud,apartment,sale,semi-furnished,4,1577,4,25,3,6,14,1,13969900
Bavdhan,apartment,rent,unfurnished,3,1537,3,18,1,3,9,0,58400
Magarpatta,apartment,sale,unfurnished,2,1100,2,31,6,7,18,0,7486400
Boat Club Road,villa,sale,unfurnished,3,3492,3,25,5,4,4,0,51627100
Kondhwa,house,sale,semi-furnished,2,928,2,28,2,9,10,0,4730000
Shivajinagar,apartment,sale,semi-furnished,5,1746,5,28,7,1,7,1,21217700
Kharadi,house,rent,semi-furnished,3,1353,3,17,7,2,4,1,76400
Baner,apartment,rent,semi-furnished,4,1745,4,19,3,9,20,1,154200
Wanowrie,plot,rent,fully-furnished,0,3328,1,31,4,0,1,0,102300
Kalyani Nagar,apartment,sale,unfurnished,2,1044,2,22,7,4,13,0,10804100
Shivajinagar,apartment,rent,fully-furnished,2,923,2,7,9,1,7,1,68400
Wakad,studio,rent,fully-furnished,1,595,1,31,2,0,14,1,24900
Shivajinagar,house,rent,unfurnished,3,1218,3,16,6,7,7,1,95000
Kothrud,apartment,sale,fully-furnished,1,593,1,27,5,6,17,1,4302500
Pisoli,studio,sale,unfurnished,1,375,1,23,2,2,7,0,1500000
Pisoli,plot,sale,semi-furnished,0,2633,1,18,3,0,1,0,7716300
Viman Nagar,apartment,rent,semi-furnished,2,970,2,8,8,5,7,1,46900
Kalyani Nagar,house,sale,semi-furnished,3,978,3,14,10,0,11,0,12832300
Wagholi,house,rent,unfurnished,4,1634,4,18,0,6,11,0,65500
Koregaon Park,apartment,sale,unfurnished,2,862,2,30,9,6,11,0,7870800
Undri,apartment,sale,semi-furnished,2,875,2,28,2,0,5,0,2874600
Chinchwad,apartment,rent,semi-furnished,2,733,2,30,3,4,5,0,27900
Magarpatta,villa,sale,fully-furnished,2,2683,2,22,5,1,3,0,18087100
Magarpatta,apartment,sale,fully-furnished,3,1429,3,19,6,0,9,0,13834300
Pimple Saudagar,apartment,rent,semi-furnished,2,915,2,19,1,1,2,0,31700
Bavdhan,apartment,rent,semi-furnished,3,1532,3,24,5,2,2,0,75000
Hinjewadi,studio,rent,unfurnished,1,495,1,3,0,11,11,1,20500
Camp,villa,rent,semi-furnished,2,3303,2,18,4,3,3,0,634800
Baner,apartment,sale,semi-furnished,2,910,2,9,6,0,9,1,7873300
Pashan,apartment,rent,semi-furnished,2,953,2,0,4,8,8,0,35300
Hinjewadi,apartment,sale,semi-furnished,3,1219,3,2,3,5,11,1,10979200
Hinjewadi,studio,rent,fully-furnished,1,384,1,5,0,1,6,1,19500
Viman Nagar,apartment,rent,unfurnished,2,957,2,8,7,4,5,1,45500
Aundh,apartment,rent,semi-furnished,3,1530,3,12,6,7,16,1,94500
Wanowrie,apartment,sale,fully-furnished,2,1275,2,25,2,8,13,0,8455600
Pimple Saudagar,commercial,sale,fully-furnished,0,5529,1,24,2,0,1,0,29314200
Pisoli,apartment,rent,unfurnished,2,1182,2,22,2,0,11,0,24900
Hinjewadi,apartment,rent,unfurnished,2,1362,2,17,0,10,10,1,35200
Wagholi,apartment,rent,unfurnished,3,1407,3,19,6,10,13,0,41400
Bavdhan,house,rent,semi-furnished,2,1092,2,6,0,4,12,0,38000
Chinchwad,apartment,rent,semi-furnished,2,1080,2,0,4,7,15,0,40400
Aundh,apartment,sale,semi-furnished,4,1702,4,0,4,4,10,1,21539100
Hadapsar,studio,sale,unfurnished,1,323,1,28,0,6,9,0,1500000
Wagholi,apartment,rent,unfurnished,3,1285,3,30,2,1,6,0,45800
Wagholi,apartment,rent,unfurnished,2,892,2,26,2,0,3,0,18700
Kharadi,apartment,sale,fully-furnished,1,323,1,29,4,2,4,1,2204300
Kharadi,apartment,sale,fully-furnished,2,1061,2,17,6,3,9,1,8960100
Kalyani Nagar,apartment,rent,semi-furnished,1,875,1,26,3,10,12,0,31500
Koregaon Park,studio,sale,unfurnished,1,397,1,24,7,0,2,0,3127300
Undri,house,sale,unfurnished,2,1224,2,10,3,16,17,0,5626800
Balewadi,apartment,rent,fully-furnished,4,1757,4,20,6,9,11,0,160100
Aundh,house,sale,semi-furnished,3,1254,3,20,4,6,13,1,12287000
Wakad,commercial,rent,semi-furnished,0,2791,1,7,3,0,1,1,337400
Balewadi,studio,sale,semi-furnished,1,706,1,4,5,13,14,0,8462100
Aundh,studio,rent,semi-furnished,1,599,1,3,2,2,5,1,18300
Wakad,commercial,rent,fully-furnished,0,5370,1,27,3,0,1,1,466600
Kothrud,villa,sale,semi-furnished,3,1652,3,18,5,0,6,1,15757600
Kalyani Nagar,apartment,sale,fully-furnished,4,1316,4,22,6,8,21,0,20610100
Hadapsar,house,rent,fully-furnished,2,941,2,3,0,3,15,0,30900
Pimpri,commercial,sale,unfurnished,0,3051,1,23,3,0,1,0,9527600
Undri,apartment,sale,semi-furnished,4,1726,4,11,5,9,14,0,11951500
Wakad,apartment,sale,semi-furnished,3,1517,3,23,5,3,6,1,12166500
Pimple Saudagar,studio,rent,unfurnished,1,469,1,22,1,3,16,0,12000
Kharadi,plot,rent,fully-furnished,0,2762,1,4,3,0,1,1,67600
Aundh,studio,sale,fully-furnished,1,456,1,27,4,8,13,1,2195100
Magarpatta,house,sale,semi-furnished,1,610,1,12,4,2,5,0,4402300
Aundh,studio,sale,unfurnished,1,554,1,25,6,9,12,1,4236000
Wakad,house,sale,unfurnished,4,1520,4,30,9,0,9,1,11970000
Pisoli,house,rent,fully-furnished,3,1106,3,8,3,3,6,0,48300
Viman Nagar,apartment,rent,semi-furnished,5,1915,5,10,8,12,19,1,285600
Magarpatta,apartment,sale,unfurnished,3,1280,3,10,6,3,11,0,13630200
Kalyani Nagar,plot,sale,semi-furnished,0,4642,1,9,9,0,1,0,31299500
Wakad,apartment,rent,unfurnished,2,931,2,8,5,3,10,1,35000
Shivajinagar,apartment,rent,unfurnished,4,1552,4,10,8,11,16,1,159500
Magarpatta,commercial,sale,fully-furnished,0,4828,1,15,5,0,1,0,66289900
Hadapsar,apartment,sale,unfurnished,2,900,2,30,0,11,12,0,3431400
Viman Nagar,apartment,rent,semi-furnished,3,983,3,2,8,3,4,1,99600
Aundh,plot,rent,unfurnished,0,3102,1,26,4,0,1,1,92000
Kharadi,studio,rent,semi-furnished,1,492,1,11,6,15,17,1,25700
Pashan,apartment,rent,fully-furnished,3,1074,3,20,9,10,10,0,92700
Kothrud,house,sale,semi-furnished,2,1277,2,21,1,3,11,1,12209000
Kothrud,apartment,rent,unfurnished,1,416,1,20,6,6,16,1,11100
Wagholi,commercial,sale,semi-furnished,0,4265,1,23,5,0,1,0,21101700
Pashan,plot,rent,semi-furnished,0,2119,1,26,7,0,1,0,87600
Wagholi,plot,sale,semi-furnished,0,2821,1,3,5,0,1,0,14586700
Boat Club Road,house,rent,semi-furnished,4,1612,4,0,9,1,15,0,237800
Pisoli,house,sale,fully-furnished,3,1152,3,6,2,2,2,0,8195800
Kalyani Nagar,apartment,sale,semi-furnished,2,1230,2,0,7,0,17,0,14638500
Wanowrie,apartment,rent,unfurnished,2,963,2,26,0,6,8,0,28200
Pashan,apartment,sale,unfurnished,4,1636,4,29,4,0,10,0,9689200
Magarpatta,apartment,sale,semi-furnished,1,744,1,3,4,0,2,0,6177200
Aundh,house,rent,fully-furnished,2,1173,2,19,4,5,12,1,61300
Kothrud,plot,sale,fully-furnished,0,1526,1,29,5,0,1,1,9316600
Viman Nagar,apartment,sale,fully-furnished,3,1339,3,11,5,1,4,1,17320200
Wakad,apartment,sale,semi-furnished,2,1045,2,24,6,0,2,1,6733700
Bavdhan,house,rent,semi-furnished,2,661,2,18,4,3,8,0,32900
Magarpatta,studio,rent,unfurnished,1,349,1,3,2,1,6,0,15300
Pimple Saudagar,house,sale,unfurnished,3,1664,3,14,3,3,9,0,11771800
Baner,house,rent,unfurnished,3,1383,3,14,4,0,15,1,86300
Kharadi,house,sale,fully-furnished,3,1299,3,18,3,3,13,1,12260300
Pimple Saudagar,apartment,rent,semi-furnished,3,969,3,7,2,7,10,0,46100
Baner,apartment,sale,fully-furnished,2,946,2,16,10,6,13,1,10359200
Wagholi,villa,rent,fully-furnished,3,3639,3,12,2,2,5,0,549000
Hadapsar,apartment,sale,semi-furnished,2,987,2,21,2,6,7,0,3996100
Kothrud,apartment,sale,semi-furnished,2,1095,2,16,8,1,9,1,7656100
Kharadi,studio,rent,semi-furnished,1,644,1,16,1,0,10,1,29900
Wakad,apartment,sale,unfurnished,2,1071,2,26,4,1,2,1,5569600
Wakad,villa,rent,semi-furnished,1,2956,1,2,3,8,9,1,615800
Boat Club Road,apartment,sale,semi-furnished,2,1062,2,15,5,10,12,0,16202700
Undri,house,rent,semi-furnished,2,947,2,12,7,1,12,0,27400
Kalyani Nagar,house,sale,unfurnished,2,1175,2,30,6,12,13,0,10583100
Viman Nagar,studio,rent,semi-furnished,1,505,1,24,6,5,9,1,29700
Camp,commercial,rent,unfurnished,0,586,1,28,5,0,1,0,77800
Undri,apartment,sale,semi-furnished,2,1060,2,3,2,3,13,0,5562300
Magarpatta,commercial,rent,semi-furnished,0,311,1,17,3,0,1,0,78600
Wakad,house,sale,unfurnished,4,1695,4,5,5,7,9,1,19933900
Shivajinagar,commercial,sale,unfurnished,0,275,1,29,6,0,1,1,2127200
Chinchwad,apartment,rent,semi-furnished,2,1035,2,18,2,2,2,0,31700
Hinjewadi,apartment,sale,semi-furnished,1,604,1,19,2,3,15,1,4356800
Baner,apartment,sale,semi-furnished,2,1316,2,6,6,3,3,1,13747700
Pashan,apartment,sale,semi-furnished,2,999,2,16,3,9,18,0,6604800
Kothrud,villa,rent,fully-furnished,2,3423,2,23,8,15,15,1,616400
Aundh,plot,rent,unfurnished,0,3865,1,3,4,0,1,1,140000
Pashan,villa,rent,unfurnished,5,2297,5,16,6,2,3,0,293500
Pimple Saudagar,villa,sale,fully-furnished,1,2806,1,1,1,13,13,0,34030500
Kalyani Nagar,house,sale,unfurnished,4,1652,4,9,9,9,11,0,23951500
Hinjewadi,apartment,sale,semi-furnished,2,1094,2,3,5,5,6,1,11480900
Pisoli,apartment,sale,semi-furnished,2,906,2,10,2,1,3,0,5229600
Hinjewadi,house,sale,unfurnished,3,1203,3,30,1,6,9,1,6940400
Camp,apartment,sale,fully-furnished,1,843,1,1,5,1,2,0,5758900
Kothrud,plot,rent,semi-furnished,0,1754,1,18,7,0,1,1,70200
Wakad,apartment,sale,unfurnished,4,1637,4,13,3,1,5,1,14321400
Undri,studio,rent,semi-furnished,1,541,1,27,3,0,10,0,13600
Baner,apartment,sale,unfurnished,2,982,2,5,2,0,4,1,7728000
Hinjewadi,house,rent,semi-furnished,4,1442,4,14,3,1,3,1,124000
Kharadi,house,sale,fully-furnished,2,821,2,16,3,1,8,1,6772900
Viman Nagar,villa,rent,semi-furnished,2,3032,2,13,4,7,8,1,553500
Shivajinagar,apartment,sale,fully-furnished,2,887,2,16,9,3,6,1,11602400
Pisoli,apartment,sale,semi-furnished,2,811,2,30,4,10,12,0,4055100
Pimpri,apartment,sale,semi-furnished,2,1009,2,2,3,10,10,0,7663200
Aundh,apartment,rent,semi-furnished,2,1016,2,6,4,1,13,1,44900
Hinjewadi,apartment,rent,semi-furnished,2,1317,2,13,4,2,8,1,57600
Koregaon Park,plot,rent,semi-furnished,0,1537,1,27,7,0,1,0,96600
Bavdhan,studio,rent,unfurnished,1,402,1,16,6,3,5,0,16900
Kothrud,plot,sale,semi-furnished,0,4378,1,28,3,0,1,1,22901900
Hadapsar,studio,sale,unfurnished,1,584,1,0,2,1,4,0,3081300
Koregaon Park,apartment,sale,fully-furnished,2,904,2,7,8,2,7,0,11972200
Kothrud,apartment,rent,unfurnished,4,1589,4,14,2,0,3,1,113600
Hadapsar,studio,sale,unfurnished,1,460,1,17,4,10,10,0,2535500
Kharadi,studio,rent,semi-furnished,1,543,1,10,4,3,3,1,19500
Kharadi,apartment,sale,unfurnished,2,759,2,14,4,7,9,1,5973700
Pimpri,apartment,sale,unfurnished,2,903,2,0,4,1,5,0,5806700
Hinjewadi,plot,sale,unfurnished,0,3134,1,18,4,0,1,1,13983100
Pisoli,studio,rent,semi-furnished,1,528,1,8,2,13,13,0,15200
Boat Club Road,commercial,rent,semi-furnished,0,4104,1,20,7,0,1,0,475500
Shivajinagar,commercial,rent,unfurnished,0,4927,1,31,8,0,1,1,615400
Pimple Saudagar,house,rent,semi-furnished,2,919,2,12,2,6,8,0,32800
Baner,plot,rent,unfurnished,0,3133,1,15,7,0,1,1,129800
Koregaon Park,apartment,rent,semi-furnished,5,1874,5,2,8,3,7,0,333300
Wagholi,apartment,rent,semi-furnished,2,677,2,17,0,1,3,0,19800
Kharadi,apartment,sale,unfurnished,1,951,1,12,3,13,13,1,6759600
Wakad,studio,rent,semi-furnished,1,548,1,4,7,0,9,1,29100
Baner,apartment,sale,semi-furnished,2,1159,2,29,5,5,13,1,7206200
Bavdhan,apartment,sale,semi-furnished,3,1360,3,26,1,6,10,0,8282600
Wakad,villa,sale,semi-furnished,3,2730,3,13,4,10,10,1,31842300
Wanowrie,villa,sale,fully-furnished,3,2936,3,4,0,0,8,0,24500900
Bavdhan,villa,sale,fully-furnished,3,3352,3,20,1,9,15,0,27673800
Magarpatta,villa,rent,unfurnished,3,2868,3,25,7,1,2,0,344500
Kharadi,studio,sale,semi-furnished,1,554,1,17,3,12,18,1,4447000
Hadapsar,commercial,sale,unfurnished,0,665,1,20,2,0,1,0,4523200
Wakad,apartment,sale,fully-furnished,2,1136,2,20,3,4,6,1,9876900
Viman Nagar,apartment,rent,fully-furnished,3,1317,3,25,7,4,7,1,112300
Pashan,apartment,sale,semi-furnished,3,1384,3,20,6,0,7,0,9539500
Baner,house,sale,unfurnished,3,826,3,9,5,7,15,1,6953200
Balewadi,house,sale,semi-furnished,2,893,2,5,6,4,6,0,8141800
Chinchwad,apartment,rent,semi-furnished,1,616,1,31,0,12,13,0,10900
Balewadi,house,sale,fully-furnished,2,1257,2,12,5,3,13,0,12819500
Baner,plot,sale,unfurnished,0,2698,1,30,6,0,1,1,15644700
Magarpatta,apartment,sale,fully-furnished,1,591,1,27,3,4,5,0,4649500
Balewadi,house,sale,unfurnished,2,909,2,2,4,0,5,0,7006100
Kothrud,apartment,rent,fully-furnished,2,837,2,2,6,2,13,1,51500
Balewadi,studio,sale,unfurnished,1,610,1,3,5,0,2,0,3877300
Viman Nagar,apartment,rent,unfurnished,3,1220,3,1,8,0,12,1,73700
Undri,house,sale,unfurnished,2,960,2,8,0,8,14,0,3864300
Hinjewadi,apartment,sale,fully-furnished,2,729,2,3,4,1,5,1,7598700
Hinjewadi,apartment,rent,semi-furnished,5,1729,5,3,3,3,11,1,175300
Magarpatta,apartment,sale,fully-furnished,5,1601,5,17,4,0,10,0,19301000
Shivajinagar,studio,sale,semi-furnished,1,436,1,13,5,6,11,1,4463400
Wakad,apartment,rent,unfurnished,2,1126,2,29,6,2,13,1,38400
Baner,apartment,rent,semi-furnished,4,1513,4,8,2,2,6,1,111800
Magarpatta,studio,sale,fully-furnished,1,679,1,17,7,2,5,0,8231000
Kalyani Nagar,commercial,rent,unfurnished,0,2040,1,9,5,0,1,0,82400
Undri,commercial,rent,semi-furnished,0,2642,1,15,1,0,1,0,95500
Chinchwad,apartment,rent,fully-furnished,3,1147,3,13,6,2,4,0,50100
Pisoli,commercial,sale,semi-furnished,0,3928,1,31,2,0,1,0,13593900
Aundh,apartment,rent,semi-furnished,1,591,1,3,3,6,7,1,31900
Pimpri,apartment,sale,semi-furnished,2,1552,2,25,1,7,10,0,7432600
Hinjewadi,house,rent,semi-furnished,4,1405,4,26,3,7,7,1,105600
Koregaon Park,apartment,sale,fully-furnished,3,1435,3,9,8,0,8,0,24791900
Balewadi,apartment,sale,fully-furnished,1,871,1,18,5,4,5,0,6919200
Baner,commercial,rent,semi-furnished,0,5335,1,3,8,0,1,1,745800
Wakad,house,rent,unfurnished,2,1017,2,16,5,12,13,1,32500
Kalyani Nagar,apartment,rent,semi-furnished,4,1782,4,22,8,3,6,0,175400
Shivajinagar,apartment,rent,fully-furnished,3,1238,3,2,9,2,7,1,99500
Undri,apartment,sale,fully-furnished,1,901,1,18,0,4,4,0,4938100
Pimpri,apartment,rent,semi-furnished,3,1279,3,21,5,0,3,0,56100
Kharadi,apartment,sale,fully-furnished,2,1032,2,7,6,10,12,1,11945400
Hinjewadi,villa,rent,unfurnished,2,2320,2,1,1,3,4,1,299800
Bavdhan,commercial,sale,semi-furnished,0,427,1,29,1,0,1,0,2868900
Viman Nagar,house,rent,unfurnished,2,905,2,16,5,2,16,1,39000
Koregaon Park,studio,rent,fully-furnished,1,687,1,29,7,4,12,0,44000
Koregaon Park,apartment,sale,unfurnished,3,1344,3,1,3,4,8,0,18768600
Chinchwad,studio,rent,fully-furnished,1,373,1,16,3,13,14,0,15200
Baner,apartment,sale,unfurnished,2,1033,2,16,3,2,2,1,6438300
Pimple Saudagar,apartment,sale,fully-furnished,3,1566,3,3,1,2,6,0,11281500
Kondhwa,house,sale,semi-furnished,2,1089,2,16,3,2,9,0,7571800
Camp,villa,sale,unfurnished,2,2761,2,3,8,11,14,0,30548400
Hinjewadi,apartment,sale,fully-furnished,2,1178,2,17,7,12,12,1,12616500
Shivajinagar,apartment,rent,semi-furnished,4,1757,4,10,7,2,3,1,186700
Hadapsar,apartment,sale,semi-furnished,2,1282,2,12,5,0,2,0,7269000
Kothrud,apartment,rent,semi-furnished,2,876,2,2,1,4,9,1,47000
Viman Nagar,apartment,sale,fully-furnished,3,1444,3,28,9,1,6,1,16346200
Magarpatta,studio,rent,fully-furnished,1,384,1,3,5,2,10,0,28200
Hinjewadi,apartment,sale,semi-furnished,4,1838,4,6,4,4,13,1,20473200
Kharadi,house,sale,unfurnished,2,1032,2,1,4,7,16,1,7051300
Koregaon Park,commercial,sale,semi-furnished,0,998,1,21,7,0,1,0,15405400
Boat Club Road,studio,sale,fully-furnished,1,579,1,30,10,11,12,0,6670100
Kothrud,plot,sale,semi-furnished,0,1170,1,8,2,0,1,1,9001100
Chinchwad,studio,rent,fully-furnished,1,463,1,20,4,6,7,0,16700
Hinjewadi,apartment,sale,unfurnished,4,1713,4,10,4,7,9,1,15236400
Kondhwa,studio,sale,semi-furnished,1,675,1,7,0,6,11,0,2853000
Baner,villa,rent,semi-furnished,1,3079,1,20,6,10,15,1,603300
Koregaon Park,house,sale,unfurnished,2,1047,2,31,7,5,20,0,11320300
Aundh,villa,rent,semi-furnished,2,1895,2,6,3,6,8,1,581100
Pashan,house,rent,unfurnished,2,1063,2,21,4,4,10,0,35500
Magarpatta,apartment,rent,unfurnished,2,998,2,27,8,1,10,0,47800
Pimple Saudagar,apartment,sale,fully-furnished,2,1241,2,26,0,7,9,0,7305900
Hadapsar,apartment,rent,fully-furnished,3,1698,3,22,0,10,10,0,65900
Hadapsar,apartment,sale,semi-furnished,3,1062,3,17,0,4,23,0,5175500
Viman Nagar,apartment,sale,unfurnished,3,1389,3,9,3,2,2,1,14659500
Pimple Saudagar,house,rent,unfurnished,3,1149,3,31,0,7,13,0,51400
Koregaon Park,house,sale,unfurnished,3,1440,3,23,9,11,13,0,19682200
Boat Club Road,apartment,sale,fully-furnished,1,457,1,11,7,1,4,0,6563800
Chinchwad,apartment,rent,fully-furnished,3,1142,3,23,0,4,5,0,52700
Balewadi,studio,sale,fully-furnished,1,603,1,15,3,8,8,0,6871600
Baner,house,rent,fully-furnished,3,1116,3,19,4,6,6,1,90100
Kondhwa,commercial,rent,fully-furnished,0,2131,1,18,1,0,1,0,167000
Pashan,apartment,rent,unfurnished,2,1125,2,23,6,3,4,0,29600
Wanowrie,apartment,sale,fully-furnished,4,1518,4,6,1,14,15,0,17581000
Viman Nagar,villa,rent,semi-furnished,2,2481,2,9,5,3,4,1,354300
Bavdhan,studio,sale,fully-furnished,1,728,1,17,3,2,8,0,5508200
Baner,apartment,sale,unfurnished,2,1176,2,29,6,2,7,1,8320900
Viman Nagar,apartment,sale,unfurnished,2,1359,2,25,9,3,16,1,12562800
Kothrud,house,rent,fully-furnished,1,324,1,15,4,9,12,1,15300
Kalyani Nagar,plot,rent,semi-furnished,0,3174,1,17,3,0,1,0,133200
Hinjewadi,apartment,rent,unfurnished,2,953,2,15,0,2,11,1,36900
Undri,apartment,rent,unfurnished,2,1069,2,16,4,3,9,0,26600
Hinjewadi,apartment,sale,semi-furnished,2,968,2,11,2,1,7,1,7322500
Viman Nagar,apartment,rent,unfurnished,2,1232,2,11,7,8,8,1,41200
Camp,apartment,sale,semi-furnished,5,1807,5,13,4,6,13,0,23717500
Hinjewadi,apartment,rent,fully-furnished,3,1513,3,24,6,7,12,1,87500
Magarpatta,house,sale,semi-furnished,1,575,1,12,6,12,14,0,5142200
Hinjewadi,apartment,sale,unfurnished,1,803,1,26,5,2,11,1,3907900
Hinjewadi,house,sale,semi-furnished,2,1085,2,9,1,3,5,1,8838300
Kothrud,apartment,rent,semi-furnished,3,1319,3,9,7,1,2,1,79100
Pisoli,apartment,sale,unfurnished,2,1162,2,22,0,16,18,0,4038100
Kharadi,studio,sale,fully-furnished,1,463,1,2,5,5,13,1,4731900
Pimple Saudagar,apartment,rent,unfurnished,3,1456,3,1,0,3,12,0,51800
Kalyani Nagar,plot,rent,semi-furnished,0,4825,1,23,5,0,1,0,199500
Koregaon Park,apartment,rent,semi-furnished,3,1253,3,0,7,11,12,0,92300
Bavdhan,apartment,sale,unfurnished,2,1155,2,4,2,12,16,0,7959300
Kothrud,apartment,sale,fully-furnished,3,1812,3,6,5,5,5,1,26954600
Pashan,apartment,rent,fully-furnished,1,970,1,0,3,6,16,0,21200
Shivajinagar,commercial,rent,unfurnished,0,5143,1,19,7,0,1,1,506700
Baner,apartment,sale,fully-furnished,2,1040,2,9,7,10,13,1,12359700
Baner,apartment,rent,unfurnished,4,1759,4,8,1,4,4,1,125600
Kothrud,apartment,rent,fully-furnished,3,1257,3,18,3,9,13,1,97100
Koregaon Park,apartment,sale,fully-furnished,3,1304,3,29,6,0,4,0,15424800
Balewadi,apartment,rent,fully-furnished,2,883,2,23,6,3,7,0,48800
Kondhwa,apartment,sale,semi-furnished,1,416,1,28,0,4,8,0,1896500
Pimple Saudagar,apartment,sale,semi-furnished,1,1005,1,25,2,7,8,0,4972800
Wagholi,plot,sale,unfurnished,0,3046,1,27,1,0,1,0,6824200
Bavdhan,apartment,sale,unfurnished,2,1224,2,14,3,1,2,0,6741900
Kothrud,apartment,rent,unfurnished,3,1462,3,28,4,6,18,1,88300
Baner,apartment,sale,semi-furnished,3,1308,3,13,1,2,2,1,12505600
Pimpri,studio,rent,unfurnished,1,550,1,14,4,5,6,0,17600
Baner,apartment,rent,semi-furnished,4,1631,4,0,3,6,15,1,147600
Pimple Saudagar,apartment,rent,unfurnished,2,1289,2,21,4,0,3,0,35800
Wagholi,apartment,sale,unfurnished,2,834,2,20,5,1,6,0,3115900
Pimple Saudagar,apartment,rent,unfurnished,3,1479,3,10,2,1,8,0,60800
Koregaon Park,apartment,sale,unfurnished,3,1328,3,21,6,7,8,0,17226900
Hinjewadi,commercial,sale,fully-furnished,0,1431,1,24,5,0,1,1,16160700
Pashan,villa,sale,unfurnished,2,2739,2,6,5,4,9,0,27127000
Kharadi,house,sale,fully-furnished,1,473,1,22,4,6,8,1,3880300
Bavdhan,house,sale,unfurnished,2,1019,2,0,1,3,6,0,7309400
Undri,plot,rent,semi-furnished,0,1224,1,9,5,0,1,0,33900
Wakad,villa,sale,semi-furnished,3,2834,3,27,5,7,15,1,21558700
Kothrud,apartment,sale,unfurnished,3,1341,3,3,4,8,10,1,14903800
Aundh,commercial,rent,unfurnished,0,4028,1,28,5,0,1,1,470900
Pashan,apartment,sale,unfurnished,2,1041,2,13,4,4,9,0,6063900
Baner,studio,sale,fully-furnished,1,535,1,30,7,2,2,1,4026400
Hadapsar,apartment,sale,semi-furnished,4,1531,4,10,4,7,14,0,10615100
Hinjewadi,plot,rent,semi-furnished,0,3447,1,21,3,0,1,1,105200
Undri,apartment,sale,fully-furnished,3,1527,3,26,5,12,16,0,10553200
Viman Nagar,apartment,sale,semi-furnished,5,1782,5,10,5,16,17,1,28381600
Magarpatta,apartment,rent,semi-furnished,2,881,2,2,1,1,2,0,25400
Pimple Saudagar,plot,sale,unfurnished,0,3423,1,14,5,0,1,0,16013600
Baner,studio,rent,semi-furnished,1,508,1,27,2,6,7,1,36900
Chinchwad,plot,sale,semi-furnished,0,1126,1,11,2,0,1,0,4799800
Chinchwad,commercial,sale,unfurnished,0,4542,1,1,0,0,1,0,26897800
Bavdhan,apartment,rent,fully-furnished,1,623,1,6,1,4,10,0,17300
Hinjewadi,commercial,rent,unfurnished,0,689,1,3,3,0,1,1,50300
Undri,apartment,rent,fully-furnished,4,1900,4,4,1,9,12,0,109100
Chinchwad,apartment,sale,semi-furnished,3,1311,3,26,3,3,4,0,8305000
Aundh,apartment,sale,semi-furnished,3,1540,3,17,1,4,15,1,13462700
Wakad,villa,rent,fully-furnished,3,1284,3,28,4,1,7,1,236600
Pashan,apartment,rent,semi-furnished,3,1144,3,4,7,2,3,0,68700
Chinchwad,apartment,sale,unfurnished,2,775,2,23,5,5,5,0,3381100
Wakad,studio,sale,semi-furnished,1,393,1,0,3,2,7,1,3848500
Camp,apartment,rent,unfurnished,2,1015,2,13,5,1,7,0,35300
Magarpatta,commercial,rent,semi-furnished,0,756,1,8,1,0,1,0,114700
Hinjewadi,plot,sale,semi-furnished,0,3991,1,18,1,0,1,1,24966800
Wakad,villa,rent,fully-furnished,3,2819,3,16,2,2,2,1,739100
Baner,plot,rent,semi-furnished,0,4050,1,31,4,0,1,1,153200
Wagholi,apartment,rent,unfurnished,5,1664,5,0,4,0,7,0,97600
Aundh,villa,rent,unfurnished,2,3132,2,20,2,4,6,1,785200
Magarpatta,apartment,rent,fully-furnished,2,920,2,25,4,3,10,0,44500
Kalyani Nagar,studio,sale,semi-furnished,1,581,1,7,10,0,2,0,6615900
Undri,apartment,rent,unfurnished,3,938,3,19,4,4,8,0,42300
Shivajinagar,house,rent,semi-furnished,3,1643,3,2,10,2,4,1,140000
Wakad,studio,sale,unfurnished,1,518,1,11,6,5,8,1,5048200
Aundh,plot,rent,unfurnished,0,3458,1,2,6,0,1,1,140700
Hinjewadi,studio,rent,unfurnished,1,409,1,19,2,3,22,1,12300
Viman Nagar,apartment,sale,semi-furnished,3,1480,3,9,2,4,13,1,13331500
Baner,studio,sale,semi-furnished,1,506,1,2,5,1,4,1,6100700
Kondhwa,plot,sale,semi-furnished,0,807,1,25,4,0,1,0,3578000
Wakad,apartment,sale,fully-furnished,3,1548,3,14,7,4,4,1,15972900
Wakad,apartment,sale,semi-furnished,1,850,1,20,5,7,7,1,6683300
Balewadi,apartment,sale,semi-furnished,2,1265,2,31,7,4,7,0,9953800
Viman Nagar,apartment,sale,semi-furnished,2,1120,2,9,5,3,8,1,11295100
Shivajinagar,villa,rent,unfurnished,4,3458,4,25,6,0,15,1,589000
Aundh,apartment,sale,unfurnished,3,1363,3,5,5,0,12,1,13762800
Aundh,house,rent,fully-furnished,3,1357,3,16,7,2,6,1,111900
Koregaon Park,apartment,rent,unfurnished,3,1616,3,31,7,14,15,0,103900
Viman Nagar,plot,sale,fully-furnished,0,4016,1,12,8,0,1,1,45884800
Kharadi,apartment,sale,semi-furnished,1,480,1,3,5,5,12,1,4781600
Pimple Saudagar,villa,sale,semi-furnished,2,2361,2,12,5,1,9,0,25325600
Wakad,studio,rent,semi-furnished,1,488,1,24,2,7,15,1,24100
Kharadi,apartment,rent,fully-furnished,1,623,1,16,6,2,10,1,25000
Kondhwa,apartment,rent,fully-furnished,5,1984,5,4,2,9,12,0,162100
Pimpri,apartment,rent,unfurnished,4,1438,4,0,5,14,17,0,76800
Chinchwad,studio,sale,fully-furnished,1,412,1,29,4,7,8,0,2349500
Kothrud,apartment,sale,fully-furnished,3,1319,3,4,2,2,4,1,15627500
Undri,apartment,rent,semi-furnished,4,1674,4,3,4,1,2,0,65000
Wakad,apartment,sale,fully-furnished,3,1328,3,22,7,6,10,1,15160400
Baner,apartment,sale,semi-furnished,1,571,1,28,7,10,17,1,4035500
Kalyani Nagar,apartment,sale,semi-furnished,1,554,1,21,7,6,9,0,6046200
Hinjewadi,house,rent,semi-furnished,4,1518,4,8,4,2,13,1,124400
Viman Nagar,studio,rent,unfurnished,1,566,1,12,6,5,13,1,24700
Pashan,villa,rent,unfurnished,3,2293,3,3,2,2,18,0,494100
Kharadi,studio,rent,semi-furnished,1,559,1,5,0,3,6,1,22400
Hadapsar,apartment,rent,unfurnished,1,541,1,5,2,13,14,0,11500
Pimple Saudagar,apartment,sale,fully-furnished,3,1106,3,23,2,5,15,0,8475300
Baner,house,sale,unfurnished,2,885,2,5,7,7,19,1,10159400
Kothrud,apartment,sale,semi-furnished,1,482,1,20,7,0,2,1,4086600
Viman Nagar,apartment,sale,fully-furnished,3,1104,3,7,8,0,9,1,17409600
Undri,house,rent,semi-furnished,4,1765,4,23,4,5,10,0,101600
Hinjewadi,studio,sale,fully-furnished,1,420,1,1,3,15,17,1,5033100
Balewadi,studio,rent,unfurnished,1,517,1,9,2,4,7,0,22200
Hinjewadi,house,sale,semi-furnished,2,1137,2,20,2,3,13,1,6568400
Pimple Saudagar,villa,rent,fully-furnished,2,2787,2,19,6,5,8,0,483200
Magarpatta,apartment,rent,unfurnished,2,822,2,3,3,1,14,0,32800
Wakad,studio,sale,semi-furnished,1,448,1,1,7,13,14,1,4544900
Hadapsar,villa,sale,unfurnished,3,2096,3,19,1,8,16,0,11067200
Aundh,villa,sale,unfurnished,1,2394,1,10,5,2,2,1,28851200
Kharadi,apartment,sale,unfurnished,4,1501,4,8,6,2,2,1,14544300
Baner,apartment,sale,semi-furnished,2,1137,2,22,4,9,14,1,8618200
Boat Club Road,studio,sale,unfurnished,1,480,1,27,10,3,8,0,5368200
Hadapsar,apartment,sale,semi-furnished,4,1787,4,22,2,1,2,0,11675000
Undri,house,sale,semi-furnished,3,1272,3,29,0,8,10,0,6868400
Pimpri,house,sale,semi-furnished,3,1562,3,14,3,2,2,0,10573500
Aundh,apartment,rent,unfurnished,3,895,3,23,7,10,16,1,63300
Viman Nagar,apartment,sale,semi-furnished,2,589,2,11,2,5,11,1,6000500
Undri,commercial,rent,unfurnished,0,2963,1,1,6,0,1,0,214700
Magarpatta,apartment,sale,semi-furnished,1,841,1,25,5,9,10,0,6254600
Wanowrie,apartment,rent,unfurnished,2,1300,2,20,2,4,6,0,58500
Kondhwa,studio,rent,fully-furnished,1,461,1,8,4,1,5,0,15700
Koregaon Park,studio,sale,unfurnished,1,348,1,29,6,15,16,0,3624300
Hinjewadi,apartment,rent,semi-furnished,3,1349,3,20,1,4,5,1,65400
Viman Nagar,apartment,sale,semi-furnished,4,1777,4,21,9,0,10,1,20389500
Chinchwad,plot,sale,semi-furnished,0,2999,1,23,2,0,1,0,10947600
Bavdhan,commercial,sale,semi-furnished,0,1823,1,5,2,0,1,0,11795900
Pimpri,commercial,rent,semi-furnished,0,2274,1,28,6,0,1,0,144700
Viman Nagar,house,rent,semi-furnished,2,1198,2,15,7,2,6,1,69000
Kalyani Nagar,studio,sale,semi-furnished,1,509,1,30,2,2,7,0,4387700
Wagholi,apartment,sale,semi-furnished,4,1728,4,9,3,1,7,0,10026600
Kharadi,plot,sale,unfurnished,0,2160,1,26,4,0,1,1,7363500
Hinjewadi,apartment,rent,unfurnished,4,1851,4,18,1,0,5,1,108800
Pimple Saudagar,house,rent,semi-furnished,2,1337,2,13,3,7,12,0,52200
Magarpatta,studio,sale,semi-furnished,1,392,1,11,7,2,2,0,3996600
Baner,apartment,sale,semi-furnished,4,1486,4,25,1,4,9,1,12570200
Kalyani Nagar,apartment,sale,semi-furnished,4,1783,4,22,5,2,2,0,23804300
Bavdhan,apartment,sale,semi-furnished,3,1211,3,14,3,0,2,0,8709000
Pimple Saudagar,apartment,rent,semi-furnished,2,914,2,2,2,1,2,0,32100
Kharadi,house,sale,fully-furnished,2,1070,2,12,3,3,12,1,9740900
Viman Nagar,commercial,rent,semi-furnished,0,2963,1,8,6,0,1,1,434300
Hadapsar,apartment,sale,fully-furnished,2,941,2,13,1,2,2,0,7536200
Koregaon Park,apartment,sale,fully-furnished,2,1197,2,14,3,5,7,0,16317700
Magarpatta,villa,sale,unfurnished,3,2332,3,11,3,6,11,0,23834300
Kalyani Nagar,apartment,sale,semi-furnished,1,553,1,28,7,0,9,0,5217300
Chinchwad,villa,sale,semi-furnished,2,3116,2,26,1,1,2,0,16461000
Pashan,apartment,sale,semi-furnished,2,724,2,12,6,8,11,0,5651000
Aundh,villa,sale,fully-furnished,4,2956,4,8,3,12,13,1,38352100
Pimple Saudagar,plot,sale,semi-furnished,0,3868,1,5,5,0,1,0,16004800
Shivajinagar,villa,rent,unfurnished,2,2555,2,9,5,1,10,1,511900
Pimple Saudagar,house,rent,semi-furnished,3,1406,3,28,1,10,11,0,62600
Camp,house,sale,semi-furnished,4,1558,4,14,4,1,8,0,17410900
Bavdhan,villa,sale,unfurnished,3,3553,3,29,3,8,18,0,20683200
Pimpri,apartment,sale,semi-furnished,3,1111,3,7,5,5,14,0,8442200
Undri,plot,sale,fully-furnished,0,4561,1,28,2,0,1,0,22930500
Baner,villa,sale,unfurnished,3,2967,3,12,4,7,7,1,26578200
Undri,villa,rent,semi-furnished,4,2590,4,8,4,1,13,0,470400
Kharadi,villa,sale,fully-furnished,2,2505,2,5,2,1,2,1,28073700
Bavdhan,apartment,sale,unfurnished,1,389,1,10,0,8,11,0,1899200
Aundh,apartment,rent,semi-furnished,1,599,1,28,4,9,10,1,25800
Magarpatta,apartment,rent,unfurnished,2,856,2,13,2,13,13,0,17800
Hinjewadi,house,rent,semi-furnished,2,986,2,15,0,3,4,1,25500
Viman Nagar,apartment,sale,semi-furnished,4,2161,4,12,5,3,13,1,28381000
Wanowrie,house,sale,semi-furnished,2,1106,2,22,3,6,17,0,6972200
Chinchwad,villa,rent,semi-furnished,1,2311,1,4,0,12,14,0,250200
Wakad,apartment,rent,semi-furnished,2,1214,2,25,6,13,17,1,32200
Pimpri,apartment,rent,fully-furnished,3,1540,3,25,0,5,19,0,55500
Kharadi,commercial,sale,fully-furnished,0,2640,1,25,6,0,1,1,20978200
Undri,apartment,rent,unfurnished,2,860,2,31,6,2,4,0,27900
Hadapsar,apartment,rent,semi-furnished,2,854,2,16,0,1,7,0,19800
Magarpatta,apartment,sale,unfurnished,4,1943,4,10,4,3,6,0,18158800
Aundh,studio,sale,semi-furnished,1,600,1,15,3,3,6,1,5355200
Balewadi,house,rent,semi-furnished,4,1352,4,23,6,2,2,0,133300
Hinjewadi,apartment,rent,semi-furnished,3,1345,3,0,3,2,13,1,55500
Kothrud,apartment,sale,semi-furnished,3,1156,3,13,5,4,7,1,13225600
Kalyani Nagar,villa,sale,unfurnished,3,2399,3,15,6,6,7,0,27278000
Kharadi,apartment,rent,semi-furnished,2,832,2,10,2,4,10,1,32600
Chinchwad,apartment,sale,fully-furnished,3,1118,3,23,1,6,13,0,5606900
Pashan,commercial,rent,semi-furnished,0,4531,1,20,2,0,1,0,349100
Hadapsar,plot,sale,fully-furnished,0,3620,1,4,2,0,1,0,22994800
Wakad,apartment,rent,semi-furnished,4,1861,4,12,2,7,7,1,110400
Hinjewadi,studio,sale,unfurnished,1,519,1,20,4,3,11,1,3024400
Balewadi,apartment,rent,fully-furnished,2,904,2,11,4,3,14,0,48000
Bavdhan,apartment,sale,semi-furnished,3,1592,3,11,5,0,7,0,10148200
Hinjewadi,villa,sale,unfurnished,3,3276,3,7,4,3,6,1,33399300
Aundh,house,rent,fully-furnished,2,907,2,2,4,0,15,1,48300
Magarpatta,studio,sale,semi-furnished,1,736,1,31,3,7,7,0,4990000
Kothrud,apartment,sale,unfurnished,2,1067,2,0,2,3,11,1,10079900
Pimpri,apartment,rent,semi-furnished,2,938,2,1,3,14,16,0,18700
Baner,apartment,sale,fully-furnished,3,783,3,27,6,3,10,1,7575800
Baner,apartment,rent,unfurnished,1,389,1,7,5,2,9,1,19400
Wakad,apartment,rent,semi-furnished,2,895,2,0,7,6,13,1,31100
Wanowrie,apartment,rent,semi-furnished,4,1557,4,5,4,2,9,0,111900
Kalyani Nagar,house,rent,semi-furnished,2,747,2,18,6,6,13,0,56700
Baner,apartment,rent,unfurnished,3,1455,3,1,6,4,14,1,78400
Baner,apartment,sale,fully-furnished,3,1152,3,4,7,2,6,1,15003700
Kondhwa,villa,rent,unfurnished,3,2628,3,3,2,0,18,0,355000
Undri,villa,rent,unfurnished,2,2369,2,30,4,4,17,0,315500
Kharadi,apartment,sale,unfurnished,3,1395,3,3,9,2,11,1,12224900
Kondhwa,apartment,sale,semi-furnished,2,1040,2,31,5,0,2,0,5315700
Hadapsar,house,sale,semi-furnished,2,1109,2,1,5,8,17,0,8208700
Koregaon Park,apartment,sale,unfurnished,2,1172,2,14,5,5,7,0,12868000
Viman Nagar,apartment,rent,unfurnished,2,921,2,6,8,2,8,1,42600
Kharadi,apartment,sale,fully-furnished,1,795,1,8,2,6,14,1,6797100
Baner,plot,rent,fully-furnished,0,2318,1,22,2,0,1,1,99800
Wagholi,apartment,rent,unfurnished,2,919,2,9,2,4,6,0,16400
Aundh,apartment,rent,unfurnished,3,1392,3,14,1,16,19,1,70100
Pisoli,villa,sale,semi-furnished,2,2373,2,11,0,3,12,0,14312900
Wakad,studio,rent,fully-furnished,1,402,1,15,9,3,16,1,20600
Kharadi,apartment,sale,unfurnished,3,1566,3,17,3,1,16,1,12494400
Boat Club Road,apartment,rent,unfurnished,2,1113,2,14,5,1,10,0,60300
Wagholi,apartment,rent,semi-furnished,2,1142,2,19,4,7,13,0,30700
Aundh,apartment,sale,fully-furnished,3,1244,3,24,8,1,5,1,12683300
Koregaon Park,house,sale,unfurnished,2,992,2,27,7,16,16,0,9832800
Bavdhan,apartment,sale,semi-furnished,2,1005,2,23,3,0,17,0,5702600
Magarpatta,house,sale,fully-furnished,2,1087,2,28,4,0,6,0,6598600
Koregaon Park,house,rent,unfurnished,1,955,1,13,7,8,11,0,36200
Pimple Saudagar,house,sale,semi-furnished,3,1350,3,22,2,1,5,0,8386200
Hinjewadi,apartment,rent,fully-furnished,2,999,2,16,3,6,12,1,51200
Viman Nagar,villa,sale,unfurnished,5,3116,5,22,7,4,7,1,34144600
Pisoli,commercial,sale,semi-furnished,0,5912,1,17,0,0,1,0,49434900
Chinchwad,apartment,rent,semi-furnished,4,1530,4,9,3,2,8,0,67300
Shivajinagar,house,rent,unfurnished,1,815,1,16,3,2,6,1,30000
Baner,studio,rent,fully-furnished,1,585,1,30,4,2,10,1,31000
Wakad,apartment,rent,semi-furnished,2,1071,2,7,3,1,8,1,39800
Chinchwad,commercial,rent,unfurnished,0,1497,1,31,4,0,1,0,77300
Pimple Saudagar,apartment,rent,semi-furnished,1,723,1,23,2,7,14,0,14900
Kondhwa,house,rent,semi-furnished,3,1328,3,31,2,1,4,0,52700
Balewadi,apartment,rent,unfurnished,2,923,2,31,6,1,2,0,41900
Baner,apartment,rent,semi-furnished,1,503,1,6,6,0,2,1,25000
Chinchwad,commercial,sale,semi-furnished,0,2264,1,14,0,0,1,0,10656600
Bavdhan,studio,sale,fully-furnished,1,442,1,22,0,1,2,0,2607900
Shivajinagar,apartment,sale,semi-furnished,1,523,1,25,8,5,8,1,5661400
Kharadi,apartment,sale,semi-furnished,3,1152,3,17,1,0,5,1,8468700
Pimple Saudagar,apartment,sale,fully-furnished,3,1595,3,15,6,1,10,0,15647800
Chinchwad,plot,sale,semi-furnished,0,1295,1,25,3,0,1,0,4621200
Magarpatta,apartment,sale,fully-furnished,4,1558,4,20,5,3,10,0,16451700
Hinjewadi,apartment,sale,fully-furnished,3,1007,3,2,4,1,2,1,10426100
Wagholi,villa,rent,semi-furnished,1,2389,1,23,2,1,3,0,318300
Baner,apartment,rent,unfurnished,2,848,2,0,5,3,8,1,33000
Pimple Saudagar,apartment,sale,fully-furnished,2,1094,2,30,3,2,8,0,6341900
Wanowrie,apartment,sale,semi-furnished,1,870,1,29,2,2,2,0,4517300
Shivajinagar,apartment,rent,fully-furnished,2,1116,2,22,5,2,2,1,39700
Magarpatta,house,sale,semi-furnished,4,1669,4,24,6,2,10,0,16757100
Chinchwad,apartment,sale,fully-furnished,1,440,1,28,3,1,21,0,2134700
Wakad,apartment,sale,semi-furnished,1,397,1,1,3,1,14,1,3114800
Kothrud,apartment,sale,fully-furnished,3,1122,3,18,5,1,17,1,10338600
Hinjewadi,apartment,sale,semi-furnished,4,1728,4,14,4,0,5,1,14854300
Chinchwad,house,rent,unfurnished,2,969,2,28,1,0,5,0,22600
Wagholi,apartment,sale,unfurnished,3,1415,3,29,2,1,3,0,6090400
Kharadi,apartment,rent,fully-furnished,3,1254,3,27,5,0,13,1,50900
Wakad,apartment,rent,unfurnished,4,1818,4,18,7,11,11,1,146100
Viman Nagar,commercial,sale,fully-furnished,0,1519,1,30,6,0,1,1,18112300
Aundh,villa,rent,semi-furnished,2,2362,2,3,7,7,13,1,299700
Pashan,apartment,rent,unfurnished,2,1251,2,20,3,1,2,0,34900
Kothrud,apartment,sale,semi-furnished,3,1635,3,29,4,6,9,1,13877600
Kharadi,apartment,sale,fully-furnished,2,847,2,5,4,1,2,1,9606000
Baner,plot,rent,fully-furnished,0,2882,1,16,3,0,1,1,67800
Magarpatta,apartment,sale,fully-furnished,1,597,1,3,7,0,9,0,5942800
Viman Nagar,commercial,rent,semi-furnished,0,1162,1,12,5,0,1,1,73500
Shivajinagar,studio,sale,unfurnished,1,543,1,27,8,1,19,1,4500100
Kharadi,commercial,sale,semi-furnished,0,5912,1,27,2,0,1,1,28498300
Bavdhan,villa,sale,fully-furnished,3,3264,3,23,4,2,10,0,27959200
Kharadi,commercial,sale,fully-furnished,0,4100,1,13,5,0,1,1,20198700
Kothrud,apartment,rent,fully-furnished,2,799,2,22,8,7,22,1,52400
Kharadi,apartment,sale,semi-furnished,2,1120,2,7,2,3,8,1,9859700
Hinjewadi,house,sale,semi-furnished,2,728,2,11,6,4,14,1,4917900
Hadapsar,house,rent,fully-furnished,3,1139,3,31,2,14,15,0,49400
Kondhwa,apartment,sale,fully-furnished,2,939,2,28,2,5,8,0,4934600
Kondhwa,apartment,sale,fully-furnished,4,1670,4,7,0,1,16,0,11360700
Kothrud,villa,sale,semi-furnished,3,4641,3,21,3,4,4,1,49804900
Bavdhan,apartment,sale,unfurnished,2,1020,2,25,5,12,13,0,6113900
Wakad,house,sale,unfurnished,2,1017,2,19,4,11,20,1,6417000
Balewadi,apartment,sale,semi-furnished,3,1178,3,22,1,0,9,0,7642900
Wagholi,apartment,sale,unfurnished,2,1151,2,2,4,3,7,0,5643800
Baner,studio,rent,semi-furnished,1,491,1,1,8,1,21,1,29500
Aundh,apartment,rent,semi-furnished,3,1128,3,5,6,11,12,1,91800
Baner,apartment,sale,unfurnished,2,1028,2,5,5,3,14,1,8519000
Kondhwa,house,sale,semi-furnished,2,1346,2,26,2,5,5,0,6214800
Undri,studio,rent,semi-furnished,1,688,1,27,4,6,9,0,12800
Kharadi,apartment,sale,semi-furnished,2,806,2,5,5,5,12,1,7543600
Wakad,plot,rent,unfurnished,0,2524,1,9,3,0,1,1,58700
Undri,apartment,sale,unfurnished,1,549,1,31,5,1,2,0,2419700
Kothrud,villa,rent,unfurnished,2,3485,2,4,6,5,9,1,694400
Bavdhan,commercial,sale,semi-furnished,0,3538,1,28,0,0,1,0,16552600
Kothrud,villa,rent,unfurnished,2,2688,2,5,4,5,10,1,447200
Undri,apartment,rent,unfurnished,2,1102,2,7,3,7,9,0,22200
Kothrud,apartment,rent,unfurnished,2,774,2,6,1,1,2,1,32100
Viman Nagar,apartment,rent,unfurnished,3,1284,3,3,2,14,16,1,74300
Viman Nagar,house,rent,semi-furnished,3,1104,3,10,7,7,8,1,77300
Kothrud,plot,sale,semi-furnished,0,2891,1,8,2,0,1,1,13334400
Hinjewadi,commercial,rent,semi-furnished,0,2002,1,11,7,0,1,1,333200
Kothrud,house,rent,unfurnished,2,928,2,20,2,8,18,1,37300
Koregaon Park,apartment,rent,fully-furnished,2,1100,2,15,6,5,8,0,65200
Undri,apartment,sale,unfurnished,2,936,2,17,1,12,20,0,4433800
Pimple Saudagar,apartment,sale,semi-furnished,2,917,2,16,0,7,8,0,5880200
Wakad,apartment,rent,fully-furnished,1,972,1,29,6,4,7,1,29400
Kalyani Nagar,apartment,rent,semi-furnished,2,924,2,18,4,0,12,0,47200
Hinjewadi,plot,sale,unfurnished,0,1236,1,12,2,0,1,1,5944400
Pimpri,apartment,rent,unfurnished,5,1688,5,23,6,0,3,0,118500
Kharadi,apartment,rent,fully-furnished,1,479,1,8,4,0,10,1,17600
Chinchwad,apartment,sale,fully-furnished,4,1602,4,29,4,2,5,0,7888000
Kothrud,apartment,sale,unfurnished,3,1108,3,1,2,1,10,1,8816500
Wakad,apartment,sale,semi-furnished,3,1406,3,20,2,9,10,1,11476600
Kalyani Nagar,house,sale,semi-furnished,2,849,2,31,6,12,12,0,9880300
Kharadi,apartment,sale,unfurnished,4,1877,4,16,9,0,6,1,16322500
Viman Nagar,studio,sale,fully-furnished,1,592,1,4,7,0,6,1,7647300
Pisoli,apartment,sale,semi-furnished,2,1453,2,27,2,2,10,0,6020300
Kothrud,apartment,sale,semi-furnished,3,1381,3,18,5,1,3,1,14509800
Undri,apartment,sale,unfurnished,1,795,1,27,2,11,11,0,2613500
Kothrud,apartment,rent,unfurnished,1,773,1,13,6,12,12,1,24100
Hinjewadi,commercial,rent,semi-furnished,0,1425,1,12,4,0,1,1,32700
Hadapsar,apartment,sale,unfurnished,2,817,2,29,3,6,22,0,3057400
Kharadi,apartment,sale,unfurnished,3,1018,3,12,5,4,10,1,8611500
Wagholi,apartment,sale,unfurnished,2,1091,2,22,0,4,16,0,4440500
Kalyani Nagar,commercial,sale,semi-furnished,0,2582,1,25,6,0,1,0,21538300
Undri,apartment,sale,semi-furnished,4,1898,4,13,4,9,9,0,13582300
Pimpri,apartment,sale,unfurnished,1,785,1,11,6,7,9,0,4164000
Magarpatta,apartment,sale,fully-furnished,3,1437,3,17,8,0,2,0,16357400
Wakad,commercial,sale,semi-furnished,0,2089,1,18,4,0,1,1,20094900
Wakad,house,sale,fully-furnished,3,1412,3,5,3,11,14,1,16191300
Balewadi,apartment,sale,semi-furnished,2,1033,2,24,6,5,5,0,9354000
Baner,apartment,rent,semi-furnished,2,1168,2,16,3,2,3,1,56600
Kharadi,apartment,sale,fully-furnished,3,1300,3,30,4,5,7,1,10958900
Koregaon Park,apartment,rent,fully-furnished,3,1442,3,15,5,0,10,0,145000
Hadapsar,apartment,rent,semi-furnished,2,930,2,8,6,7,9,0,30000
Baner,apartment,sale,unfurnished,2,969,2,9,1,8,9,1,7380000
Pimple Saudagar,apartment,sale,fully-furnished,2,723,2,18,0,2,4,0,4666300
Magarpatta,apartment,sale,semi-furnished,2,1255,2,0,3,2,2,0,12754300
Pimple Saudagar,plot,rent,fully-furnished,0,2708,1,0,1,0,1,0,53000
Pashan,apartment,sale,unfurnished,2,972,2,12,5,13,13,0,8408600
Pisoli,apartment,sale,unfurnished,5,1986,5,12,5,12,13,0,13485100
Kothrud,house,rent,unfurnished,3,1127,3,17,7,0,5,1,70400
Shivajinagar,house,rent,semi-furnished,4,1310,4,4,9,7,12,1,147200
Balewadi,apartment,rent,unfurnished,2,998,2,20,5,2,3,0,47100
Wakad,plot,sale,fully-furnished,0,3921,1,4,3,0,1,1,28239300
Hinjewadi,studio,rent,semi-furnished,1,467,1,14,4,4,5,1,20000
Kharadi,studio,rent,semi-furnished,1,463,1,25,6,6,18,1,22700
Hinjewadi,studio,sale,semi-furnished,1,526,1,1,2,1,8,1,4240600
Undri,apartment,sale,semi-furnished,3,1399,3,27,5,0,5,0,7863500
Hinjewadi,apartment,sale,semi-furnished,2,1150,2,15,2,9,10,1,7753600
Magarpatta,commercial,rent,unfurnished,0,4365,1,25,6,0,1,0,158700
Magarpatta,apartment,sale,unfurnished,1,812,1,11,5,0,3,0,6113400
Undri,apartment,sale,unfurnished,3,1123,3,19,6,4,4,0,4881400
Balewadi,apartment,sale,semi-furnished,3,1330,3,0,6,8,12,0,17517800
Pimple Saudagar,house,sale,unfurnished,2,1132,2,26,5,6,10,0,7358700
Hinjewadi,apartment,sale,semi-furnished,2,870,2,13,2,8,15,1,6360600
Baner,apartment,sale,unfurnished,2,1237,2,27,2,4,10,1,8461600
Viman Nagar,villa,sale,unfurnished,4,2550,4,8,3,12,12,1,32766700
Aundh,apartment,rent,unfurnished,2,1133,2,4,3,1,2,1,51700
Kondhwa,apartment,sale,semi-furnished,3,1218,3,20,0,15,17,0,7516000
Balewadi,house,sale,fully-furnished,2,941,2,31,6,5,8,0,8541700
Baner,house,rent,semi-furnished,2,823,2,4,8,1,2,1,35100
Viman Nagar,apartment,sale,fully-furnished,2,977,2,16,10,3,16,1,12869100
Kalyani Nagar,commercial,sale,semi-furnished,0,2533,1,2,5,0,1,0,45550200
Aundh,commercial,rent,semi-furnished,0,1810,1,12,4,0,1,1,224700
Viman Nagar,apartment,rent,semi-furnished,2,986,2,22,5,8,8,1,50900
Magarpatta,house,rent,unfurnished,4,1540,4,1,4,2,8,0,120300
Baner,apartment,sale,semi-furnished,3,1504,3,26,9,0,8,1,12485500
Viman Nagar,commercial,sale,unfurnished,0,4094,1,0,3,0,1,1,58879900
Hinjewadi,apartment,rent,fully-furnished,2,888,2,9,1,3,14,1,33100
Hadapsar,house,sale,semi-furnished,5,1637,5,31,1,1,11,0,9480200
Magarpatta,house,sale,semi-furnished,5,2316,5,1,2,2,5,0,30962400
Hadapsar,apartment,sale,fully-furnished,2,766,2,31,6,4,14,0,4127000
Kondhwa,apartment,sale,unfurnished,2,717,2,6,0,1,10,0,3901500
Kothrud,apartment,rent,semi-furnished,4,1625,4,4,4,3,6,1,147200
Hinjewadi,apartment,sale,semi-furnished,3,1603,3,5,4,5,7,1,17350600
Undri,apartment,sale,unfurnished,3,1395,3,31,5,2,2,0,5710100
Kothrud,apartment,rent,fully-furnished,3,1505,3,28,8,0,5,1,108100
Koregaon Park,apartment,rent,unfurnished,2,1056,2,11,6,0,3,0,46000
Wanowrie,commercial,rent,semi-furnished,0,1020,1,10,3,0,1,0,114700
Viman Nagar,apartment,sale,semi-furnished,2,939,2,0,9,11,13,1,14905500
Wanowrie,studio,rent,unfurnished,1,470,1,30,3,1,12,0,13800
Wagholi,studio,rent,semi-furnished,1,501,1,24,7,2,9,0,17600
Shivajinagar,apartment,rent,semi-furnished,1,867,1,13,6,1,9,1,19400
Kondhwa,apartment,rent,fully-furnished,2,868,2,3,1,0,13,0,34200
Chinchwad,apartment,sale,unfurnished,3,1465,3,1,3,4,4,0,9661400
Chinchwad,studio,sale,semi-furnished,1,524,1,17,5,0,5,0,2913100
Kalyani Nagar,apartment,rent,semi-furnished,2,882,2,31,9,0,6,0,65700
Aundh,villa,rent,fully-furnished,4,2560,4,15,6,6,16,1,524700
Hadapsar,commercial,sale,unfurnished,0,5145,1,7,1,0,1,0,38811600
Kharadi,apartment,sale,fully-furnished,4,1345,4,16,10,2,7,1,15825800
Koregaon Park,commercial,sale,semi-furnished,0,3302,1,26,5,0,1,0,42832100
Aundh,studio,rent,unfurnished,1,490,1,31,5,4,10,1,29300
Kothrud,studio,rent,semi-furnished,1,472,1,15,5,0,14,1,27400
Hinjewadi,apartment,sale,unfurnished,4,1511,4,9,3,7,11,1,14510500
Viman Nagar,apartment,rent,fully-furnished,4,1692,4,17,5,2,11,1,192600
Wakad,apartment,sale,unfurnished,2,1181,2,6,6,6,14,1,7919700
Kondhwa,commercial,rent,fully-furnished,0,5041,1,0,0,0,1,0,283600
Baner,studio,rent,unfurnished,1,629,1,15,8,8,17,1,35000
Hinjewadi,apartment,rent,fully-furnished,3,1308,3,26,5,4,5,1,75100
Undri,apartment,sale,semi-furnished,3,1501,3,15,4,8,10,0,9890200
Viman Nagar,apartment,sale,semi-furnished,2,1293,2,20,4,3,7,1,12234400
Hinjewadi,apartment,rent,unfurnished,4,1837,4,16,4,5,7,1,109500
Hinjewadi,studio,sale,semi-furnished,1,468,1,14,2,11,14,1,3446500
Hinjewadi,apartment,rent,fully-furnished,2,1235,2,25,3,2,3,1,40900
Wagholi,apartment,sale,fully-furnished,5,1873,5,31,4,14,14,0,13313000
Wagholi,house,rent,fully-furnished,3,1252,3,18,2,10,10,0,51300
Wanowrie,plot,rent,unfurnished,0,1379,1,19,2,0,1,0,37500
Pimpri,studio,rent,semi-furnished,1,437,1,11,2,10,10,0,11000
Pimpri,plot,sale,semi-furnished,0,1849,1,2,5,0,1,0,9861200
Viman Nagar,studio,sale,fully-furnished,1,541,1,12,5,4,5,1,5583000
Pimple Saudagar,plot,rent,fully-furnished,0,3480,1,3,4,0,1,0,81000
Hinjewadi,apartment,rent,semi-furnished,2,1228,2,19,0,4,13,1,38700
Boat Club Road,apartment,sale,semi-furnished,2,777,2,0,7,6,11,0,14070100
Chinchwad,apartment,rent,semi-furnished,2,1079,2,12,5,1,11,0,32700
Koregaon Park,apartment,sale,semi-furnished,2,1096,2,0,8,9,13,0,17572400
Kharadi,apartment,rent,semi-furnished,2,709,2,0,3,0,2,1,22700
Hinjewadi,apartment,rent,fully-furnished,1,1059,1,29,3,5,6,1,23400
Hinjewadi,villa,sale,fully-furnished,1,2773,1,6,2,4,5,1,37771300
Magarpatta,house,sale,semi-furnished,1,647,1,4,1,7,7,0,5693500
Baner,apartment,sale,semi-furnished,5,1996,5,11,0,7,7,1,28615400
Hinjewadi,commercial,sale,semi-furnished,0,4193,1,10,5,0,1,1,18824100
Aundh,apartment,sale,semi-furnished,2,825,2,3,5,16,21,1,8563400
Wakad,house,rent,fully-furnished,2,949,2,27,3,4,13,1,40800
Wagholi,villa,sale,unfurnished,3,2793,3,1,2,7,15,0,20810900
Kalyani Nagar,apartment,rent,unfurnished,1,438,1,2,7,0,2,0,18200
Boat Club Road,apartment,sale,semi-furnished,3,1451,3,28,5,1,8,0,17455200
Pisoli,apartment,rent,unfurnished,2,799,2,18,0,10,22,0,20900
Magarpatta,apartment,sale,unfurnished,2,1229,2,26,1,12,13,0,7359300
Hinjewadi,studio,sale,semi-furnished,1,385,1,27,5,9,12,1,2905400
Wagholi,plot,sale,unfurnished,0,3574,1,31,2,0,1,0,7471500
Pisoli,apartment,sale,unfurnished,5,1893,5,4,1,12,15,0,12618000
Kothrud,apartment,rent,semi-furnished,5,1841,5,24,2,6,16,1,227600
Koregaon Park,villa,sale,semi-furnished,2,3059,2,0,6,4,5,0,53823100
Undri,apartment,sale,fully-furnished,2,1119,2,3,0,2,2,0,6349800
Viman Nagar,commercial,sale,fully-furnished,0,3564,1,19,6,0,1,1,39267800
Hinjewadi,apartment,rent,unfurnished,2,1187,2,2,2,1,8,1,42800
Hinjewadi,apartment,sale,semi-furnished,2,905,2,15,0,0,2,1,5152900
Bavdhan,plot,sale,semi-furnished,0,3346,1,0,2,0,1,0,12985200
Hadapsar,commercial,sale,semi-furnished,0,2421,1,20,6,0,1,0,18228700
Wakad,plot,rent,semi-furnished,0,1502,1,3,9,0,1,1,71800
Aundh,studio,rent,semi-furnished,1,415,1,31,5,1,3,1,26700
Pisoli,studio,rent,fully-furnished,1,535,1,10,4,4,7,0,18200
Kothrud,villa,sale,fully-furnished,1,1200,1,10,5,9,10,1,16981200
Viman Nagar,apartment,rent,semi-furnished,3,1518,3,8,10,2,9,1,130400
Pimple Saudagar,apartment,rent,fully-furnished,3,1223,3,12,5,3,6,0,69300
Koregaon Park,apartment,rent,fully-furnished,2,1130,2,13,5,2,2,0,80300
Kalyani Nagar,plot,rent,semi-furnished,0,1811,1,12,7,0,1,0,80900
Koregaon Park,commercial,sale,fully-furnished,0,1650,1,5,8,0,1,0,26570100
Pimpri,apartment,rent,unfurnished,2,1159,2,12,0,8,10,0,28500
Chinchwad,villa,sale,fully-furnished,4,3031,4,10,4,12,15,0,25891400
Chinchwad,apartment,rent,semi-furnished,1,653,1,2,5,4,9,0,13000
Aundh,apartment,sale,semi-furnished,2,954,2,22,5,1,5,1,6867100
Baner,apartment,rent,unfurnished,2,936,2,11,4,1,4,1,46300
Pashan,apartment,sale,fully-furnished,3,1316,3,4,8,9,12,0,18023400
Hinjewadi,apartment,rent,unfurnished,2,752,2,10,0,4,8,1,27000
Magarpatta,apartment,sale,semi-furnished,3,1428,3,3,4,9,12,0,14977100
Kharadi,apartment,sale,semi-furnished,3,785,3,11,1,7,14,1,7082900
Wanowrie,apartment,sale,fully-furnished,5,1909,5,21,2,0,11,0,17270900
Kharadi,apartment,sale,fully-furnished,2,848,2,16,1,11,11,1,6325500
Hinjewadi,house,sale,semi-furnished,5,1939,5,20,0,7,19,1,13714100
Undri,house,sale,fully-furnished,2,870,2,25,2,0,2,0,4350700
Pimple Saudagar,apartment,rent,unfurnished,2,846,2,8,1,0,4,0,25200
Viman Nagar,plot,sale,fully-furnished,0,1504,1,16,10,0,1,1,15625900
Hinjewadi,apartment,sale,semi-furnished,2,1166,2,24,4,6,10,1,7686100
Viman Nagar,house,sale,unfurnished,2,1189,2,21,7,1,14,1,8809400
Hinjewadi,apartment,rent,semi-furnished,2,981,2,2,3,6,21,1,29600
Camp,apartment,rent,unfurnished,2,980,2,5,3,3,15,0,37200
Kothrud,apartment,sale,fully-furnished,4,1646,4,28,7,0,5,1,18676200
Pisoli,apartment,sale,unfurnished,2,1293,2,1,3,1,15,0,5696700
Baner,villa,sale,semi-furnished,3,3127,3,17,6,8,19,1,44384000
Viman Nagar,apartment,rent,unfurnished,2,1284,2,11,8,4,13,1,58700
Kondhwa,commercial,rent,semi-furnished,0,5981,1,23,3,0,1,0,327600
Balewadi,studio,rent,semi-furnished,1,446,1,17,6,7,14,0,25700
Kalyani Nagar,house,rent,semi-furnished,1,605,1,11,10,13,20,0,22400
Pimpri,house,rent,fully-furnished,2,955,2,9,2,2,17,0,28700
Wagholi,apartment,rent,fully-furnished,3,1337,3,15,3,1,5,0,49400
Aundh,house,sale,fully-furnished,2,1152,2,23,3,1,12,1,10415200
Kothrud,apartment,rent,unfurnished,1,501,1,13,6,8,12,1,22000
Pisoli,studio,sale,unfurnished,1,540,1,31,2,4,7,0,1959200
Viman Nagar,apartment,sale,fully-furnished,2,1102,2,25,7,8,14,1,12481800
Kharadi,apartment,sale,fully-furnished,2,944,2,28,7,5,11,1,7415700
Baner,apartment,sale,semi-furnished,1,604,1,9,7,1,11,1,5690800
Wagholi,apartment,rent,semi-furnished,3,1688,3,21,3,5,10,0,41900
Kondhwa,studio,sale,unfurnished,1,620,1,4,0,7,10,0,3516500
Viman Nagar,apartment,sale,semi-furnished,2,1412,2,27,5,6,11,1,10644400
Magarpatta,villa,sale,fully-furnished,3,1755,3,12,4,12,13,0,21969100
Viman Nagar,commercial,sale,fully-furnished,0,449,1,9,7,0,1,1,10083600
Pimpri,studio,sale,unfurnished,1,611,1,6,2,1,2,0,3280800
Pimpri,house,rent,fully-furnished,1,439,1,30,0,1,10,0,9400
Hadapsar,apartment,sale,semi-furnished,4,1682,4,18,2,6,14,0,10243500
Magarpatta,apartment,sale,semi-furnished,2,1025,2,11,1,4,13,0,6543800
Aundh,apartment,rent,unfurnished,2,712,2,15,3,3,16,1,33200
Baner,studio,sale,semi-furnished,1,474,1,17,5,6,10,1,4392800
Wakad,house,sale,unfurnished,3,1259,3,25,0,2,10,1,7920000
Undri,studio,rent,fully-furnished,1,514,1,4,2,8,15,0,11900
Hinjewadi,house,rent,semi-furnished,3,1185,3,12,2,3,10,1,60400
Viman Nagar,commercial,sale,unfurnished,0,2965,1,23,8,0,1,1,13935500
Pashan,commercial,rent,semi-furnished,0,5067,1,11,4,0,1,0,331300
Kondhwa,apartment,sale,unfurnished,2,1439,2,1,4,20,21,0,9384100
Hinjewadi,plot,sale,semi-furnished,0,4482,1,5,0,0,1,1,19299400
Koregaon Park,apartment,sale,semi-furnished,1,954,1,3,10,5,6,0,15458100
Koregaon Park,villa,rent,fully-furnished,1,1797,1,23,5,4,12,0,952800
Wakad,apartment,sale,unfurnished,2,714,2,23,4,0,17,1,4068400
Hinjewadi,studio,sale,semi-furnished,1,516,1,1,3,3,10,1,4876100
Wakad,apartment,sale,semi-furnished,2,1147,2,14,2,3,7,1,8140800
Kharadi,house,sale,unfurnished,1,917,1,11,3,6,11,1,7442200
Baner,apartment,sale,unfurnished,2,777,2,6,3,6,8,1,7129500
Hinjewadi,apartment,sale,unfurnished,2,897,2,20,6,1,10,1,5304200
Undri,apartment,sale,unfurnished,2,940,2,19,1,1,5,0,4119400
Shivajinagar,apartment,rent,semi-furnished,2,776,2,14,7,9,16,1,32000
Kharadi,apartment,rent,unfurnished,2,1186,2,27,7,2,10,1,44200
Viman Nagar,apartment,sale,fully-furnished,2,943,2,0,9,3,8,1,12845200
Baner,apartment,rent,semi-furnished,2,1252,2,21,5,5,10,1,57000
Wagholi,apartment,rent,fully-furnished,1,668,1,21,1,5,9,0,19300
Hadapsar,apartment,sale,semi-furnished,3,1609,3,13,1,4,8,0,9950300
Chinchwad,apartment,sale,fully-furnished,3,1183,3,9,5,1,17,0,8519500
Pashan,plot,sale,fully-furnished,0,2593,1,19,4,0,1,0,18240300
Balewadi,apartment,sale,semi-furnished,2,1074,2,27,4,2,7,0,5622500
Magarpatta,commercial,rent,unfurnished,0,4085,1,12,1,0,1,0,397400
Hinjewadi,plot,sale,unfurnished,0,2502,1,8,5,0,1,1,13615900
Kothrud,house,sale,semi-furnished,2,953,2,29,2,1,4,1,6162000
Pisoli,studio,sale,fully-furnished,1,495,1,1,0,3,5,0,3528600
Koregaon Park,apartment,rent,semi-furnished,3,1421,3,29,10,1,3,0,121200
Wakad,apartment,rent,semi-furnished,3,1408,3,4,3,2,9,1,75900
Boat Club Road,house,sale,semi-furnished,4,1727,4,5,7,5,11,0,36610800
Aundh,apartment,sale,unfurnished,4,1733,4,21,6,7,15,1,19542900
Wakad,apartment,rent,unfurnished,3,1188,3,0,6,6,9,1,61300
Koregaon Park,apartment,rent,semi-furnished,1,300,1,28,7,2,2,0,35700
Koregaon Park,apartment,rent,semi-furnished,2,949,2,29,5,6,21,0,52200
Kalyani Nagar,apartment,sale,fully-furnished,2,679,2,1,6,12,12,0,10562900
Koregaon Park,studio,sale,semi-furnished,1,327,1,8,8,7,9,0,4609300
Balewadi,apartment,sale,fully-furnished,4,1317,4,10,5,4,11,0,14347400
Magarpatta,commercial,sale,unfurnished,0,883,1,9,7,0,1,0,7472500
Wanowrie,apartment,rent,unfurnished,4,1649,4,23,1,3,4,0,92400
Kondhwa,commercial,sale,semi-furnished,0,4872,1,14,1,0,1,0,13262300
Wakad,apartment,rent,semi-furnished,1,949,1,29,6,13,17,1,29200
Hadapsar,house,sale,fully-furnished,3,1729,3,18,4,5,7,0,8861900
Baner,apartment,rent,semi-furnished,3,1037,3,9,7,1,7,1,76200
Hinjewadi,plot,rent,unfurnished,0,4263,1,20,3,0,1,1,117700
Pimpri,commercial,sale,semi-furnished,0,3063,1,5,4,0,1,0,11271200
Pashan,apartment,sale,fully-furnished,3,1078,3,15,2,5,6,0,9993300
Kondhwa,house,rent,semi-furnished,3,1657,3,18,0,6,8,0,66700
Baner,villa,sale,unfurnished,1,2342,1,13,2,11,18,1,23918200
Baner,studio,sale,fully-furnished,1,444,1,27,4,10,11,1,4231700
Viman Nagar,apartment,rent,unfurnished,2,1413,2,6,9,2,8,1,75000
Kondhwa,apartment,sale,unfurnished,2,958,2,16,5,2,13,0,4690700
Hinjewadi,apartment,rent,unfurnished,3,1565,3,31,1,0,3,1,74400
Chinchwad,commercial,sale,unfurnished,0,3744,1,4,1,0,1,0,31353500
Kalyani Nagar,apartment,rent,fully-furnished,2,711,2,4,6,3,17,0,61900
Undri,apartment,sale,fully-furnished,4,1636,4,26,3,5,11,0,10083800
Baner,apartment,sale,fully-furnished,1,460,1,27,3,1,9,1,2793200
Hadapsar,apartment,sale,semi-furnished,2,1326,2,21,6,2,8,0,6349200
Hinjewadi,apartment,sale,fully-furnished,3,1459,3,5,4,14,16,1,13609100
Boat Club Road,apartment,rent,unfurnished,3,1285,3,19,9,0,8,0,92600
Aundh,apartment,sale,unfurnished,4,1780,4,3,4,2,4,1,20509100
Aundh,studio,rent,semi-furnished,1,621,1,12,9,9,15,1,22000
Kondhwa,apartment,sale,unfurnished,4,1218,4,29,5,5,15,0,7140600
Undri,apartment,sale,semi-furnished,3,1320,3,0,2,0,2,0,9358500
Koregaon Park,apartment,rent,fully-furnished,2,1129,2,8,4,1,10,0,85200
Pimple Saudagar,house,sale,semi-furnished,3,1057,3,7,3,7,8,0,9419100
Viman Nagar,apartment,sale,fully-furnished,2,896,2,24,6,7,15,1,10005400
Magarpatta,apartment,rent,semi-furnished,3,1405,3,17,5,0,8,0,68800
Koregaon Park,apartment,rent,semi-furnished,2,634,2,18,10,5,11,0,64900
Magarpatta,apartment,sale,unfurnished,3,1348,3,16,3,1,10,0,11192300
Wakad,house,rent,fully-furnished,4,1241,4,25,5,13,14,1,110300
Wakad,apartment,rent,semi-furnished,2,1241,2,22,4,12,13,1,35300
Aundh,villa,rent,fully-furnished,2,1873,2,8,3,1,2,1,599500
Hinjewadi,apartment,sale,semi-furnished,3,1299,3,16,3,14,25,1,11886200
Wakad,studio,sale,semi-furnished,1,517,1,24,5,6,16,1,3654900
Hadapsar,commercial,rent,unfurnished,0,2739,1,10,0,0,1,0,105600
Balewadi,apartment,sale,semi-furnished,2,945,2,1,6,6,9,0,8058400
Kondhwa,house,rent,semi-furnished,2,1123,2,29,1,2,6,0,30800
Aundh,apartment,rent,semi-furnished,4,1467,4,4,6,4,16,1,144300
Balewadi,house,sale,semi-furnished,2,1067,2,8,3,4,4,0,10441400
Viman Nagar,apartment,rent,semi-furnished,3,1467,3,3,6,5,13,1,108900
Boat Club Road,apartment,rent,semi-furnished,2,964,2,26,4,2,9,0,60400
Aundh,house,rent,semi-furnished,3,1075,3,27,3,3,18,1,80200
Chinchwad,house,sale,unfurnished,2,916,2,23,0,6,12,0,3652600
Wakad,studio,sale,semi-furnished,1,315,1,6,5,7,10,1,2357800
Wagholi,apartment,rent,unfurnished,2,988,2,8,8,2,12,0,32500
Baner,apartment,rent,semi-furnished,2,801,2,30,5,4,6,1,40400
Baner,studio,sale,fully-furnished,1,484,1,25,3,1,5,1,4222000
Kothrud,studio,rent,fully-furnished,1,467,1,25,1,0,9,1,21100
Koregaon Park,apartment,rent,semi-furnished,1,486,1,28,6,4,17,0,34400
Chinchwad,apartment,sale,semi-furnished,4,1799,4,10,6,1,2,0,14783500
Baner,commercial,sale,unfurnished,0,5461,1,30,5,0,1,1,26087100
Baner,apartment,rent,semi-furnished,3,1345,3,2,7,4,11,1,110500
Koregaon Park,villa,sale,semi-furnished,3,3976,3,8,5,5,11,0,56723100
Koregaon Park,apartment,rent,semi-furnished,2,747,2,20,6,6,18,0,71200
Shivajinagar,apartment,rent,semi-furnished,3,1288,3,28,6,5,6,1,102300
Wakad,house,sale,semi-furnished,3,1360,3,4,2,4,14,1,13344800
Hadapsar,apartment,rent,unfurnished,2,988,2,1,4,2,10,0,22000
Hinjewadi,studio,sale,unfurnished,1,652,1,5,4,0,10,1,4526900
Hadapsar,apartment,rent,semi-furnished,1,968,1,7,6,1,11,0,19400
Viman Nagar,apartment,rent,fully-furnished,3,1099,3,30,6,5,6,1,89200
Koregaon Park,house,rent,semi-furnished,4,1564,4,22,5,16,16,0,192000
Boat Club Road,apartment,sale,unfurnished,3,988,3,30,7,0,8,0,11458100
Koregaon Park,studio,rent,semi-furnished,1,473,1,4,7,9,13,0,35200
Viman Nagar,house,sale,unfurnished,1,712,1,11,6,0,2,1,6598600
Aundh,plot,sale,unfurnished,0,4356,1,26,8,0,1,1,15484300
Pimpri,apartment,sale,unfurnished,3,1658,3,30,4,1,10,0,6302800
Pimple Saudagar,studio,sale,fully-furnished,1,547,1,11,1,0,11,0,4909800
Viman Nagar,apartment,rent,unfurnished,2,1023,2,12,5,2,12,1,50400
Hinjewadi,house,sale,unfurnished,3,1639,3,18,1,0,7,1,9943000
Pisoli,apartment,sale,unfurnished,1,877,1,30,6,10,11,0,3278200
Chinchwad,apartment,sale,fully-furnished,4,1669,4,6,2,2,14,0,14179700
Aundh,plot,rent,fully-furnished,0,3863,1,30,9,0,1,1,181000
Aundh,studio,sale,unfurnished,1,386,1,19,5,9,10,1,3402400
Hinjewadi,villa,sale,semi-furnished,1,2350,1,28,0,1,11,1,15098300
Kharadi,house,sale,fully-furnished,4,1778,4,31,6,9,11,1,18268900
Magarpatta,villa,rent,unfurnished,2,1227,2,24,2,2,8,0,184800
Pisoli,apartment,rent,fully-furnished,1,454,1,26,2,4,11,0,14400
Pimpri,villa,sale,fully-furnished,2,1693,2,20,6,3,10,0,15276000
Hinjewadi,apartment,sale,semi-furnished,3,1296,3,26,4,4,19,1,8460100
Kondhwa,commercial,sale,fully-furnished,0,2489,1,11,4,0,1,0,19015700
Boat Club Road,studio,sale,fully-furnished,1,627,1,13,6,1,12,0,9616300
Viman Nagar,apartment,sale,semi-furnished,2,1177,2,26,9,1,8,1,10775400
Magarpatta,commercial,sale,fully-furnished,0,4093,1,2,2,0,1,0,51206300
Balewadi,apartment,rent,unfurnished,5,2231,5,23,6,3,8,0,221100
Pimple Saudagar,apartment,sale,unfurnished,3,833,3,26,1,1,7,0,3417400
Koregaon Park,apartment,sale,fully-furnished,2,900,2,21,6,8,11,0,11419800
Kothrud,house,sale,semi-furnished,4,1693,4,17,3,1,5,1,18925300
Koregaon Park,plot,sale,unfurnished,0,974,1,28,6,0,1,0,6265200
Hinjewadi,studio,rent,fully-furnished,1,408,1,19,3,2,6,1,14900
Aundh,apartment,rent,semi-furnished,4,1727,4,5,3,0,12,1,131800
Kharadi,plot,rent,semi-furnished,0,790,1,16,3,0,1,1,33100
Hinjewadi,house,sale,semi-furnished,4,1554,4,4,4,7,11,1,16216300
Baner,apartment,sale,unfurnished,2,991,2,13,5,3,10,1,8832300
Pimpri,apartment,rent,fully-furnished,2,978,2,23,4,3,5,0,32700
Magarpatta,villa,sale,unfurnished,1,1200,1,25,4,4,8,0,9069800
Balewadi,studio,sale,semi-furnished,1,582,1,22,6,3,9,0,3406400
Pimple Saudagar,apartment,sale,fully-furnished,3,1423,3,17,2,4,8,0,11000500
Wakad,apartment,rent,semi-furnished,2,901,2,19,2,5,7,1,22300
Pisoli,apartment,rent,unfurnished,5,1761,5,19,0,3,4,0,96800
Kothrud,plot,sale,unfurnished,0,2812,1,6,6,0,1,1,17995800
Kothrud,apartment,rent,fully-furnished,2,1117,2,29,7,7,12,1,52500
Baner,apartment,rent,semi-furnished,1,544,1,27,6,0,5,1,24600
Baner,apartment,sale,semi-furnished,3,1683,3,4,3,7,7,1,19952300
Aundh,apartment,sale,semi-furnished,2,861,2,10,5,6,13,1,8837100
Pashan,apartment,rent,unfurnished,3,1090,3,1,3,5,12,0,46400
Pimple Saudagar,house,sale,semi-furnished,2,860,2,25,3,4,13,0,4367100
Viman Nagar,villa,rent,unfurnished,3,2641,3,13,2,1,15,1,502100
Boat Club Road,commercial,rent,unfurnished,0,1060,1,3,6,0,1,0,243200
Viman Nagar,commercial,rent,semi-furnished,0,5689,1,11,7,0,1,1,464800
Camp,studio,sale,semi-furnished,1,520,1,11,5,6,13,0,4567800
Magarpatta,apartment,sale,unfurnished,3,1235,3,1,2,3,11,0,8181500
Magarpatta,apartment,sale,semi-furnished,2,677,2,4,2,0,4,0,5117800
Pisoli,house,rent,fully-furnished,2,1307,2,21,5,3,12,0,30500
Pashan,studio,rent,unfurnished,1,300,1,30,8,4,5,0,13700
Baner,apartment,rent,semi-furnished,3,1263,3,26,5,7,12,1,74000
Chinchwad,studio,sale,fully-furnished,1,362,1,10,3,0,12,0,2372600
Pimpri,house,sale,semi-furnished,3,1206,3,6,1,6,13,0,7800000
Hinjewadi,apartment,rent,unfurnished,1,1033,1,17,3,7,13,1,26700
Hinjewadi,villa,sale,semi-furnished,2,2206,2,23,4,11,11,1,18861300
Undri,apartment,rent,fully-furnished,3,1849,3,25,1,8,10,0,69700
Balewadi,apartment,sale,unfurnished,2,1286,2,0,3,3,3,0,11203800
Wakad,plot,sale,fully-furnished,0,3986,1,25,2,0,1,1,16537400
Hinjewadi,apartment,sale,fully-furnished,2,993,2,26,1,2,7,1,7479600
Pimple Saudagar,house,sale,unfurnished,3,822,3,9,8,12,14,0,5565200
Koregaon Park,apartment,sale,fully-furnished,3,1131,3,24,5,1,10,0,14367800
Wagholi,apartment,rent,semi-furnished,4,1471,4,15,3,2,14,0,79100
Pisoli,commercial,sale,semi-furnished,0,1830,1,29,4,0,1,0,7365800
Wakad,plot,rent,fully-furnished,0,1198,1,27,6,0,1,1,69000
Baner,villa,rent,unfurnished,2,2265,2,16,4,4,4,1,432200
Chinchwad,apartment,sale,fully-furnished,4,2022,4,5,5,2,4,0,19661000
Baner,apartment,sale,unfurnished,2,1206,2,17,4,0,6,1,9802200
Koregaon Park,house,rent,unfurnished,2,883,2,29,7,3,8,0,33700
Pashan,studio,sale,semi-furnished,1,543,1,14,6,11,12,0,4719000
Chinchwad,house,sale,unfurnished,4,1796,4,24,3,12,14,0,9231600
Kalyani Nagar,commercial,rent,semi-furnished,0,4141,1,17,5,0,1,0,389500
Wakad,apartment,rent,unfurnished,1,617,1,19,5,8,8,1,22400
Pimple Saudagar,apartment,rent,fully-furnished,2,1070,2,24,4,0,3,0,55500
Wanowrie,house,sale,fully-furnished,2,992,2,1,4,0,5,0,9672500
Magarpatta,apartment,rent,unfurnished,4,1591,4,16,4,7,16,0,97300
Chinchwad,apartment,sale,semi-furnished,1,544,1,31,1,1,15,0,1871000
Chinchwad,apartment,rent,unfurnished,4,1689,4,16,4,2,5,0,86300
Kalyani Nagar,apartment,sale,semi-furnished,3,1273,3,12,8,5,5,0,20370600
Pimpri,studio,sale,fully-furnished,1,507,1,10,2,8,8,0,3820700
Pimpri,commercial,sale,semi-furnished,0,4364,1,26,2,0,1,0,26271400
Baner,apartment,sale,semi-furnished,2,927,2,26,6,4,7,1,7120200
Kothrud,apartment,sale,semi-furnished,3,1423,3,22,4,4,7,1,10418000
Kothrud,apartment,rent,semi-furnished,3,1393,3,6,1,1,15,1,72400
Kharadi,house,sale,unfurnished,4,1562,4,11,2,1,9,1,14030900
Pimple Saudagar,apartment,rent,semi-furnished,1,484,1,7,4,0,8,0,18300
Balewadi,apartment,sale,unfurnished,2,1197,2,11,3,2,4,0,8630000
Undri,apartment,sale,unfurnished,5,2080,5,29,2,12,12,0,11485600
Kothrud,house,sale,fully-furnished,1,889,1,29,4,8,10,1,6388100
Bavdhan,house,sale,semi-furnished,2,1239,2,14,1,1,3,0,7351300
Chinchwad,apartment,rent,fully-furnished,3,1005,3,15,5,9,11,0,47200
Aundh,apartment,sale,unfurnished,4,1355,4,25,3,6,9,1,13246100
Kothrud,villa,rent,fully-furnished,3,2686,3,10,2,6,6,1,466100
Viman Nagar,house,sale,semi-furnished,4,1591,4,31,7,7,9,1,17500000
Baner,house,rent,fully-furnished,2,993,2,16,3,0,2,1,42300
Undri,apartment,rent,unfurnished,2,1137,2,7,0,0,6,0,18200
Kharadi,apartment,rent,unfurnished,3,1526,3,6,0,1,16,1,78500
Hinjewadi,apartment,rent,unfurnished,2,1078,2,22,2,6,18,1,36900
Chinchwad,house,sale,semi-furnished,2,973,2,15,1,5,8,0,4261200
Aundh,commercial,sale,unfurnished,0,5568,1,9,7,0,1,1,38931900
Aundh,apartment,rent,unfurnished,3,1707,3,31,7,0,10,1,96700
Wakad,house,sale,semi-furnished,2,918,2,8,8,5,11,1,8191600
Wakad,apartment,sale,semi-furnished,5,1817,5,26,5,1,6,1,17928500
Chinchwad,apartment,rent,semi-furnished,3,1043,3,30,5,0,10,0,37800
Hadapsar,plot,rent,semi-furnished,0,4517,1,20,4,0,1,0,100300
Hinjewadi,apartment,sale,semi-furnished,5,2062,5,9,3,3,3,1,23724200
Shivajinagar,plot,rent,semi-furnished,0,4482,1,6,6,0,1,1,155800
Undri,apartment,sale,fully-furnished,2,1187,2,11,5,1,5,0,8068100
Aundh,apartment,sale,unfurnished,2,808,2,9,5,5,11,1,7410100
Undri,apartment,rent,fully-furnished,5,1952,5,15,3,15,16,0,157300
Kharadi,studio,sale,semi-furnished,1,384,1,20,2,5,11,1,2677100
Magarpatta,villa,sale,unfurnished,1,3461,1,20,4,0,2,0,25783700
Hinjewadi,apartment,rent,unfurnished,2,1305,2,20,3,7,9,1,34000
Pisoli,studio,rent,semi-furnished,1,677,1,11,5,1,2,0,18100
Aundh,apartment,rent,semi-furnished,3,1410,3,6,3,7,14,1,77600
Pashan,apartment,rent,semi-furnished,2,930,2,12,5,5,12,0,43100
Pimpri,apartment,sale,semi-furnished,3,1081,3,13,2,0,6,0,5697300
Pashan,house,rent,semi-furnished,4,1727,4,23,6,8,13,0,122300
Hinjewadi,commercial,sale,fully-furnished,0,2797,1,15,1,0,1,1,27585200
Kondhwa,villa,sale,unfurnished,2,2513,2,14,3,0,9,0,14014200
Pimple Saudagar,apartment,sale,fully-furnished,2,1085,2,13,7,3,8,0,9418300
Hinjewadi,apartment,rent,fully-furnished,2,1194,2,13,3,6,9,1,53800
Koregaon Park,house,sale,unfurnished,3,986,3,4,6,10,12,0,14288400
Magarpatta,studio,sale,unfurnished,1,496,1,0,6,2,2,0,5517700
Pimpri,plot,rent,semi-furnished,0,4175,1,28,0,0,1,0,69000
Hinjewadi,apartment,sale,semi-furnished,2,828,2,2,0,0,8,1,7083400
Hinjewadi,commercial,sale,semi-furnished,0,547,1,26,2,0,1,1,4457100
Kharadi,apartment,sale,semi-furnished,2,1029,2,24,5,13,17,1,6987100
Koregaon Park,apartment,sale,fully-furnished,2,844,2,4,3,10,18,0,14785900
Bavdhan,commercial,rent,semi-furnished,0,945,1,28,2,0,1,0,78300
Kondhwa,villa,sale,semi-furnished,5,3410,5,5,3,1,3,0,30642400
Magarpatta,studio,sale,unfurnished,1,562,1,23,1,4,6,0,3515100
Wakad,commercial,sale,unfurnished,0,1474,1,1,7,0,1,1,11541100
Undri,apartment,rent,fully-furnished,2,1327,2,23,1,4,13,0,32700
Hadapsar,apartment,rent,semi-furnished,2,1108,2,29,2,6,7,0,32400
Baner,villa,sale,fully-furnished,2,3506,2,10,4,7,12,1,65702700
Magarpatta,apartment,rent,semi-furnished,2,957,2,10,5,2,4,0,38600
Undri,apartment,rent,fully-furnished,3,1142,3,17,1,0,2,0,54800
Boat Club Road,apartment,rent,fully-furnished,3,1523,3,17,6,4,8,0,137800
Pimple Saudagar,commercial,sale,fully-furnished,0,340,1,5,4,0,1,0,3160400
Koregaon Park,apartment,sale,fully-furnished,1,888,1,1,8,7,7,0,14305000
Kothrud,apartment,sale,unfurnished,3,1070,3,27,4,5,21,1,8638200
Chinchwad,apartment,sale,fully-furnished,2,1093,2,14,3,8,23,0,5993200
Wakad,plot,rent,unfurnished,0,681,1,9,2,0,1,1,28500
Balewadi,apartment,rent,unfurnished,2,911,2,15,4,2,2,0,38700
Kothrud,house,sale,unfurnished,2,820,2,14,5,1,2,1,7939600
Wakad,villa,sale,fully-furnished,1,3095,1,17,4,3,4,1,40030800
Hadapsar,apartment,rent,semi-furnished,2,1017,2,13,1,6,13,0,19800
Hinjewadi,villa,sale,semi-furnished,3,2695,3,28,6,2,4,1,20614900
Hinjewadi,studio,rent,unfurnished,1,483,1,14,0,8,21,1,19400
Koregaon Park,apartment,rent,unfurnished,3,1215,3,12,6,2,2,0,93500
Kothrud,studio,sale,semi-furnished,1,519,1,31,7,0,5,1,3404200
Hinjewadi,apartment,rent,unfurnished,3,1328,3,24,1,3,3,1,64000
Balewadi,plot,sale,unfurnished,0,1913,1,5,5,0,1,0,15414000
Pimpri,house,sale,semi-furnished,4,1598,4,13,2,6,14,0,11213800
Kharadi,villa,sale,semi-furnished,3,2284,3,10,6,3,9,1,20526900
Koregaon Park,house,rent,unfurnished,1,865,1,12,8,1,6,0,29400
Pimple Saudagar,commercial,sale,semi-furnished,0,2748,1,18,3,0,1,0,27417300
Kharadi,villa,rent,fully-furnished,1,2534,1,2,1,12,12,1,478600
Kondhwa,commercial,rent,fully-furnished,0,3281,1,7,3,0,1,0,244800
Magarpatta,apartment,rent,fully-furnished,1,730,1,25,2,7,9,0,15000
Hadapsar,plot,rent,semi-furnished,0,905,1,12,0,0,1,0,20400
Hinjewadi,apartment,sale,semi-furnished,3,1255,3,19,1,11,16,1,10385400
Baner,commercial,rent,fully-furnished,0,3524,1,12,4,0,1,1,422000
Kothrud,villa,sale,fully-furnished,5,2938,5,11,1,2,10,1,32556300
Baner,apartment,rent,semi-furnished,3,1306,3,6,4,8,11,1,89700
Balewadi,apartment,sale,unfurnished,1,585,1,11,2,9,11,0,3714900
Wanowrie,villa,sale,unfurnished,2,2571,2,19,4,7,7,0,17513300
Pisoli,plot,rent,fully-furnished,0,859,1,5,3,0,1,0,24300
Koregaon Park,plot,sale,unfurnished,0,4608,1,14,9,0,1,0,54297300
Hinjewadi,apartment,rent,semi-furnished,2,848,2,7,5,5,8,1,32400
Kalyani Nagar,plot,sale,semi-furnished,0,4069,1,30,7,0,1,0,25042200
Wakad,studio,sale,semi-furnished,1,647,1,19,6,3,10,1,5293900
Hinjewadi,apartment,rent,semi-furnished,3,1332,3,27,3,0,8,1,77400
Kalyani Nagar,apartment,rent,fully-furnished,2,1010,2,8,6,10,14,0,91200
Boat Club Road,apartment,sale,fully-furnished,1,478,1,2,6,2,4,0,6528400
Kharadi,apartment,sale,semi-furnished,3,1193,3,18,4,6,10,1,9773700
Magarpatta,villa,rent,unfurnished,2,2513,2,10,4,3,12,0,562600
Aundh,apartment,rent,semi-furnished,3,898,3,30,9,8,14,1,62800
Balewadi,studio,rent,unfurnished,1,591,1,30,1,4,11,0,15800
Pimple Saudagar,plot,sale,fully-furnished,0,822,1,29,0,0,1,0,3731600
Kharadi,commercial,sale,semi-furnished,0,1349,1,5,6,0,1,1,12461600
Viman Nagar,house,sale,semi-furnished,3,1358,3,2,5,5,17,1,18591700
Hinjewadi,apartment,rent,fully-furnished,2,1055,2,28,0,7,8,1,33500
Aundh,apartment,rent,semi-furnished,3,883,3,8,9,0,10,1,67500
Hadapsar,villa,sale,semi-furnished,3,2787,3,25,5,3,5,0,21669800
Chinchwad,apartment,rent,unfurnished,2,1077,2,27,4,6,11,0,35400
Hinjewadi,apartment,sale,semi-furnished,3,1085,3,15,2,0,2,1,8357600
Pimpri,apartment,rent,semi-furnished,3,1299,3,11,0,6,8,0,50500
Boat Club Road,house,rent,semi-furnished,2,691,2,23,7,12,13,0,42000
Hadapsar,plot,rent,unfurnished,0,2652,1,9,3,0,1,0,61500
Wakad,villa,sale,unfurnished,2,3120,2,20,1,0,11,1,20664800
Chinchwad,apartment,sale,fully-furnished,1,281,1,20,0,9,9,0,1625600
Koregaon Park,villa,sale,fully-furnished,3,2767,3,10,8,4,6,0,59711900
Pimpri,house,sale,semi-furnished,2,994,2,10,1,1,2,0,6135900
Wakad,villa,sale,unfurnished,3,4050,3,13,2,5,8,1,35947900
Pisoli,apartment,rent,unfurnished,2,1172,2,11,1,2,2,0,25200
Hinjewadi,house,rent,unfurnished,3,1369,3,26,1,11,18,1,77000
Undri,villa,rent,fully-furnished,3,2445,3,24,6,14,16,0,526200
Viman Nagar,apartment,rent,unfurnished,2,1212,2,0,8,3,3,1,70500
Kothrud,house,rent,fully-furnished,2,1261,2,29,3,5,13,1,46600
Magarpatta,studio,rent,fully-furnished,1,456,1,20,6,5,6,0,22100
Koregaon Park,studio,sale,fully-furnished,1,622,1,23,6,1,12,0,7031200
Aundh,studio,sale,fully-furnished,1,487,1,14,4,2,20,1,5535600
Koregaon Park,apartment,rent,semi-furnished,2,725,2,13,9,13,18,0,44700
Kalyani Nagar,apartment,sale,semi-furnished,2,956,2,28,7,1,2,0,8772400
Chinchwad,apartment,sale,semi-furnished,4,1715,4,0,5,8,13,0,15363500
Hadapsar,villa,sale,semi-furnished,4,3425,4,10,1,2,8,0,28014000
Magarpatta,plot,sale,unfurnished,0,3585,1,27,3,0,1,0,13100300
Pimple Saudagar,apartment,sale,unfurnished,2,738,2,9,6,4,7,0,5408500
Wakad,apartment,sale,semi-furnished,2,993,2,25,3,0,8,1,5610600
Kothrud,house,sale,semi-furnished,1,731,1,29,0,10,12,1,4943100
Baner,apartment,rent,semi-furnished,3,1278,3,29,0,7,10,1,72300
Viman Nagar,commercial,sale,semi-furnished,0,3842,1,9,7,0,1,1,21106900
Viman Nagar,villa,sale,fully-furnished,3,3288,3,17,5,2,7,1,54046700
Wakad,house,rent,fully-furnished,4,1840,4,11,2,10,11,1,142800
Boat Club Road,apartment,sale,semi-furnished,3,1210,3,19,7,1,2,0,18482600
Koregaon Park,apartment,rent,semi-furnished,2,939,2,18,9,4,13,0,63800
Baner,commercial,sale,unfurnished,0,4678,1,0,9,0,1,1,56094000
Pimple Saudagar,villa,rent,unfurnished,2,2783,2,9,2,0,20,0,308600
Wanowrie,apartment,sale,unfurnished,3,1201,3,21,3,12,14,0,5883500
Hadapsar,studio,sale,fully-furnished,1,634,1,17,2,0,5,0,3262700
Baner,apartment,rent,semi-furnished,2,825,2,9,6,7,18,1,50700
Magarpatta,apartment,rent,semi-furnished,3,1358,3,11,6,6,11,0,93700
Undri,apartment,rent,semi-furnished,3,1345,3,10,4,3,17,0,47600
Pimpri,apartment,sale,semi-furnished,2,1336,2,22,4,4,7,0,6152100
Kalyani Nagar,studio,sale,semi-furnished,1,580,1,6,4,1,10,0,7466600
Bavdhan,studio,sale,fully-furnished,1,535,1,8,4,2,12,0,5093600
Pimple Saudagar,apartment,rent,unfurnished,2,882,2,15,6,1,3,0,17400
Hinjewadi,villa,sale,semi-furnished,2,1558,2,14,1,6,8,1,13479000
Viman Nagar,commercial,rent,fully-furnished,0,5279,1,6,7,0,1,1,734900
Chinchwad,apartment,sale,semi-furnished,5,2305,5,14,1,5,5,0,15031900
Pimpri,villa,rent,unfurnished,2,2843,2,14,0,9,13,0,144100
Chinchwad,apartment,sale,semi-furnished,4,1536,4,29,1,7,9,0,7824100
Kharadi,apartment,sale,semi-furnished,4,1436,4,5,4,0,2,1,15259500
Pashan,apartment,sale,semi-furnished,3,1394,3,26,3,0,2,0,8656900
Kharadi,villa,sale,fully-furnished,2,2388,2,1,7,10,12,1,35271900
Balewadi,house,sale,fully-furnished,3,1003,3,12,8,0,2,0,13335500
Kharadi,house,rent,semi-furnished,3,1356,3,26,4,2,6,1,68300
Kalyani Nagar,plot,sale,unfurnished,0,745,1,2,7,0,1,0,4485400
Undri,apartment,sale,semi-furnished,2,1282,2,0,0,12,14,0,6371500
Viman Nagar,villa,rent,semi-furnished,2,2812,2,28,5,4,20,1,715600
Pimpri,apartment,rent,semi-furnished,3,1156,3,10,3,13,13,0,55500
Kharadi,apartment,sale,fully-furnished,5,1781,5,31,5,7,12,1,17383700
Magarpatta,commercial,sale,semi-furnished,0,1003,1,13,5,0,1,0,4889600
Magarpatta,apartment,sale,semi-furnished,2,854,2,13,4,5,13,0,6010800
Wanowrie,apartment,sale,unfurnished,3,1133,3,15,5,3,4,0,8214800
Pimple Saudagar,apartment,rent,semi-furnished,1,427,1,25,3,1,3,0,12100
Kharadi,apartment,rent,semi-furnished,2,752,2,19,6,3,16,1,38400
Hinjewadi,commercial,sale,fully-furnished,0,1039,1,4,6,0,1,1,14742600
Hadapsar,plot,rent,semi-furnished,0,3814,1,7,0,0,1,0,95300
Kalyani Nagar,apartment,sale,fully-furnished,2,942,2,29,6,0,2,0,8996700
Koregaon Park,apartment,rent,fully-furnished,3,1239,3,20,7,2,11,0,133500
Undri,commercial,rent,unfurnished,0,5415,1,14,1,0,1,0,272700
Baner,commercial,rent,semi-furnished,0,1722,1,8,8,0,1,1,183600
Koregaon Park,apartment,sale,semi-furnished,2,831,2,22,7,0,7,0,10137700
Kharadi,apartment,sale,fully-furnished,2,1431,2,12,0,0,10,1,11569400
Balewadi,commercial,rent,fully-furnished,0,1212,1,15,6,0,1,0,197000
Koregaon Park,apartment,rent,semi-furnished,4,1542,4,18,8,2,15,0,215100
Pimple Saudagar,villa,rent,semi-furnished,2,3653,2,14,2,11,24,0,647800
Kothrud,studio,sale,semi-furnished,1,445,1,28,3,9,11,1,3841200
Wagholi,apartment,rent,fully-furnished,5,2342,5,4,4,3,8,0,188300
Koregaon Park,studio,sale,semi-furnished,1,531,1,4,9,0,8,0,8051500
Kharadi,apartment,sale,unfurnished,2,916,2,22,4,8,8,1,6613500
Wakad,house,rent,fully-furnished,3,959,3,10,3,4,6,1,72000
Baner,apartment,sale,semi-furnished,1,884,1,24,7,2,2,1,5874400
Aundh,apartment,sale,semi-furnished,2,1122,2,4,3,1,4,1,10517100
Aundh,studio,sale,fully-furnished,1,720,1,19,8,3,15,1,6624500
Viman Nagar,apartment,rent,semi-furnished,2,970,2,8,4,13,13,1,30100
Pashan,apartment,rent,fully-furnished,3,1324,3,7,4,20,21,0,81100
Pimpri,apartment,rent,fully-furnished,2,1131,2,17,3,1,3,0,32600
Magarpatta,studio,sale,semi-furnished,1,407,1,29,7,3,9,0,2330900
Pashan,villa,sale,fully-furnished,3,2715,3,14,2,2,16,0,29113900
Hinjewadi,apartment,sale,semi-furnished,2,762,2,6,0,3,6,1,6206500
Camp,plot,rent,unfurnished,0,4097,1,10,9,0,1,0,148900
Pimple Saudagar,apartment,rent,unfurnished,2,924,2,26,0,0,8,0,23800
Kharadi,studio,sale,unfurnished,1,730,1,6,3,0,6,1,6412100
Hinjewadi,commercial,rent,unfurnished,0,5529,1,30,1,0,1,1,328300
Wakad,house,rent,unfurnished,2,714,2,29,3,4,10,1,22300
Kothrud,villa,sale,semi-furnished,3,3268,3,15,7,8,10,1,41611700
Kalyani Nagar,apartment,sale,fully-furnished,3,1114,3,0,8,6,13,0,20334500
Baner,house,rent,semi-furnished,2,1077,2,10,4,4,7,1,63000
Pimple Saudagar,apartment,sale,fully-furnished,3,1323,3,9,0,11,14,0,11864300
Magarpatta,apartment,rent,unfurnished,2,1158,2,12,4,8,8,0,43800
Undri,apartment,rent,semi-furnished,1,698,1,19,5,0,6,0,8500
Kharadi,apartment,sale,unfurnished,3,969,3,19,4,9,10,1,7714900
Pimple Saudagar,house,sale,unfurnished,2,1097,2,4,4,5,14,0,6708700
Kondhwa,commercial,rent,unfurnished,0,4850,1,8,7,0,1,0,382900
Wakad,plot,sale,fully-furnished,0,1576,1,4,3,0,1,1,10136300
Aundh,apartment,rent,fully-furnished,3,1486,3,28,4,0,16,1,119600
Hadapsar,apartment,rent,fully-furnished,3,1376,3,30,2,3,8,0,52400
Boat Club Road,commercial,sale,semi-furnished,0,2136,1,27,8,0,1,0,38076100
Hadapsar,apartment,rent,unfurnished,3,1452,3,25,5,1,7,0,56800
Pimple Saudagar,studio,sale,semi-furnished,1,510,1,23,0,7,10,0,2771100
Kothrud,villa,sale,unfurnished,3,2857,3,8,4,7,13,1,25912300
Shivajinagar,commercial,sale,semi-furnished,0,1013,1,26,9,0,1,1,13140500
Kothrud,commercial,sale,fully-furnished,0,4466,1,31,2,0,1,1,19424500
Wakad,house,rent,semi-furnished,2,1352,2,13,3,13,16,1,57900
Hinjewadi,studio,sale,semi-furnished,1,794,1,20,0,9,12,1,4752200
Kalyani Nagar,commercial,sale,unfurnished,0,2211,1,1,6,0,1,0,43536000
Koregaon Park,studio,sale,fully-furnished,1,587,1,7,8,4,9,0,11491400
Hadapsar,plot,rent,semi-furnished,0,4433,1,30,8,0,1,0,105600
Pimple Saudagar,villa,rent,unfurnished,4,3913,4,3,0,2,3,0,554900
Kharadi,apartment,sale,fully-furnished,3,1389,3,19,5,14,17,1,12659400
Balewadi,apartment,sale,unfurnished,2,1185,2,20,4,2,8,0,7910400
Kothrud,apartment,sale,fully-furnished,3,1453,3,12,6,3,4,1,20517200
Koregaon Park,studio,rent,semi-furnished,1,321,1,9,4,1,5,0,30500
Koregaon Park,apartment,sale,semi-furnished,4,1404,4,28,5,0,2,0,18279800
Wagholi,studio,rent,semi-furnished,1,492,1,15,2,0,10,0,8500
Kalyani Nagar,apartment,rent,semi-furnished,1,401,1,25,7,3,6,0,37400
Hinjewadi,house,sale,semi-furnished,3,1156,3,8,5,2,2,1,12038100
Koregaon Park,studio,sale,fully-furnished,1,471,1,27,2,4,10,0,6385400
Chinchwad,apartment,rent,fully-furnished,1,860,1,19,2,14,21,0,20300
Chinchwad,apartment,rent,semi-furnished,3,1509,3,5,4,0,2,0,53100
Hinjewadi,villa,rent,unfurnished,3,2270,3,7,2,0,8,1,431100
Wakad,apartment,rent,semi-furnished,3,1512,3,0,4,0,2,1,104900
Aundh,house,rent,fully-furnished,3,1112,3,1,1,0,2,1,82000
Pimpri,commercial,sale,fully-furnished,0,3040,1,29,3,0,1,0,12467500
Koregaon Park,apartment,rent,unfurnished,2,696,2,30,10,2,6,0,61200
Bavdhan,commercial,rent,fully-furnished,0,3565,1,4,2,0,1,0,501800
Wakad,apartment,sale,fully-furnished,1,415,1,13,1,6,9,1,3145600
Kharadi,villa,sale,unfurnished,2,3028,2,6,5,2,9,1,41296300
Wakad,apartment,sale,semi-furnished,2,1027,2,25,2,7,17,1,6839900
Undri,apartment,sale,semi-furnished,3,1292,3,6,0,6,13,0,8458600
Hinjewadi,house,sale,fully-furnished,1,849,1,3,0,0,6,1,7583300
Kharadi,apartment,rent,semi-furnished,3,1342,3,26,5,1,16,1,71900
Shivajinagar,commercial,rent,fully-furnished,0,2568,1,28,6,0,1,1,540300
Kharadi,apartment,sale,fully-furnished,5,1965,5,31,2,1,4,1,15495800
Chinchwad,villa,sale,unfurnished,2,2878,2,0,0,8,18,0,22054400
Baner,apartment,sale,semi-furnished,1,495,1,16,3,6,10,1,3578800
Undri,plot,rent,unfurnished,0,1494,1,15,2,0,1,0,32600
Aundh,apartment,sale,fully-furnished,2,1299,2,11,7,1,5,1,15010500
Baner,apartment,rent,unfurnished,4,1751,4,12,4,8,11,1,132600
Viman Nagar,plot,sale,unfurnished,0,3498,1,6,9,0,1,1,40056200
Pimpri,apartment,sale,unfurnished,1,838,1,12,3,6,7,0,3317800
Wakad,apartment,sale,unfurnished,4,1474,4,2,6,3,7,1,17799300
Wanowrie,house,rent,unfurnished,2,964,2,28,1,2,2,0,28900
Baner,apartment,sale,semi-furnished,2,1064,2,14,7,1,6,1,10332700
Koregaon Park,studio,sale,fully-furnished,1,489,1,13,6,8,8,0,8525200
Kharadi,apartment,rent,fully-furnished,3,1025,3,30,4,0,2,1,68200
Aundh,apartment,rent,fully-furnished,1,741,1,9,6,2,8,1,34200
Pashan,apartment,sale,semi-furnished,2,1178,2,0,5,0,4,0,10063100
Hinjewadi,house,rent,semi-furnished,4,1629,4,21,1,5,6,1,114900
Kothrud,apartment,sale,fully-furnished,2,1107,2,26,5,1,2,1,9124200
Hadapsar,apartment,sale,semi-furnished,2,1069,2,1,0,6,11,0,7246900
Wakad,commercial,sale,fully-furnished,0,347,1,3,3,0,1,1,4868800
Kalyani Nagar,commercial,sale,semi-furnished,0,5903,1,12,3,0,1,0,48438700
Kharadi,apartment,rent,fully-furnished,3,1370,3,28,4,2,2,1,86000
Pisoli,apartment,rent,fully-furnished,2,1297,2,29,0,7,10,0,33700
Aundh,apartment,rent,fully-furnished,1,747,1,2,0,4,5,1,14800
Viman Nagar,house,rent,unfurnished,1,619,1,28,8,10,12,1,41200
Wakad,house,sale,semi-furnished,1,794,1,6,6,2,15,1,6623100
Chinchwad,plot,sale,unfurnished,0,690,1,24,2,0,1,0,2362200
Baner,apartment,sale,fully-furnished,3,1409,3,18,0,2,5,1,12461300
Wakad,villa,rent,semi-furnished,2,2371,2,26,4,1,7,1,238000
Koregaon Park,house,sale,unfurnished,1,758,1,8,5,2,6,0,8573100
Pimple Saudagar,studio,sale,fully-furnished,1,535,1,8,3,5,18,0,4711600
Hinjewadi,apartment,sale,unfurnished,2,1105,2,26,3,0,6,1,5763600
Kothrud,apartment,sale,unfurnished,2,923,2,17,6,2,8,1,7676500
Aundh,commercial,rent,semi-furnished,0,4146,1,1,2,0,1,1,477600
Kondhwa,commercial,rent,semi-furnished,0,4900,1,31,6,0,1,0,309500
Kalyani Nagar,villa,sale,semi-furnished,1,2839,1,1,9,10,12,0,40363100
Baner,apartment,sale,unfurnished,2,909,2,20,5,2,2,1,6792400
Koregaon Park,villa,sale,fully-furnished,2,1483,2,5,9,1,11,0,28401800
Wagholi,apartment,sale,semi-furnished,3,1049,3,21,3,4,7,0,4987100
Kalyani Nagar,apartment,rent,fully-furnished,3,1475,3,31,7,10,12,0,144000
Hinjewadi,apartment,sale,fully-furnished,4,1833,4,23,0,1,17,1,15138600
Pimple Saudagar,studio,rent,semi-furnished,1,420,1,1,0,12,12,0,17600
Hinjewadi,house,sale,semi-furnished,3,1521,3,9,4,7,7,1,12270600
Magarpatta,apartment,sale,semi-furnished,2,1123,2,22,3,0,2,0,6378700
Shivajinagar,studio,sale,fully-furnished,1,362,1,20,5,9,9,1,3066900
Hinjewadi,commercial,rent,semi-furnished,0,2682,1,16,2,0,1,1,199400
Kothrud,apartment,rent,fully-furnished,1,649,1,1,5,0,2,1,18400
Pimple Saudagar,apartment,sale,unfurnished,2,821,2,13,2,1,5,0,5204100
Wagholi,plot,rent,unfurnished,0,3956,1,9,1,0,1,0,70600
Baner,apartment,sale,semi-furnished,3,1420,3,19,2,2,6,1,10171900
Balewadi,studio,sale,unfurnished,1,636,1,16,4,10,10,0,5426400
Aundh,apartment,sale,fully-furnished,4,1680,4,28,6,1,5,1,16526400
Viman Nagar,apartment,sale,fully-furnished,2,1236,2,7,7,3,11,1,16903200
Hadapsar,apartment,sale,semi-furnished,4,1549,4,30,2,11,11,0,8852100
Viman Nagar,studio,sale,unfurnished,1,667,1,26,9,2,2,1,5732600
Balewadi,apartment,sale,unfurnished,1,577,1,11,3,16,16,0,4214400
Baner,house,sale,fully-furnished,2,1131,2,16,5,5,9,1,11350100
Wakad,apartment,rent,fully-furnished,2,1224,2,9,6,0,6,1,52500
Koregaon Park,house,sale,semi-furnished,2,1115,2,27,6,1,2,0,9649800
Wakad,apartment,sale,semi-furnished,2,959,2,11,2,3,3,1,7908900
Camp,apartment,sale,unfurnished,3,1337,3,10,5,4,8,0,13577300
Balewadi,apartment,sale,unfurnished,2,1228,2,22,7,0,13,0,8810200
Baner,studio,rent,semi-furnished,1,430,1,3,5,16,17,1,16200
Baner,apartment,rent,semi-furnished,3,1391,3,2,5,1,7,1,95300
Wagholi,apartment,sale,semi-furnished,4,1545,4,13,0,2,2,0,9738100
Pashan,house,rent,fully-furnished,4,1384,4,4,3,9,18,0,117400
Koregaon Park,apartment,rent,semi-furnished,2,917,2,29,9,20,20,0,72400
Boat Club Road,villa,sale,fully-furnished,1,3118,1,9,7,1,5,0,60133200
Undri,apartment,rent,fully-furnished,2,880,2,15,1,4,10,0,27800
Baner,apartment,sale,semi-furnished,2,1021,2,12,3,2,5,1,8247200
Hadapsar,apartment,sale,fully-furnished,4,1328,4,4,5,1,14,0,11743300
Baner,studio,rent,unfurnished,1,540,1,3,6,2,4,1,24100
Hadapsar,studio,rent,fully-furnished,1,625,1,7,2,0,9,0,20100
Wanowrie,house,sale,semi-furnished,2,845,2,11,2,15,23,0,6350100
Aundh,villa,rent,fully-furnished,1,3099,1,18,4,4,9,1,363100
Viman Nagar,apartment,sale,fully-furnished,5,1962,5,26,9,1,2,1,28356200
Wakad,studio,sale,unfurnished,1,545,1,26,2,8,13,1,2592600
Hinjewadi,apartment,rent,fully-furnished,5,1851,5,9,0,3,13,1,197000
Magarpatta,commercial,sale,semi-furnished,0,779,1,31,5,0,1,0,6387100
Baner,apartment,rent,fully-furnished,2,1123,2,31,5,8,9,1,40900
Magarpatta,house,sale,semi-furnished,2,1243,2,9,7,1,10,0,10219300
Chinchwad,apartment,rent,fully-furnished,4,1451,4,18,2,0,8,0,82500
Koregaon Park,studio,sale,unfurnished,1,456,1,11,10,5,9,0,5773900
Baner,commercial,rent,unfurnished,0,3593,1,27,1,0,1,1,336700
Undri,house,sale,fully-furnished,1,799,1,13,3,6,10,0,3544400
Wakad,house,sale,semi-furnished,2,1560,2,31,7,9,13,1,11294200
Kothrud,studio,sale,semi-furnished,1,466,1,1,2,12,16,1,4917300
Kalyani Nagar,commercial,sale,semi-furnished,0,3627,1,15,8,0,1,0,67696500
Baner,apartment,sale,fully-furnished,2,780,2,6,5,1,2,1,8914100
Hadapsar,apartment,rent,fully-furnished,2,1021,2,5,3,2,14,0,20400
Hinjewadi,apartment,rent,fully-furnished,4,1579,4,15,0,7,11,1,117800
Magarpatta,villa,sale,unfurnished,3,3852,3,31,2,3,4,0,22704000
Chinchwad,house,rent,unfurnished,2,916,2,16,5,4,20,0,27100
Kothrud,apartment,sale,semi-furnished,3,1594,3,19,5,11,16,1,15007500
Aundh,apartment,sale,unfurnished,3,973,3,16,5,3,3,1,8099700
Hinjewadi,commercial,sale,semi-furnished,0,4195,1,31,2,0,1,1,34563200
Wakad,apartment,sale,semi-furnished,2,1180,2,6,5,6,10,1,9454900
Shivajinagar,studio,sale,unfurnished,1,601,1,2,3,1,5,1,6724300
Kalyani Nagar,apartment,sale,unfurnished,5,1535,5,5,3,7,7,0,24431000
Kharadi,house,sale,semi-furnished,2,1015,2,19,4,1,2,1,7342000
Viman Nagar,plot,sale,unfurnished,0,1482,1,4,3,0,1,1,8508600
Wagholi,house,sale,fully-furnished,1,680,1,16,3,3,3,0,3612700
Pimpri,apartment,rent,semi-furnished,4,1549,4,20,4,5,22,0,83600
Hinjewadi,apartment,rent,semi-furnished,1,919,1,10,5,0,6,1,26700
Magarpatta,apartment,rent,fully-furnished,3,1263,3,2,2,3,12,0,79700
Wagholi,house,rent,unfurnished,2,901,2,14,0,0,12,0,18800
Undri,plot,sale,fully-furnished,0,2451,1,24,2,0,1,0,9993700
Wakad,apartment,sale,unfurnished,3,1481,3,1,6,8,10,1,16163400
Undri,house,sale,semi-furnished,2,916,2,6,1,5,10,0,4917000
Kalyani Nagar,apartment,sale,semi-furnished,2,874,2,1,3,0,9,0,9570200
Baner,studio,sale,fully-furnished,1,467,1,1,4,2,8,1,5908000
Magarpatta,apartment,rent,semi-furnished,2,968,2,16,4,1,2,0,40500
Hinjewadi,apartment,sale,semi-furnished,2,1049,2,11,0,10,10,1,7342400
Kalyani Nagar,commercial,rent,unfurnished,0,2528,1,5,7,0,1,0,444900
Kondhwa,house,rent,semi-furnished,1,964,1,4,1,11,13,0,15400
Shivajinagar,commercial,sale,unfurnished,0,5777,1,10,4,0,1,1,52374900
Shivajinagar,house,rent,unfurnished,2,1082,2,26,8,2,5,1,53400
Hinjewadi,house,sale,fully-furnished,2,755,2,19,4,2,12,1,6655500
Shivajinagar,commercial,rent,fully-furnished,0,427,1,1,4,0,1,1,104500
Aundh,apartment,sale,unfurnished,2,1104,2,16,5,8,8,1,10230600
Kharadi,plot,rent,unfurnished,0,3330,1,26,6,0,1,1,104800
Baner,apartment,rent,unfurnished,2,1010,2,20,6,0,2,1,40800
Kothrud,studio,sale,semi-furnished,1,681,1,20,4,3,8,1,4902100
Chinchwad,apartment,rent,unfurnished,4,1434,4,4,3,4,10,0,70800
Hinjewadi,apartment,sale,semi-furnished,3,787,3,18,7,5,19,1,5608600
Hinjewadi,apartment,sale,unfurnished,2,1084,2,12,7,1,2,1,9565400
Koregaon Park,apartment,sale,fully-furnished,1,465,1,15,3,7,10,0,5841300
Chinchwad,apartment,rent,semi-furnished,2,1106,2,25,3,4,7,0,24700
Kharadi,apartment,rent,semi-furnished,4,1643,4,13,3,9,21,1,108700
Pimple Saudagar,apartment,sale,semi-furnished,3,1254,3,26,1,0,10,0,7622000
Shivajinagar,commercial,rent,unfurnished,0,2086,1,31,7,0,1,1,173700
Viman Nagar,apartment,sale,unfurnished,4,1514,4,7,9,1,5,1,18806100
Kalyani Nagar,apartment,rent,semi-furnished,3,1173,3,19,5,3,14,0,97200
Baner,apartment,sale,fully-furnished,2,781,2,15,7,5,6,1,10157600
Aundh,studio,rent,fully-furnished,1,428,1,31,2,4,11,1,25700
Baner,villa,sale,unfurnished,2,1812,2,23,5,10,12,1,13430200
Kothrud,studio,rent,unfurnished,1,520,1,9,5,4,11,1,23700
Kothrud,plot,sale,fully-furnished,0,4421,1,4,3,0,1,1,32037300
Wagholi,apartment,rent,unfurnished,2,891,2,30,0,6,7,0,16600
Kalyani Nagar,studio,sale,unfurnished,1,417,1,27,9,1,4,0,3309300
Baner,plot,sale,semi-furnished,0,3915,1,26,5,0,1,1,22064600
Koregaon Park,apartment,sale,unfurnished,3,1525,3,15,10,2,4,0,21665600
Kondhwa,apartment,rent,unfurnished,1,280,1,19,3,7,18,0,6400
Bavdhan,house,sale,unfurnished,2,1074,2,13,2,3,10,0,7054300
Kalyani Nagar,apartment,sale,fully-furnished,4,1541,4,26,7,1,3,0,21348300
Bavdhan,apartment,rent,fully-furnished,3,1137,3,0,4,2,11,0,75600
Viman Nagar,studio,rent,fully-furnished,1,576,1,1,10,2,5,1,32900
Viman Nagar,commercial,sale,fully-furnished,0,1099,1,3,7,0,1,1,17887800
Hadapsar,apartment,rent,fully-furnished,3,1524,3,3,3,11,11,0,79400
Koregaon Park,studio,sale,fully-furnished,1,651,1,15,5,4,14,0,9599900
Baner,apartment,rent,fully-furnished,2,1100,2,16,4,8,10,1,54800
Balewadi,villa,sale,semi-furnished,1,3859,1,30,2,1,5,0,39658700
Pashan,commercial,rent,semi-furnished,0,924,1,8,6,0,1,0,100500
Wagholi,apartment,sale,semi-furnished,1,830,1,17,0,8,11,0,3649000
Boat Club Road,apartment,sale,fully-furnished,3,1308,3,13,6,18,25,0,21100300
Bavdhan,studio,rent,fully-furnished,1,678,1,9,3,5,14,0,26500
Kharadi,apartment,sale,semi-furnished,2,1028,2,19,3,7,10,1,7354000
Kondhwa,apartment,sale,unfurnished,2,1048,2,7,2,3,10,0,5462500
Chinchwad,apartment,sale,unfurnished,1,899,1,23,4,2,12,0,3182800
Shivajinagar,apartment,rent,semi-furnished,2,1004,2,9,7,13,16,1,63900
Kharadi,house,sale,unfurnished,2,818,2,4,7,10,10,1,8132100
Viman Nagar,house,rent,unfurnished,3,1035,3,21,3,4,6,1,75600
Magarpatta,studio,sale,semi-furnished,1,453,1,26,3,12,12,0,3212100
Hinjewadi,apartment,sale,unfurnished,3,1258,3,25,3,2,5,1,9805700
Wakad,apartment,rent,semi-furnished,2,717,2,7,7,0,2,1,37900
Pimple Saudagar,apartment,sale,fully-furnished,3,1196,3,15,4,0,4,0,9805800
Undri,apartment,rent,semi-furnished,3,1224,3,8,3,4,8,0,53500
Hinjewadi,villa,sale,semi-furnished,3,3273,3,2,5,0,3,1,36727700
Pimple Saudagar,commercial,sale,semi-furnished,0,5401,1,13,3,0,1,0,48555100
Pimple Saudagar,studio,sale,unfurnished,1,587,1,24,2,2,14,0,3009200
Pimple Saudagar,commercial,rent,semi-furnished,0,5842,1,17,3,0,1,0,134500
Pimpri,apartment,rent,semi-furnished,2,885,2,18,6,0,2,0,31200
Pimple Saudagar,apartment,rent,unfurnished,2,1298,2,23,0,2,11,0,36500
Viman Nagar,apartment,rent,unfurnished,3,1145,3,30,2,1,15,1,73200
Wakad,house,rent,semi-furnished,2,1275,2,21,4,10,14,1,40900
Pisoli,apartment,rent,fully-furnished,2,998,2,13,3,1,5,0,28300
Shivajinagar,villa,rent,unfurnished,4,3250,4,10,3,2,2,1,1095900
Pashan,studio,rent,unfurnished,1,539,1,7,5,4,6,0,22300
Pisoli,house,rent,fully-furnished,2,1003,2,25,4,0,17,0,37400
Hinjewadi,house,sale,semi-furnished,2,1002,2,2,3,1,2,1,11130900
Viman Nagar,house,sale,unfurnished,5,1848,5,0,4,1,8,1,24830100
Magarpatta,apartment,rent,semi-furnished,1,504,1,16,1,4,8,0,18600
Aundh,apartment,rent,semi-furnished,3,1254,3,1,5,1,5,1,89500
Pashan,villa,rent,semi-furnished,3,3255,3,27,6,9,9,0,526900
Kothrud,apartment,sale,unfurnished,2,1117,2,8,6,1,5,1,8659900
Wakad,apartment,sale,semi-furnished,2,885,2,1,5,2,3,1,8059000
Wakad,studio,rent,semi-furnished,1,583,1,13,4,3,22,1,26300
Shivajinagar,studio,sale,semi-furnished,1,506,1,29,6,2,5,1,4139500
Magarpatta,apartment,sale,unfurnished,3,1255,3,7,8,7,14,0,11117400
Aundh,commercial,sale,semi-furnished,0,5869,1,14,3,0,1,1,49008000
Undri,plot,sale,semi-furnished,0,893,1,12,4,0,1,0,3984700
Kharadi,apartment,sale,unfurnished,4,1520,4,8,1,2,2,1,14540800
Balewadi,apartment,rent,unfurnished,4,1521,4,5,3,8,12,0,102000
Boat Club Road,apartment,rent,unfurnished,3,1226,3,27,5,6,10,0,89100
Hinjewadi,apartment,sale,semi-furnished,3,1487,3,12,0,9,12,1,13229700
Kondhwa,apartment,sale,fully-furnished,3,1528,3,26,1,3,9,0,9188600
Undri,apartment,rent,semi-furnished,3,1291,3,16,5,13,13,0,51200
Viman Nagar,studio,sale,semi-furnished,1,538,1,7,5,10,10,1,6369200
Kharadi,studio,sale,unfurnished,1,527,1,31,1,5,11,1,3407400
Hadapsar,apartment,sale,semi-furnished,4,1557,4,15,0,3,5,0,8906100
Magarpatta,studio,sale,fully-furnished,1,571,1,27,1,11,12,0,3899200
Viman Nagar,apartment,rent,fully-furnished,3,1265,3,31,7,0,9,1,104700
Wagholi,apartment,rent,semi-furnished,3,1378,3,3,4,8,10,0,42400
Viman Nagar,villa,rent,semi-furnished,1,1492,1,24,6,1,2,1,471700
Viman Nagar,house,sale,unfurnished,2,1088,2,27,7,1,20,1,8632200
Kondhwa,apartment,rent,unfurnished,3,1436,3,16,0,5,5,0,41400
Wakad,apartment,sale,fully-furnished,2,1317,2,25,3,14,25,1,9206700
Hinjewadi,apartment,sale,semi-furnished,2,1011,2,8,3,1,14,1,7771200
Magarpatta,studio,rent,fully-furnished,1,687,1,1,5,2,7,0,26300
Bavdhan,apartment,rent,unfurnished,3,1415,3,26,4,9,11,0,64500
Koregaon Park,apartment,rent,fully-furnished,1,725,1,2,6,2,14,0,56900
Aundh,apartment,rent,unfurnished,1,567,1,4,8,13,21,1,17900
Hinjewadi,plot,rent,unfurnished,0,2144,1,30,4,0,1,1,65800
Hinjewadi,commercial,sale,semi-furnished,0,1383,1,24,1,0,1,1,9268500
Kothrud,villa,rent,semi-furnished,3,2777,3,8,6,2,10,1,557000
Kharadi,plot,sale,semi-furnished,0,3107,1,7,3,0,1,1,14681700
Baner,villa,sale,fully-furnished,4,4681,4,0,2,3,6,1,58904800
Wagholi,apartment,sale,semi-furnished,3,1338,3,3,5,8,15,0,10952300
Baner,house,sale,semi-furnished,3,1251,3,13,6,2,5,1,12085700
Wakad,apartment,rent,unfurnished,3,1395,3,23,5,2,3,1,70800
Pimple Saudagar,apartment,rent,fully-furnished,5,1892,5,17,2,6,12,0,201500
Hadapsar,apartment,rent,fully-furnished,3,1320,3,27,4,13,15,0,55300
Balewadi,studio,sale,semi-furnished,1,479,1,13,6,0,2,0,3834900
Kalyani Nagar,apartment,sale,semi-furnished,3,1072,3,24,7,18,19,0,13735400
Baner,studio,sale,semi-furnished,1,604,1,0,7,9,13,1,6702500
Balewadi,commercial,sale,fully-furnished,0,3943,1,19,9,0,1,0,62334500
Pimpri,apartment,rent,fully-furnished,3,1064,3,17,1,1,5,0,53800
Hadapsar,studio,sale,unfurnished,1,300,1,1,2,2,7,0,1799900
Shivajinagar,apartment,sale,unfurnished,5,2020,5,31,6,5,10,1,21416900
Kothrud,house,sale,semi-furnished,2,834,2,18,5,6,10,1,8070900
Baner,studio,rent,unfurnished,1,800,1,26,5,5,8,1,35200
Pimple Saudagar,plot,rent,unfurnished,0,879,1,4,5,0,1,0,35100
Aundh,villa,sale,unfurnished,3,3223,3,4,7,0,2,1,40540900
Kothrud,house,sale,unfurnished,2,910,2,31,5,5,10,1,5801300
Shivajinagar,apartment,sale,fully-furnished,2,975,2,6,6,12,16,1,14764200
Hinjewadi,house,sale,fully-furnished,1,703,1,6,2,1,12,1,5142100
Wanowrie,plot,rent,semi-furnished,0,799,1,24,8,0,1,0,34900
Boat Club Road,plot,sale,fully-furnished,0,3520,1,17,5,0,1,0,37416000
Chinchwad,studio,sale,semi-furnished,1,529,1,5,2,7,22,0,2863100
Hinjewadi,plot,sale,fully-furnished,0,1809,1,20,0,0,1,1,9819800
Kharadi,apartment,rent,semi-furnished,2,1395,2,7,6,2,2,1,45000
Koregaon Park,plot,sale,semi-furnished,0,3361,1,25,5,0,1,0,29809100
Kothrud,commercial,sale,fully-furnished,0,1263,1,16,5,0,1,1,20528400
Kalyani Nagar,apartment,sale,semi-furnished,5,1956,5,9,8,12,12,0,38274000
Kothrud,apartment,sale,fully-furnished,2,784,2,4,4,5,6,1,9471000
Koregaon Park,villa,sale,semi-furnished,2,3029,2,22,8,3,10,0,37245000
Hinjewadi,apartment,rent,unfurnished,3,1141,3,6,0,3,3,1,49600
Undri,apartment,sale,semi-furnished,3,1181,3,2,2,5,7,0,9042600
Pisoli,plot,sale,unfurnished,0,2638,1,20,2,0,1,0,5052300
Hinjewadi,house,sale,fully-furnished,2,1112,2,8,2,3,10,1,10181900
Aundh,apartment,sale,fully-furnished,3,1483,3,4,4,8,10,1,22395100
Magarpatta,studio,sale,unfurnished,1,457,1,13,1,1,12,0,2950800
Wakad,apartment,sale,unfurnished,1,576,1,21,3,9,10,1,2525900
Pimpri,apartment,sale,fully-furnished,3,1237,3,14,0,2,11,0,7543800
Wanowrie,plot,rent,semi-furnished,0,1800,1,23,6,0,1,0,59800
Pimple Saudagar,apartment,rent,semi-furnished,1,348,1,3,1,8,8,0,9800
Balewadi,apartment,rent,unfurnished,3,953,3,13,4,0,3,0,49300
Baner,apartment,sale,unfurnished,5,1733,5,16,6,3,6,1,20881100
Bavdhan,commercial,sale,unfurnished,0,2409,1,26,6,0,1,0,12051400
Wanowrie,apartment,sale,fully-furnished,4,1530,4,22,6,3,13,0,13192500
Kondhwa,studio,rent,semi-furnished,1,484,1,19,2,2,9,0,11700
Wagholi,apartment,rent,fully-furnished,3,1329,3,1,4,14,14,0,65100
Pimpri,apartment,rent,semi-furnished,3,1294,3,30,2,4,7,0,50300
Kalyani Nagar,apartment,rent,fully-furnished,2,1202,2,5,8,2,2,0,60900
Pimple Saudagar,apartment,rent,fully-furnished,4,1551,4,30,4,5,8,0,109400
Hinjewadi,commercial,sale,semi-furnished,0,4932,1,19,1,0,1,1,44375800
Magarpatta,apartment,sale,semi-furnished,3,1438,3,16,4,13,13,0,14153300
Kothrud,apartment,sale,semi-furnished,4,1479,4,27,1,5,5,1,12595100
Kothrud,apartment,rent,unfurnished,3,1086,3,5,4,3,7,1,73500
Magarpatta,studio,rent,unfurnished,1,452,1,12,9,2,11,0,21600
Hinjewadi,apartment,sale,semi-furnished,1,794,1,7,2,9,9,1,6274700
Kothrud,plot,sale,fully-furnished,0,2331,1,14,6,0,1,1,21968200
Undri,villa,rent,semi-furnished,2,2071,2,4,2,5,8,0,201900
Wagholi,apartment,rent,fully-furnished,2,971,2,8,1,4,9,0,35800
Balewadi,house,sale,fully-furnished,3,1170,3,2,5,0,4,0,13994000
Undri,plot,rent,fully-furnished,0,4426,1,23,0,0,1,0,90500
Kondhwa,apartment,sale,unfurnished,2,1069,2,26,0,2,14,0,4279400
Pimple Saudagar,apartment,sale,unfurnished,2,658,2,27,4,1,16,0,3324400
Kothrud,studio,sale,semi-furnished,1,479,1,21,7,5,7,1,4281700
Kalyani Nagar,villa,rent,semi-furnished,3,2458,3,30,6,1,6,0,830800
Pimple Saudagar,apartment,rent,semi-furnished,4,1686,4,7,2,4,19,0,93200
Chinchwad,apartment,sale,semi-furnished,3,1579,3,27,1,0,2,0,7853600
Bavdhan,house,sale,semi-furnished,3,1474,3,4,0,0,6,0,11152900
Balewadi,apartment,sale,fully-furnished,1,883,1,14,5,6,10,0,7965900
Baner,apartment,rent,fully-furnished,5,1888,5,16,3,4,12,1,274200
Hadapsar,house,rent,unfurnished,2,1043,2,6,4,12,14,0,22200
Bavdhan,apartment,rent,semi-furnished,2,999,2,25,2,1,9,0,31400
Baner,apartment,sale,semi-furnished,3,1401,3,10,4,4,8,1,15913400
Hinjewadi,studio,rent,semi-furnished,1,471,1,30,2,8,9,1,18000
Hadapsar,commercial,sale,fully-furnished,0,879,1,15,4,0,1,0,9555300
Undri,commercial,sale,semi-furnished,0,5254,1,26,6,0,1,0,17939200
Baner,villa,rent,unfurnished,3,2766,3,10,6,5,10,1,439000
Pimple Saudagar,studio,sale,semi-furnished,1,514,1,23,3,9,15,0,2767500
Undri,apartment,sale,unfurnished,3,1409,3,8,6,0,6,0,8334700
Wakad,commercial,rent,semi-furnished,0,5749,1,17,4,0,1,1,141100
Kalyani Nagar,house,sale,semi-furnished,2,1061,2,29,2,11,12,0,10468500
Magarpatta,apartment,sale,unfurnished,1,461,1,9,4,2,2,0,3953600
Balewadi,house,sale,unfurnished,2,982,2,26,2,0,3,0,4946900
Chinchwad,house,rent,unfurnished,5,1877,5,23,6,11,12,0,124500
Aundh,commercial,rent,unfurnished,0,3941,1,5,10,0,1,1,227900
Chinchwad,villa,sale,fully-furnished,2,2751,2,6,3,6,9,0,26900800
Kothrud,apartment,sale,fully-furnished,3,1309,3,2,4,5,8,1,20033200
Kharadi,house,rent,unfurnished,4,1545,4,7,5,1,7,1,102300
Chinchwad,villa,rent,semi-furnished,4,2838,4,2,3,3,8,0,353500
Viman Nagar,house,rent,semi-furnished,1,410,1,21,10,1,12,1,14300
Baner,studio,sale,fully-furnished,1,501,1,26,6,2,14,1,4478200
Hadapsar,apartment,sale,unfurnished,3,1549,3,7,2,1,2,0,9845600
Baner,apartment,sale,semi-furnished,3,1316,3,27,5,3,6,1,9474400
Wagholi,commercial,rent,semi-furnished,0,5020,1,12,4,0,1,0,45600
Undri,studio,rent,fully-furnished,1,443,1,16,4,0,11,0,9600
Balewadi,studio,sale,semi-furnished,1,339,1,7,6,0,7,0,3223900
Undri,apartment,sale,unfurnished,5,2062,5,19,4,6,16,0,13307000
Hadapsar,plot,rent,semi-furnished,0,2581,1,18,0,0,1,0,66000
Magarpatta,apartment,rent,semi-furnished,2,1069,2,22,2,8,13,0,41300
Wakad,studio,sale,fully-furnished,1,498,1,7,6,4,6,1,3738100
Kharadi,apartment,sale,unfurnished,4,1584,4,14,5,2,3,1,14047000
Wakad,villa,rent,fully-furnished,2,2001,2,0,2,3,5,1,395100
Kondhwa,studio,rent,unfurnished,1,300,1,0,1,10,12,0,8500
Balewadi,apartment,rent,unfurnished,3,1171,3,16,6,0,2,0,64800
Kharadi,apartment,sale,semi-furnished,3,1245,3,15,6,5,7,1,14598800
Viman Nagar,apartment,rent,fully-furnished,4,1708,4,25,5,0,3,1,200300
Baner,apartment,sale,unfurnished,3,1165,3,6,9,4,4,1,13842400
Hinjewadi,apartment,sale,semi-furnished,2,916,2,16,5,1,8,1,6391500
Hinjewadi,studio,rent,fully-furnished,1,353,1,26,4,3,5,1,23100
Wakad,apartment,rent,unfurnished,3,1377,3,31,4,0,11,1,67600
Hadapsar,apartment,rent,semi-furnished,4,1462,4,0,7,2,2,0,82000
Hinjewadi,apartment,sale,semi-furnished,4,1700,4,30,3,3,13,1,10060000
Hadapsar,house,rent,unfurnished,2,1067,2,25,8,0,9,0,36100
Kharadi,commercial,rent,semi-furnished,0,3304,1,11,6,0,1,1,147000
Hinjewadi,house,rent,semi-furnished,1,565,1,22,6,1,14,1,9700
Undri,apartment,rent,semi-furnished,2,1034,2,21,2,3,6,0,13900
Magarpatta,apartment,sale,unfurnished,2,828,2,0,4,3,16,0,7677800
Pimpri,apartment,sale,fully-furnished,1,776,1,19,2,3,12,0,4902500
Wakad,villa,rent,semi-furnished,2,3989,2,0,3,1,5,1,885200
Wakad,apartment,rent,unfurnished,2,855,2,23,5,5,17,1,29600
Koregaon Park,apartment,sale,fully-furnished,3,1377,3,2,5,9,13,0,24258600
Bavdhan,apartment,sale,unfurnished,2,959,2,20,2,0,13,0,4807100
Bavdhan,villa,rent,unfurnished,2,3236,2,31,2,6,11,0,304400
Boat Club Road,apartment,sale,semi-furnished,3,1391,3,4,7,1,7,0,21747300
Viman Nagar,apartment,sale,unfurnished,2,709,2,10,3,6,9,1,5196000
Aundh,apartment,sale,semi-furnished,3,1322,3,27,0,6,8,1,10552200
Kothrud,apartment,rent,unfurnished,3,1429,3,30,5,4,4,1,98800
Kharadi,apartment,rent,unfurnished,3,1227,3,27,2,2,8,1,52300
Viman Nagar,apartment,sale,unfurnished,4,1803,4,16,9,4,7,1,23199600
Baner,plot,sale,semi-furnished,0,731,1,7,8,0,1,1,4679500
Pimpri,apartment,sale,fully-furnished,2,925,2,27,3,12,13,0,4639900
Hadapsar,house,sale,unfurnished,1,626,1,14,3,7,12,0,3134600
Baner,house,sale,semi-furnished,2,1036,2,17,6,5,10,1,10057500
Wakad,apartment,rent,fully-furnished,2,1221,2,11,1,1,19,1,36800
Hinjewadi,apartment,rent,unfurnished,4,1411,4,23,1,7,9,1,91700
Wagholi,studio,sale,unfurnished,1,569,1,30,1,3,21,0,1889600
Pashan,apartment,rent,fully-furnished,5,1922,5,2,5,0,10,0,214000
Magarpatta,studio,sale,fully-furnished,1,578,1,31,4,4,13,0,5025800
Pimple Saudagar,plot,sale,unfurnished,0,3925,1,20,4,0,1,0,15324400
Kothrud,commercial,rent,semi-furnished,0,1809,1,23,7,0,1,1,329000
Koregaon Park,villa,sale,semi-furnished,2,2814,2,15,4,0,8,0,32252000
Hinjewadi,studio,sale,fully-furnished,1,352,1,25,5,10,13,1,2923300
Balewadi,apartment,rent,fully-furnished,2,1035,2,10,8,7,13,0,39600
Pisoli,apartment,sale,semi-furnished,3,1462,3,24,2,3,6,0,5961500
Kondhwa,apartment,sale,fully-furnished,3,1434,3,4,4,9,16,0,11059900
Hinjewadi,house,sale,semi-furnished,2,859,2,22,3,0,2,1,5764000
Pashan,apartment,sale,semi-furnished,4,1642,4,8,3,2,17,0,13506400
Kothrud,apartment,sale,semi-furnished,3,1297,3,25,7,7,12,1,10113200
Pisoli,house,sale,unfurnished,3,1274,3,19,2,0,2,0,4277700
Undri,commercial,sale,semi-furnished,0,2286,1,1,2,0,1,0,13500300
Kharadi,apartment,sale,semi-furnished,2,1389,2,31,7,8,18,1,7944700
Kalyani Nagar,apartment,rent,unfurnished,3,1341,3,30,6,11,11,0,84300
Kharadi,studio,rent,semi-furnished,1,506,1,7,5,4,10,1,19200
Wagholi,villa,sale,unfurnished,3,2025,3,6,4,3,4,0,14247400
Baner,apartment,sale,fully-furnished,2,1114,2,8,6,0,14,1,13340900
Viman Nagar,studio,sale,unfurnished,1,550,1,28,6,8,11,1,4542700
Undri,apartment,rent,fully-furnished,4,1531,4,16,3,9,11,0,84800
Hinjewadi,studio,sale,semi-furnished,1,397,1,14,2,9,21,1,3480700
Viman Nagar,apartment,rent,fully-furnished,2,1299,2,14,8,10,19,1,80100
Wagholi,villa,rent,unfurnished,2,2620,2,21,1,2,7,0,291500
Kothrud,villa,rent,semi-furnished,3,2092,3,2,4,6,7,1,394500
Wanowrie,house,sale,semi-furnished,2,922,2,1,2,7,12,0,6893300
Baner,studio,sale,fully-furnished,1,503,1,11,1,0,10,1,4471800
Magarpatta,apartment,rent,semi-furnished,3,1076,3,7,3,11,18,0,44800
Kalyani Nagar,apartment,sale,fully-furnished,2,1265,2,21,7,1,12,0,11872400
Koregaon Park,villa,rent,semi-furnished,2,3227,2,12,5,2,8,0,1049500
Pimple Saudagar,apartment,sale,unfurnished,4,1707,4,5,3,0,17,0,11703100
Magarpatta,plot,sale,semi-furnished,0,3567,1,24,5,0,1,0,18543800
Wakad,commercial,sale,semi-furnished,0,4622,1,19,3,0,1,1,46750100
Wakad,apartment,rent,semi-furnished,5,1821,5,13,3,5,16,1,215100
Baner,apartment,rent,semi-furnished,3,1501,3,4,3,12,12,1,95700
Shivajinagar,apartment,rent,semi-furnished,2,851,2,16,6,2,2,1,51100
Balewadi,commercial,rent,semi-furnished,0,3216,1,9,6,0,1,0,388700
Hinjewadi,apartment,sale,unfurnished,2,1074,2,7,2,4,6,1,8258200
Pimple Saudagar,plot,rent,semi-furnished,0,3573,1,17,4,0,1,0,77500
Kharadi,house,sale,unfurnished,2,842,2,18,5,10,10,1,6308900
Kharadi,apartment,rent,fully-furnished,3,1400,3,9,5,2,6,1,108400
Bavdhan,apartment,rent,fully-furnished,2,967,2,16,3,7,14,0,30500
Undri,apartment,rent,fully-furnished,1,570,1,23,2,8,10,0,8500
Undri,apartment,rent,unfurnished,3,1601,3,25,2,4,7,0,52100
Pimpri,apartment,sale,semi-furnished,2,1208,2,25,6,7,7,0,6749000
Koregaon Park,studio,rent,unfurnished,1,510,1,15,8,21,24,0,24800
Baner,apartment,rent,fully-furnished,3,1241,3,24,7,4,6,1,104000
Bavdhan,plot,sale,fully-furnished,0,3411,1,21,5,0,1,0,12162000
Wagholi,apartment,sale,fully-furnished,3,1286,3,24,4,21,21,0,8412200
Chinchwad,studio,rent,unfurnished,1,643,1,7,3,6,13,0,15600
Pashan,villa,rent,semi-furnished,3,2821,3,2,2,7,7,0,400700
Viman Nagar,plot,sale,fully-furnished,0,945,1,27,8,0,1,1,6146700
Kharadi,villa,rent,unfurnished,4,2185,4,29,4,1,5,1,277800
Viman Nagar,apartment,rent,semi-furnished,4,1544,4,28,3,2,10,1,137700
Viman Nagar,commercial,sale,unfurnished,0,4256,1,17,3,0,1,1,54022300
Aundh,studio,rent,fully-furnished,1,546,1,1,3,2,2,1,23700
Baner,apartment,rent,fully-furnished,2,830,2,22,10,0,2,1,55200
Chinchwad,plot,rent,semi-furnished,0,3900,1,10,3,0,1,0,89400
Hadapsar,commercial,rent,unfurnished,0,1822,1,22,0,0,1,0,81300
Koregaon Park,apartment,sale,unfurnished,4,1614,4,4,7,4,16,0,20315200
Kharadi,apartment,rent,semi-furnished,3,1314,3,13,3,2,8,1,71700
Hadapsar,apartment,rent,semi-furnished,3,1373,3,4,0,0,12,0,47800
Kharadi,house,sale,semi-furnished,3,1313,3,31,6,3,7,1,10461400
Hadapsar,studio,rent,fully-furnished,1,496,1,1,2,2,6,0,15400
Baner,studio,sale,fully-furnished,1,459,1,22,2,12,14,1,4700200
Shivajinagar,commercial,sale,unfurnished,0,5308,1,28,7,0,1,1,39872200
Wagholi,apartment,sale,fully-furnished,2,897,2,18,2,5,16,0,4224300
Shivajinagar,studio,rent,unfurnished,1,393,1,18,4,4,11,1,13600
Koregaon Park,apartment,rent,unfurnished,2,1357,2,19,10,0,5,0,53300
Kalyani Nagar,studio,rent,semi-furnished,1,357,1,3,4,10,11,0,21500
Wanowrie,apartment,rent,unfurnished,3,1360,3,27,3,7,14,0,64600
Pimpri,apartment,sale,semi-furnished,2,713,2,4,5,12,22,0,4417000
Baner,house,sale,semi-furnished,3,1192,3,0,0,3,8,1,11064100
Hadapsar,apartment,sale,fully-furnished,2,1006,2,29,2,10,15,0,5725000
Magarpatta,house,sale,fully-furnished,1,417,1,2,5,0,14,0,4726300
Pimpri,studio,rent,semi-furnished,1,528,1,16,1,3,3,0,12200
Wagholi,apartment,rent,fully-furnished,2,717,2,11,4,2,3,0,24000
Hinjewadi,apartment,rent,semi-furnished,2,828,2,24,1,10,12,1,29700
Pimpri,apartment,sale,semi-furnished,4,1655,4,16,0,0,8,0,9870100
Aundh,commercial,sale,unfurnished,0,4200,1,8,3,0,1,1,33999500
Camp,house,rent,semi-furnished,3,1156,3,9,6,2,8,0,69800
Undri,villa,sale,semi-furnished,3,3443,3,6,6,2,8,0,23947800
Wakad,apartment,rent,semi-furnished,4,1828,4,30,2,4,18,1,133000
Koregaon Park,plot,sale,unfurnished,0,4151,1,8,9,0,1,0,31417400
Koregaon Park,apartment,sale,semi-furnished,1,705,1,16,7,2,3,0,9178300
Koregaon Park,house,rent,semi-furnished,4,1631,4,15,5,11,16,0,180700
Pimpri,house,sale,fully-furnished,2,1125,2,18,2,4,8,0,7112000
Magarpatta,studio,sale,semi-furnished,1,593,1,18,8,0,7,0,4808100
Wakad,apartment,rent,semi-furnished,2,936,2,8,8,6,9,1,47900
Pimple Saudagar,studio,rent,semi-furnished,1,300,1,29,0,17,18,0,13200
Viman Nagar,apartment,rent,unfurnished,2,1137,2,2,8,6,13,1,59000
Pashan,house,sale,fully-furnished,1,655,1,26,5,6,14,0,5190100
Wakad,plot,rent,semi-furnished,0,2822,1,15,7,0,1,1,71700
Undri,villa,sale,unfurnished,1,2550,1,29,2,0,10,0,12942900
Kharadi,apartment,rent,semi-furnished,4,1399,4,16,2,3,13,1,95400
Kothrud,apartment,sale,semi-furnished,4,1490,4,4,7,3,8,1,19835400
Chinchwad,house,sale,semi-furnished,5,2005,5,25,0,3,7,0,11971800
Pashan,apartment,sale,unfurnished,2,824,2,15,2,0,9,0,5261300
Pisoli,studio,rent,fully-furnished,1,388,1,19,4,4,8,0,11100
Hadapsar,apartment,rent,unfurnished,1,771,1,7,5,3,9,0,11800
Camp,villa,rent,fully-furnished,3,3827,3,30,6,7,8,0,1216600
Viman Nagar,house,rent,fully-furnished,3,1436,3,21,6,4,10,1,121100
Kharadi,apartment,rent,fully-furnished,2,718,2,30,4,11,13,1,43500
Kothrud,apartment,sale,unfurnished,3,1408,3,10,7,4,9,1,14009600
Undri,house,sale,fully-furnished,3,1347,3,11,3,1,13,0,7457400
Wanowrie,apartment,rent,unfurnished,3,1276,3,15,0,4,6,0,44900
Baner,apartment,rent,unfurnished,2,1253,2,17,5,0,19,1,32100
Kalyani Nagar,apartment,sale,fully-furnished,1,570,1,13,7,0,14,0,6789200
Pimple Saudagar,apartment,rent,unfurnished,3,1473,3,14,2,2,2,0,54700
Koregaon Park,apartment,sale,unfurnished,1,373,1,15,7,0,7,0,3383100
Pimple Saudagar,villa,sale,semi-furnished,5,1713,5,25,5,0,9,0,12379100
Hadapsar,villa,rent,semi-furnished,2,2426,2,30,2,1,10,0,341900
Kothrud,studio,rent,fully-furnished,1,433,1,0,7,6,8,1,25800
Undri,apartment,sale,semi-furnished,1,688,1,12,3,1,9,0,3554300
Pimpri,house,sale,semi-furnished,2,1182,2,4,2,2,13,0,7378000
Koregaon Park,apartment,rent,semi-furnished,2,1160,2,3,6,4,4,0,71800
Pisoli,apartment,sale,fully-furnished,2,813,2,29,2,5,5,0,3878400
Undri,plot,sale,semi-furnished,0,3042,1,5,8,0,1,0,16985100
Hinjewadi,plot,rent,semi-furnished,0,3622,1,24,2,0,1,1,112200
Hinjewadi,apartment,sale,unfurnished,2,942,2,30,7,0,8,1,4966900
Bavdhan,house,sale,semi-furnished,3,1066,3,16,5,2,7,0,8796100
Hinjewadi,villa,rent,unfurnished,3,3271,3,8,2,10,15,1,467000
Viman Nagar,apartment,sale,fully-furnished,3,1442,3,27,6,1,5,1,15248900
Kothrud,house,sale,fully-furnished,5,1935,5,0,4,1,4,1,34399100
Aundh,villa,rent,semi-furnished,3,1804,3,6,5,5,14,1,301200
Hinjewadi,villa,rent,semi-furnished,3,3660,3,20,5,13,13,1,519600
Baner,apartment,sale,semi-furnished,2,958,2,1,4,19,22,1,10652700
Bavdhan,house,sale,fully-furnished,3,1763,3,29,3,5,10,0,11250400
Balewadi,villa,rent,fully-furnished,5,4202,5,3,5,2,7,0,869600
Hinjewadi,apartment,sale,unfurnished,3,1249,3,27,4,1,13,1,7073000
Hinjewadi,apartment,rent,fully-furnished,2,1177,2,28,4,4,6,1,43400
Shivajinagar,commercial,rent,fully-furnished,0,2384,1,19,8,0,1,1,566200
Wagholi,apartment,sale,unfurnished,1,749,1,11,5,2,9,0,3560500
Shivajinagar,plot,rent,fully-furnished,0,3831,1,3,2,0,1,1,178900
Kondhwa,apartment,sale,fully-furnished,2,925,2,28,6,8,12,0,5375100
Wakad,apartment,sale,fully-furnished,3,1377,3,0,5,3,7,1,16475300
Hinjewadi,villa,sale,unfurnished,3,2227,3,8,1,0,2,1,17678000
Viman Nagar,apartment,rent,semi-furnished,2,1175,2,18,5,3,9,1,48600
Koregaon Park,apartment,rent,fully-furnished,2,1049,2,24,8,0,9,0,68500
Undri,apartment,sale,semi-furnished,2,1143,2,19,0,5,16,0,4837300
Chinchwad,house,rent,unfurnished,3,1559,3,20,0,2,8,0,45100
Pimple Saudagar,apartment,sale,semi-furnished,3,1527,3,16,6,4,12,0,9251700
Wagholi,commercial,sale,semi-furnished,0,1240,1,1,2,0,1,0,8628900
Wakad,studio,rent,fully-furnished,1,783,1,9,7,5,5,1,36500
Kondhwa,apartment,sale,unfurnished,1,530,1,4,0,7,14,0,2163200
Aundh,studio,sale,unfurnished,1,664,1,20,4,2,9,1,4364000
Pimple Saudagar,studio,sale,fully-furnished,1,594,1,28,6,1,2,0,4777200
Wakad,villa,sale,semi-furnished,2,2773,2,24,5,1,3,1,23507200
Aundh,apartment,sale,semi-furnished,2,1342,2,5,2,2,11,1,9855100
Koregaon Park,apartment,sale,unfurnished,1,658,1,26,4,0,18,0,5548800
Wanowrie,studio,sale,semi-furnished,1,570,1,25,2,3,9,0,3553900
Wakad,apartment,rent,unfurnished,3,1492,3,3,5,0,10,1,63500
Chinchwad,villa,rent,unfurnished,2,2318,2,27,4,11,12,0,293200
Wagholi,apartment,sale,semi-furnished,2,973,2,5,2,5,11,0,4575600
Hadapsar,apartment,rent,semi-furnished,3,1092,3,11,6,4,16,0,43700
Baner,apartment,rent,unfurnished,1,791,1,1,1,2,6,1,28800
Baner,apartment,rent,fully-furnished,2,1081,2,0,6,3,12,1,75100
Baner,apartment,rent,unfurnished,4,1918,4,4,6,5,8,1,142700
Viman Nagar,studio,sale,fully-furnished,1,592,1,31,6,1,2,1,6011200
Chinchwad,house,sale,semi-furnished,1,814,1,9,0,0,14,0,3006400
Pimple Saudagar,apartment,rent,fully-furnished,2,928,2,17,3,3,6,0,41200
Pashan,apartment,sale,fully-furnished,3,1570,3,6,5,6,10,0,18599400
Balewadi,apartment,sale,unfurnished,1,616,1,18,5,10,12,0,3946500
Wakad,house,sale,fully-furnished,2,1108,2,30,5,1,4,1,7958900
Viman Nagar,studio,rent,semi-furnished,1,602,1,23,3,7,15,1,25900
Shivajinagar,apartment,rent,unfurnished,2,946,2,22,8,2,5,1,61300
Camp,studio,sale,semi-furnished,1,502,1,24,2,2,12,0,3312000
Baner,apartment,rent,unfurnished,2,925,2,4,5,10,14,1,45300
Kalyani Nagar,house,rent,fully-furnished,1,952,1,17,2,1,3,0,41000
Kothrud,apartment,sale,unfurnished,1,636,1,1,5,7,7,1,6782800
Magarpatta,apartment,rent,semi-furnished,5,1791,5,12,5,2,2,0,200300
Baner,apartment,rent,fully-furnished,1,551,1,1,6,4,7,1,16400
Undri,apartment,rent,semi-furnished,3,1051,3,9,0,1,13,0,29000
Magarpatta,apartment,sale,fully-furnished,2,920,2,12,3,1,10,0,8499200
Hinjewadi,apartment,rent,unfurnished,2,968,2,13,0,6,7,1,27000
Pimpri,apartment,sale,fully-furnished,1,481,1,22,2,0,6,0,2267000
Koregaon Park,apartment,sale,fully-furnished,3,1242,3,16,2,1,7,0,14595100
Magarpatta,villa,rent,unfurnished,3,3577,3,13,3,2,2,0,534700
Hadapsar,commercial,sale,semi-furnished,0,650,1,14,3,0,1,0,3052100
Kothrud,house,rent,semi-furnished,3,1419,3,13,4,2,5,1,92800
Viman Nagar,apartment,sale,fully-furnished,2,896,2,23,7,1,5,1,10443200
Viman Nagar,apartment,sale,unfurnished,2,1142,2,29,7,2,9,1,7708500
Hinjewadi,apartment,sale,semi-furnished,2,909,2,12,5,4,6,1,7654600
Aundh,apartment,sale,semi-furnished,3,1521,3,8,6,15,16,1,19534900
Magarpatta,plot,rent,semi-furnished,0,2797,1,6,3,0,1,0,73600
Pimple Saudagar,apartment,sale,semi-furnished,2,964,2,17,3,5,8,0,5635500
Pashan,apartment,sale,unfurnished,3,1412,3,7,5,5,16,0,10823600
Aundh,apartment,sale,semi-furnished,1,632,1,8,0,4,7,1,6287700
Chinchwad,apartment,sale,unfurnished,3,899,3,22,4,4,5,0,3813600
Pisoli,plot,rent,semi-furnished,0,3037,1,3,3,0,1,0,68300
Baner,apartment,sale,semi-furnished,3,1220,3,1,3,1,5,1,12226800
Kothrud,studio,rent,fully-furnished,1,412,1,10,2,3,12,1,18900
Wagholi,house,sale,fully-furnished,2,954,2,16,1,5,14,0,5221200
Hadapsar,apartment,sale,semi-furnished,2,1180,2,15,4,9,9,0,6272100
Kalyani Nagar,apartment,rent,semi-furnished,3,1272,3,11,3,7,16,0,88800
Hinjewadi,apartment,sale,semi-furnished,2,894,2,4,3,2,8,1,7372100
Kothrud,apartment,sale,semi-furnished,2,1010,2,0,6,6,6,1,12356800
Viman Nagar,apartment,sale,unfurnished,1,795,1,23,7,0,12,1,5767100
Bavdhan,apartment,rent,semi-furnished,4,2025,4,31,0,4,4,0,111200
Aundh,apartment,sale,fully-furnished,4,1584,4,0,6,5,11,1,23266700
Pimpri,plot,sale,semi-furnished,0,4352,1,23,4,0,1,0,13255500
Wagholi,apartment,sale,semi-furnished,3,880,3,2,4,8,15,0,5949600
Koregaon Park,villa,rent,semi-furnished,3,2992,3,17,4,0,2,0,475400
Chinchwad,apartment,rent,unfurnished,4,1733,4,1,4,10,12,0,86800
Hinjewadi,studio,rent,semi-furnished,1,554,1,28,2,10,10,1,22100
Balewadi,studio,rent,semi-furnished,1,361,1,22,8,1,2,0,20600
Koregaon Park,studio,sale,fully-furnished,1,373,1,7,6,0,17,0,4706000
Magarpatta,apartment,rent,semi-furnished,5,1868,5,25,2,4,10,0,176400
Wakad,studio,rent,semi-furnished,1,528,1,23,7,0,11,1,21100
Koregaon Park,apartment,sale,semi-furnished,2,866,2,29,6,0,12,0,7988500
Hinjewadi,apartment,sale,semi-furnished,2,1260,2,0,0,2,2,1,10996200
Baner,apartment,rent,fully-furnished,4,1424,4,11,5,8,14,1,163600
Kalyani Nagar,villa,rent,semi-furnished,2,2659,2,12,7,0,2,0,519700
Baner,apartment,rent,fully-furnished,4,1261,4,27,4,1,10,1,106900
Bavdhan,house,sale,unfurnished,4,1352,4,11,0,1,12,0,10245200
Pimple Saudagar,commercial,rent,fully-furnished,0,4969,1,24,2,0,1,0,577300
Hinjewadi,studio,sale,unfurnished,1,443,1,10,5,8,13,1,2102200
Wanowrie,apartment,sale,semi-furnished,2,1027,2,26,3,0,9,0,5043900
Pimpri,house,rent,unfurnished,1,769,1,22,4,2,2,0,14200
Wagholi,apartment,rent,semi-furnished,2,650,2,0,4,3,13,0,20900
Magarpatta,apartment,rent,fully-furnished,4,1853,4,23,5,1,12,0,162100
Baner,apartment,sale,fully-furnished,4,1541,4,13,5,5,10,1,19657400
Kothrud,apartment,sale,unfurnished,4,1501,4,18,4,6,9,1,14226900
Aundh,apartment,rent,fully-furnished,2,1137,2,19,5,10,13,1,56900
Koregaon Park,house,rent,semi-furnished,2,1254,2,16,6,0,7,0,57400
Hadapsar,apartment,sale,fully-furnished,3,1114,3,9,1,5,6,0,7540200
Koregaon Park,apartment,sale,fully-furnished,2,884,2,31,6,1,21,0,10126300
Kharadi,apartment,rent,semi-furnished,2,1223,2,13,6,3,6,1,39600
Koregaon Park,apartment,sale,unfurnished,1,712,1,28,6,1,7,0,6112400
Chinchwad,apartment,sale,semi-furnished,3,1310,3,22,2,1,6,0,6988700
Wakad,apartment,sale,semi-furnished,3,1254,3,30,3,1,6,1,8283500
Balewadi,studio,rent,fully-furnished,1,410,1,6,6,2,5,0,20700
Wanowrie,apartment,rent,fully-furnished,5,1722,5,13,3,5,13,0,172100
Pimple Saudagar,villa,rent,semi-furnished,1,2222,1,17,3,8,14,0,415900
Pashan,studio,rent,unfurnished,1,562,1,5,4,2,5,0,23000
Koregaon Park,apartment,rent,semi-furnished,5,2298,5,27,6,7,12,0,356800
Wanowrie,house,sale,unfurnished,1,883,1,28,6,22,22,0,4078000
Viman Nagar,apartment,sale,unfurnished,1,905,1,12,8,0,2,1,8576300
Pisoli,apartment,rent,unfurnished,3,1160,3,14,3,0,4,0,40300
Pisoli,commercial,sale,semi-furnished,0,3558,1,26,2,0,1,0,14392100
Pimple Saudagar,villa,sale,semi-furnished,3,3292,3,12,3,4,21,0,35098100
Kothrud,apartment,sale,fully-furnished,2,1204,2,4,4,6,8,1,14776300
Undri,apartment,rent,unfurnished,5,1830,5,24,4,3,8,0,124700
Wagholi,apartment,sale,semi-furnished,3,1244,3,1,1,5,5,0,10586600
Kalyani Nagar,commercial,sale,semi-furnished,0,1350,1,25,5,0,1,0,13527500
Kalyani Nagar,villa,rent,semi-furnished,3,2201,3,27,4,1,8,0,719600
Aundh,apartment,rent,unfurnished,1,655,1,31,6,11,13,1,32000
Viman Nagar,house,rent,unfurnished,3,1203,3,19,6,15,16,1,57000
Koregaon Park,house,sale,fully-furnished,3,1361,3,14,2,16,20,0,19878500
Koregaon Park,apartment,rent,unfurnished,2,930,2,10,8,10,11,0,52800
Camp,studio,rent,fully-furnished,1,630,1,29,3,5,9,0,28200
Koregaon Park,apartment,sale,semi-furnished,2,1167,2,11,9,19,21,0,20846200
Pisoli,apartment,sale,semi-furnished,3,1248,3,10,8,3,9,0,8335400
Kharadi,apartment,sale,fully-furnished,3,1139,3,16,3,3,7,1,11266500
Kothrud,apartment,sale,unfurnished,2,985,2,13,2,12,14,1,8928500
Wagholi,apartment,sale,semi-furnished,3,1488,3,7,0,0,5,0,8561400
Koregaon Park,studio,rent,unfurnished,1,524,1,6,4,5,5,0,34200
Hinjewadi,apartment,sale,unfurnished,2,1092,2,4,4,4,11,1,7613300
Wakad,apartment,sale,fully-furnished,2,857,2,8,6,0,2,1,9274800
Pashan,studio,sale,semi-furnished,1,628,1,11,5,3,3,0,5220000
Undri,house,rent,semi-furnished,2,924,2,9,5,1,2,0,27900
Pimple Saudagar,plot,rent,unfurnished,0,974,1,4,4,0,1,0,23700
Pimple Saudagar,apartment,sale,unfurnished,5,2368,5,4,4,11,14,0,25296100
Hadapsar,apartment,rent,unfurnished,4,1511,4,17,4,3,7,0,74100
Magarpatta,house,rent,fully-furnished,3,1563,3,6,3,2,13,0,85300
Hinjewadi,studio,rent,fully-furnished,1,300,1,6,0,21,24,1,22500
Magarpatta,apartment,rent,fully-furnished,2,838,2,21,3,0,8,0,43900
Shivajinagar,villa,sale,semi-furnished,5,2222,5,12,10,1,3,1,31168500
Magarpatta,apartment,rent,unfurnished,5,2149,5,2,8,2,2,0,245600
Aundh,studio,rent,semi-furnished,1,633,1,24,3,2,2,1,29400
Hinjewadi,apartment,rent,semi-furnished,4,1777,4,31,3,10,17,1,140800
Hinjewadi,apartment,rent,unfurnished,4,1740,4,27,1,5,8,1,97700
Aundh,apartment,rent,unfurnished,2,870,2,9,2,0,3,1,39800
Viman Nagar,apartment,sale,unfurnished,2,900,2,9,8,7,7,1,8852200
Kharadi,studio,sale,unfurnished,1,706,1,22,3,10,10,1,4655500
Koregaon Park,apartment,sale,semi-furnished,3,1213,3,13,6,19,19,0,20687400
Hinjewadi,villa,rent,semi-furnished,2,3031,2,0,4,5,14,1,640300
Pisoli,villa,rent,fully-furnished,2,3320,2,9,2,9,9,0,366300
Chinchwad,villa,sale,unfurnished,2,2360,2,29,5,20,23,0,12374400
Aundh,apartment,sale,fully-furnished,5,1994,5,20,3,10,13,1,26256700
Viman Nagar,apartment,sale,unfurnished,1,577,1,26,6,3,13,1,4118500
Koregaon Park,house,sale,semi-furnished,1,840,1,28,7,3,10,0,7814900
Chinchwad,apartment,sale,fully-furnished,3,1512,3,26,3,2,10,0,9122600
Baner,plot,sale,unfurnished,0,2018,1,25,4,0,1,1,10610200
Wagholi,apartment,sale,fully-furnished,1,624,1,1,3,14,14,0,4142000
Bavdhan,apartment,sale,semi-furnished,3,1568,3,11,2,3,10,0,10789600
Kharadi,apartment,rent,semi-furnished,2,1162,2,31,4,1,4,1,41200
Koregaon Park,apartment,sale,fully-furnished,1,721,1,10,9,2,6,0,8394700
Kothrud,apartment,rent,unfurnished,5,1945,5,10,7,18,19,1,215700
Kondhwa,apartment,rent,semi-furnished,2,1089,2,29,4,0,2,0,33600
Pimple Saudagar,apartment,sale,semi-furnished,2,1008,2,21,2,9,12,0,5438100
Viman Nagar,plot,sale,unfurnished,0,3160,1,8,8,0,1,1,30323500
Baner,apartment,sale,semi-furnished,4,1549,4,10,2,2,2,1,21324100
Koregaon Park,apartment,sale,fully-furnished,4,1678,4,11,6,1,2,0,32279100
Shivajinagar,apartment,rent,semi-furnished,2,875,2,14,4,6,6,1,43800
Magarpatta,apartment,rent,semi-furnished,4,1386,4,18,2,4,12,0,102100
Hinjewadi,apartment,sale,unfurnished,2,889,2,13,3,14,15,1,5530000
Wakad,studio,sale,unfurnished,1,566,1,7,6,2,7,1,4455100
Hadapsar,villa,sale,unfurnished,4,2444,4,2,0,1,3,0,19375500
Undri,apartment,rent,unfurnished,2,839,2,8,3,5,9,0,19300
Wakad,apartment,sale,fully-furnished,1,876,1,6,6,11,12,1,8657400
Pimple Saudagar,apartment,sale,semi-furnished,3,1469,3,29,0,6,13,0,8371100
Kondhwa,apartment,sale,fully-furnished,1,869,1,0,2,5,5,0,7011600
Viman Nagar,plot,sale,unfurnished,0,1254,1,16,10,0,1,1,6352300
Kothrud,apartment,sale,semi-furnished,3,1332,3,28,5,5,5,1,11978000
Magarpatta,apartment,sale,unfurnished,2,1054,2,8,5,10,10,0,8009600
Wagholi,apartment,sale,semi-furnished,3,1379,3,10,0,8,10,0,8525000
Koregaon Park,apartment,rent,semi-furnished,3,1257,3,25,4,2,8,0,113800
Wakad,villa,sale,semi-furnished,1,3278,1,9,5,12,15,1,37199300
Baner,commercial,rent,semi-furnished,0,4718,1,28,7,0,1,1,744500
Bavdhan,apartment,rent,semi-furnished,3,1395,3,29,1,4,6,0,66300
Kondhwa,apartment,rent,semi-furnished,2,1130,2,28,7,7,9,0,40400
Viman Nagar,commercial,rent,fully-furnished,0,2196,1,7,5,0,1,1,492300
Hadapsar,studio,sale,fully-furnished,1,486,1,3,0,1,9,0,2800600
Pashan,apartment,rent,fully-furnished,2,812,2,22,5,4,7,0,34700
Baner,studio,sale,semi-furnished,1,439,1,10,3,8,9,1,4800300
Wagholi,commercial,rent,semi-furnished,0,5236,1,18,6,0,1,0,304900
Viman Nagar,studio,sale,semi-furnished,1,399,1,31,7,4,4,1,4547900
Baner,apartment,rent,unfurnished,2,1181,2,6,2,1,13,1,47400
Chinchwad,plot,rent,semi-furnished,0,1157,1,22,2,0,1,0,30500
Hinjewadi,plot,rent,unfurnished,0,2462,1,20,4,0,1,1,49100
Pimpri,house,rent,fully-furnished,2,953,2,24,2,1,5,0,28900
Kothrud,villa,rent,semi-furnished,4,1865,4,26,2,6,9,1,381000
Viman Nagar,house,sale,unfurnished,2,900,2,21,5,3,10,1,6655200
Balewadi,apartment,sale,semi-furnished,3,1072,3,19,3,4,9,0,8309800
Balewadi,apartment,sale,unfurnished,4,1417,4,23,1,10,10,0,11906200
Camp,apartment,sale,fully-furnished,4,1517,4,31,4,9,13,0,16698900
Hadapsar,commercial,rent,unfurnished,0,1218,1,13,1,0,1,0,46700
Magarpatta,apartment,sale,semi-furnished,4,1770,4,15,3,2,18,0,15099700
Undri,apartment,rent,unfurnished,2,1371,2,23,4,2,8,0,24100
Hinjewadi,plot,sale,semi-furnished,0,3773,1,21,5,0,1,1,12758800
Kalyani Nagar,apartment,sale,fully-furnished,2,629,2,24,6,7,12,0,6583100
Kharadi,plot,rent,unfurnished,0,3642,1,29,7,0,1,1,122400
Kondhwa,apartment,rent,unfurnished,3,1574,3,24,2,0,6,0,55300
Undri,apartment,rent,unfurnished,2,1162,2,8,1,4,8,0,28400
Kothrud,apartment,sale,semi-furnished,3,1194,3,26,4,0,2,1,10122500
Hinjewadi,villa,sale,fully-furnished,5,3074,5,20,1,1,3,1,32468200
Wagholi,apartment,rent,fully-furnished,3,1197,3,26,3,12,17,0,46400
Pimpri,apartment,sale,semi-furnished,2,1079,2,13,1,6,6,0,6224000
Aundh,commercial,sale,semi-furnished,0,4753,1,9,3,0,1,1,48475500
Wagholi,apartment,rent,fully-furnished,2,811,2,9,4,2,5,0,21700
Magarpatta,villa,rent,unfurnished,2,3309,2,29,3,3,10,0,486500
Undri,apartment,sale,semi-furnished,2,1334,2,6,1,1,3,0,8082100
Viman Nagar,apartment,sale,semi-furnished,2,1121,2,5,8,2,2,1,13323700
Kothrud,villa,rent,semi-furnished,3,3256,3,21,6,4,6,1,223600
Koregaon Park,apartment,sale,fully-furnished,2,1007,2,10,9,10,13,0,16445200
Kondhwa,apartment,sale,unfurnished,2,1281,2,8,5,8,9,0,8089500
Viman Nagar,house,sale,fully-furnished,2,768,2,18,4,12,16,1,9013700
Hadapsar,villa,rent,semi-furnished,2,3357,2,19,4,5,10,0,432600
Wakad,apartment,rent,semi-furnished,4,1004,4,15,5,1,17,1,83700
Hadapsar,apartment,sale,unfurnished,4,1724,4,21,2,5,5,0,9727900
Viman Nagar,villa,rent,unfurnished,2,1951,2,11,7,6,6,1,155100
Koregaon Park,apartment,sale,semi-furnished,1,1158,1,28,5,1,2,0,10094400
Shivajinagar,house,rent,fully-furnished,3,1197,3,19,4,3,6,1,93800
Shivajinagar,studio,sale,unfurnished,1,506,1,27,4,7,13,1,4581700
Koregaon Park,villa,sale,unfurnished,3,2265,3,31,7,1,9,0,22822400
Wagholi,commercial,rent,semi-furnished,0,5528,1,22,0,0,1,0,249400
Balewadi,house,rent,unfurnished,5,1694,5,22,2,3,9,0,159700
Bavdhan,apartment,rent,fully-furnished,3,1309,3,1,0,5,8,0,66800
Hinjewadi,apartment,sale,fully-furnished,2,758,2,16,0,7,7,1,6893600
Hadapsar,apartment,sale,semi-furnished,3,1293,3,9,2,4,10,0,8554000
Undri,apartment,sale,unfurnished,2,1132,2,4,2,2,6,0,7416100
Kondhwa,commercial,sale,unfurnished,0,2692,1,15,1,0,1,0,16504000
Baner,apartment,rent,fully-furnished,2,372,2,15,6,1,2,1,28100
Pimple Saudagar,studio,rent,semi-furnished,1,428,1,4,3,6,21,0,16600
Balewadi,apartment,rent,unfurnished,2,842,2,24,2,3,8,0,25800
Kharadi,commercial,sale,semi-furnished,0,5137,1,10,7,0,1,1,62674700
Wakad,commercial,sale,fully-furnished,0,4974,1,21,6,0,1,1,20504600
Viman Nagar,apartment,sale,fully-furnished,3,1168,3,18,6,11,14,1,14074300
Kharadi,villa,sale,semi-furnished,1,2976,1,20,4,3,14,1,27072800
Balewadi,villa,rent,unfurnished,3,2228,3,7,6,0,15,0,369000
Kharadi,apartment,sale,semi-furnished,2,1117,2,5,3,0,5,1,9543100
Hinjewadi,apartment,rent,fully-furnished,2,1136,2,17,3,7,7,1,47700
Wanowrie,apartment,sale,fully-furnished,2,1054,2,24,3,10,11,0,6154600
Kharadi,apartment,rent,semi-furnished,1,764,1,9,0,0,14,1,7500
Pimple Saudagar,house,rent,unfurnished,3,1773,3,26,4,2,7,0,85200
Bavdhan,apartment,rent,fully-furnished,2,853,2,28,0,4,7,0,26700
Wakad,house,sale,unfurnished,4,1671,4,17,4,6,9,1,14723600
Hinjewadi,commercial,sale,semi-furnished,0,1578,1,16,3,0,1,1,17589900
Hinjewadi,studio,rent,semi-furnished,1,438,1,15,3,2,7,1,23100
Pimple Saudagar,apartment,sale,fully-furnished,3,1329,3,12,3,0,9,0,9823500
Viman Nagar,apartment,sale,unfurnished,2,889,2,3,7,3,3,1,10866600
Kalyani Nagar,house,sale,unfurnished,3,838,3,21,8,3,5,0,8719300
Pimple Saudagar,apartment,sale,unfurnished,2,1018,2,26,0,1,2,0,5117600
Baner,house,sale,fully-furnished,1,771,1,26,5,6,7,1,6940000
Wakad,apartment,rent,semi-furnished,2,936,2,1,1,8,20,1,36000
Wanowrie,plot,rent,unfurnished,0,2374,1,24,5,0,1,0,53400
Hinjewadi,studio,rent,fully-furnished,1,568,1,16,8,10,10,1,16200
Kothrud,apartment,rent,semi-furnished,1,794,1,10,1,1,3,1,25800
Pashan,apartment,rent,semi-furnished,2,975,2,4,5,1,2,0,50100
Aundh,apartment,sale,fully-furnished,2,949,2,27,2,1,4,1,7743300
Chinchwad,apartment,rent,unfurnished,2,990,2,9,5,0,2,0,21600
Magarpatta,house,sale,unfurnished,2,991,2,22,1,2,11,0,5060300
Viman Nagar,house,rent,unfurnished,2,1217,2,25,9,14,17,1,65200
Magarpatta,apartment,sale,fully-furnished,2,1344,2,22,4,1,6,0,12604700
Aundh,studio,sale,fully-furnished,1,504,1,5,5,13,14,1,7610300
Pashan,house,rent,semi-furnished,3,1329,3,19,1,4,5,0,71200
Koregaon Park,apartment,rent,semi-furnished,4,1441,4,0,2,2,17,0,127800
Magarpatta,studio,sale,fully-furnished,1,622,1,28,6,5,8,0,4552100
Wagholi,plot,rent,unfurnished,0,3447,1,24,6,0,1,0,58500
Shivajinagar,apartment,rent,unfurnished,3,1342,3,25,10,13,13,1,94800
Kalyani Nagar,apartment,sale,fully-furnished,2,1371,2,13,7,2,12,0,15932700
Wanowrie,commercial,sale,semi-furnished,0,5298,1,8,2,0,1,0,64115400
Hinjewadi,commercial,rent,semi-furnished,0,3650,1,17,2,0,1,1,506800
Hinjewadi,apartment,sale,unfurnished,2,1052,2,8,0,5,13,1,7319700
Pimple Saudagar,apartment,sale,unfurnished,3,1242,3,29,6,7,8,0,7585000
Kalyani Nagar,apartment,sale,unfurnished,2,913,2,5,6,9,12,0,11456300
Baner,apartment,sale,fully-furnished,3,1240,3,19,5,4,4,1,14576300
Shivajinagar,apartment,sale,semi-furnished,2,1073,2,25,3,7,12,1,11958800
Viman Nagar,studio,sale,semi-furnished,1,483,1,13,9,2,3,1,6338900
Viman Nagar,villa,sale,unfurnished,4,2988,4,2,7,7,12,1,43561500
Kondhwa,house,rent,semi-furnished,2,1083,2,3,4,8,13,0,27200
Hinjewadi,villa,sale,unfurnished,2,2252,2,24,3,5,7,1,16776400
Wanowrie,studio,sale,unfurnished,1,412,1,13,1,4,7,0,2531400
Kothrud,apartment,rent,semi-furnished,2,776,2,25,2,8,11,1,40000
Aundh,villa,sale,semi-furnished,3,3154,3,26,2,12,14,1,29964900
Camp,commercial,rent,unfurnished,0,2774,1,15,8,0,1,0,316500
Baner,apartment,sale,fully-furnished,3,1151,3,26,3,1,2,1,12336400
Bavdhan,apartment,rent,unfurnished,2,782,2,25,4,1,4,0,28300
Baner,house,sale,semi-furnished,2,1126,2,20,5,7,13,1,11376900
Undri,house,sale,semi-furnished,2,1221,2,20,1,11,16,0,6558300
Kharadi,house,rent,semi-furnished,2,1102,2,21,4,2,9,1,30100
Pimple Saudagar,studio,sale,fully-furnished,1,521,1,28,1,4,12,0,3177700
Shivajinagar,apartment,rent,semi-furnished,3,1364,3,21,4,2,5,1,116900
Hadapsar,apartment,sale,semi-furnished,3,1562,3,27,7,8,9,0,8482700
Viman Nagar,apartment,rent,unfurnished,3,1351,3,9,5,7,11,1,103600
Koregaon Park,apartment,rent,semi-furnished,3,1240,3,1,4,5,10,0,89000
Hinjewadi,apartment,sale,semi-furnished,4,1540,4,5,3,2,7,1,15126400
Magarpatta,apartment,rent,semi-furnished,2,758,2,1,1,7,12,0,30300
Hinjewadi,apartment,sale,fully-furnished,2,808,2,13,5,6,9,1,8522500
Baner,studio,sale,semi-furnished,1,300,1,27,7,1,5,1,2825800
Kharadi,house,rent,semi-furnished,1,776,1,2,4,2,14,1,28200
Hinjewadi,apartment,sale,unfurnished,2,823,2,7,4,5,8,1,7580100
Pimple Saudagar,apartment,sale,semi-furnished,5,2137,5,15,6,5,10,0,17066800
Baner,commercial,sale,semi-furnished,0,4971,1,10,3,0,1,1,41890200
Baner,apartment,sale,fully-furnished,4,1633,4,6,3,6,13,1,24680300
Aundh,apartment,sale,unfurnished,1,767,1,11,4,3,3,1,5680300
Pimpri,apartment,rent,semi-furnished,2,828,2,9,2,1,2,0,20600
Baner,apartment,rent,semi-furnished,2,969,2,25,2,10,19,1,29600
Magarpatta,apartment,sale,semi-furnished,1,506,1,6,3,0,5,0,4306400
Kothrud,house,sale,fully-furnished,2,594,2,24,6,0,2,1,3936000
Kothrud,apartment,sale,unfurnished,2,779,2,16,1,6,9,1,5943800
Pisoli,apartment,sale,unfurnished,2,1067,2,18,0,8,14,0,4198300
Hadapsar,plot,sale,fully-furnished,0,1409,1,25,3,0,1,0,5891000
Baner,apartment,sale,fully-furnished,2,984,2,18,8,11,12,1,12325300
Balewadi,apartment,sale,semi-furnished,4,1555,4,15,4,4,6,0,17883300
Hinjewadi,studio,sale,semi-furnished,1,488,1,14,0,17,21,1,4004800
Viman Nagar,apartment,sale,fully-furnished,2,768,2,13,7,10,14,1,9181600
Bavdhan,studio,sale,semi-furnished,1,454,1,2,0,1,2,0,3678600
Undri,apartment,sale,semi-furnished,2,663,2,18,1,5,8,0,2819400
Magarpatta,studio,rent,unfurnished,1,523,1,11,4,3,7,0,14300
Balewadi,apartment,sale,fully-furnished,3,1047,3,8,4,18,21,0,11422300
Kalyani Nagar,apartment,sale,unfurnished,2,576,2,12,10,7,8,0,6122300
Wagholi,apartment,rent,fully-furnished,1,857,1,3,4,2,11,0,13400
Viman Nagar,apartment,sale,semi-furnished,2,876,2,2,6,2,10,1,12024100
Koregaon Park,apartment,sale,fully-furnished,3,1220,3,20,6,3,8,0,16784800
Hinjewadi,apartment,sale,fully-furnished,1,669,1,9,3,8,10,1,6112400
Balewadi,villa,rent,fully-furnished,2,2955,2,28,3,6,15,0,692300
Magarpatta,studio,rent,unfurnished,1,641,1,12,9,4,6,0,26400
Shivajinagar,house,rent,unfurnished,2,915,2,20,5,9,11,1,39700
Viman Nagar,studio,sale,unfurnished,1,569,1,7,3,7,15,1,5796800
Wanowrie,apartment,sale,fully-furnished,2,784,2,22,0,1,9,0,4369800
Baner,apartment,rent,unfurnished,1,609,1,23,5,1,8,1,17600
Kothrud,apartment,rent,fully-furnished,2,1001,2,28,4,3,11,1,55100
Hadapsar,studio,rent,fully-furnished,1,620,1,2,2,5,15,0,15600
Aundh,villa,rent,semi-furnished,4,3497,4,30,2,9,12,1,883200
Wagholi,studio,sale,unfurnished,1,499,1,27,1,4,9,0,1861400
Wagholi,apartment,rent,fully-furnished,3,1246,3,9,4,1,11,0,56100
Wagholi,apartment,sale,fully-furnished,3,1260,3,30,1,1,7,0,6772400
Pimpri,studio,rent,fully-furnished,1,422,1,0,3,7,10,0,13900
Aundh,apartment,rent,semi-furnished,2,1220,2,18,3,18,24,1,54000
Hadapsar,villa,sale,semi-furnished,2,2668,2,7,2,0,3,0,14295600
Baner,plot,rent,fully-furnished,0,1190,1,26,5,0,1,1,67700
Camp,apartment,rent,semi-furnished,2,811,2,0,5,7,12,0,37400
Koregaon Park,apartment,sale,unfurnished,1,850,1,1,5,9,14,0,9219600
Kondhwa,apartment,sale,unfurnished,2,1060,2,9,2,10,17,0,5905000
Kothrud,house,sale,fully-furnished,2,771,2,5,1,8,12,1,7403700
Balewadi,house,rent,fully-furnished,1,784,1,6,7,1,11,0,30900
Pimple Saudagar,commercial,sale,fully-furnished,0,3344,1,22,4,0,1,0,27599600
Bavdhan,house,sale,semi-furnished,3,1301,3,16,3,8,9,0,9623800
Koregaon Park,apartment,rent,unfurnished,3,1387,3,16,4,0,9,0,91600
Aundh,plot,sale,semi-furnished,0,4975,1,25,5,0,1,1,35979800
Magarpatta,commercial,sale,semi-furnished,0,3139,1,6,2,0,1,0,34791700
Pashan,villa,rent,semi-furnished,1,3661,1,21,5,5,5,0,655600
Aundh,villa,sale,unfurnished,3,3062,3,23,3,0,2,1,29151600
Kothrud,studio,sale,semi-furnished,1,432,1,17,7,11,11,1,3944000
Viman Nagar,apartment,sale,semi-furnished,1,1046,1,25,5,1,2,1,9252000
Baner,commercial,sale,fully-furnished,0,5064,1,31,2,0,1,1,55741000
Magarpatta,villa,rent,fully-furnished,4,1814,4,22,2,0,2,0,278600
Wakad,apartment,rent,semi-furnished,1,770,1,13,6,6,8,1,30700
Viman Nagar,apartment,sale,fully-furnished,3,804,3,10,8,3,3,1,11755000
Baner,apartment,rent,unfurnished,2,888,2,21,6,6,8,1,30800
Magarpatta,apartment,sale,unfurnished,2,1180,2,9,3,2,2,0,10112800
Baner,studio,rent,semi-furnished,1,484,1,21,4,6,9,1,25900
Hadapsar,plot,rent,fully-furnished,0,4802,1,15,2,0,1,0,125600
Wagholi,house,sale,unfurnished,3,1245,3,1,6,3,3,0,9795800
Pimple Saudagar,apartment,sale,unfurnished,2,996,2,25,1,5,16,0,4588200
Kharadi,house,sale,fully-furnished,2,916,2,18,7,2,4,1,7669000
Camp,apartment,rent,unfurnished,4,1668,4,19,4,3,6,0,134300
Kharadi,apartment,rent,semi-furnished,3,1585,3,17,4,5,20,1,84500
Kondhwa,apartment,rent,semi-furnished,3,1385,3,2,3,10,20,0,44200
Bavdhan,commercial,rent,fully-furnished,0,1291,1,11,1,0,1,0,151100
Koregaon Park,apartment,rent,semi-furnished,2,772,2,27,6,3,3,0,49700
Kondhwa,villa,sale,unfurnished,2,2601,2,4,6,2,4,0,20135800
Baner,commercial,sale,semi-furnished,0,1567,1,9,4,0,1,1,11091300
Viman Nagar,apartment,sale,unfurnished,2,927,2,24,6,0,2,1,6790800
Pisoli,apartment,rent,fully-furnished,2,1228,2,13,6,5,13,0,37300
Kharadi,apartment,sale,semi-furnished,2,1235,2,1,6,12,19,1,14652500
Kharadi,apartment,rent,fully-furnished,4,1945,4,29,6,1,2,1,155900
Shivajinagar,house,sale,fully-furnished,4,1614,4,13,6,9,10,1,21634100
Balewadi,apartment,sale,semi-furnished,2,1164,2,14,6,12,14,0,8751000
Pashan,villa,sale,semi-furnished,3,3093,3,7,8,3,16,0,38167000
Aundh,commercial,rent,unfurnished,0,1420,1,13,4,0,1,1,172000
Viman Nagar,studio,rent,semi-furnished,1,514,1,14,5,6,6,1,21100
Viman Nagar,apartment,rent,fully-furnished,2,948,2,18,9,10,19,1,71300
Hadapsar,apartment,sale,unfurnished,4,1883,4,18,2,1,2,0,9546200
Aundh,villa,rent,semi-furnished,5,2640,5,0,4,3,5,1,373900
Kalyani Nagar,apartment,sale,unfurnished,2,768,2,8,3,0,12,0,8014200
Kalyani Nagar,house,rent,fully-furnished,3,1092,3,11,6,1,8,0,96300
Boat Club Road,apartment,sale,semi-furnished,2,814,2,23,5,2,2,0,8273900
Hinjewadi,house,sale,fully-furnished,3,1351,3,3,2,1,12,1,11628000
Pisoli,commercial,sale,fully-furnished,0,1020,1,14,2,0,1,0,4179900
Pisoli,apartment,rent,fully-furnished,3,1340,3,14,0,1,15,0,48800
Pimple Saudagar,villa,sale,semi-furnished,2,3248,2,21,3,8,14,0,26990900
Pimple Saudagar,plot,sale,fully-furnished,0,1997,1,25,3,0,1,0,9584900
Bavdhan,studio,sale,unfurnished,1,544,1,3,0,5,11,0,3516900
Hadapsar,apartment,rent,fully-furnished,3,1113,3,26,3,12,13,0,50300
Hinjewadi,apartment,sale,semi-furnished,3,1472,3,27,3,4,11,1,9233500
Kharadi,plot,sale,semi-furnished,0,4471,1,2,5,0,1,1,24436400
Kharadi,apartment,sale,unfurnished,2,886,2,11,4,7,7,1,6517100
Pimpri,plot,sale,unfurnished,0,1614,1,26,5,0,1,0,4509400
Bavdhan,house,sale,fully-furnished,1,638,1,7,1,6,9,0,5954700
Hinjewadi,apartment,rent,semi-furnished,2,802,2,24,1,6,6,1,38900
Kharadi,studio,sale,unfurnished,1,522,1,18,1,4,6,1,3976700
Kothrud,plot,sale,semi-furnished,0,1569,1,15,6,0,1,1,8891400
Bavdhan,commercial,rent,semi-furnished,0,2475,1,10,3,0,1,0,139500
Koregaon Park,plot,rent,semi-furnished,0,3684,1,31,6,0,1,0,195200
Viman Nagar,apartment,rent,semi-furnished,2,1252,2,3,8,1,2,1,86900
Hinjewadi,commercial,rent,fully-furnished,0,5882,1,23,1,0,1,1,639200
Viman Nagar,apartment,sale,semi-furnished,2,1225,2,7,6,8,17,1,11687600
Kothrud,apartment,sale,semi-furnished,3,1504,3,6,5,12,14,1,18327400
Koregaon Park,house,sale,fully-furnished,1,636,1,8,7,1,10,0,9095300
Viman Nagar,apartment,rent,unfurnished,5,2024,5,4,8,8,9,1,257300
Wagholi,apartment,rent,fully-furnished,3,1018,3,20,2,7,7,0,46000
Wanowrie,plot,sale,semi-furnished,0,3645,1,31,2,0,1,0,15259400
Magarpatta,apartment,sale,fully-furnished,1,457,1,7,5,0,3,0,4737500
Pisoli,studio,sale,unfurnished,1,460,1,22,5,9,9,0,1713400
Pashan,villa,rent,unfurnished,5,2125,5,9,3,2,5,0,370200
Undri,commercial,sale,semi-furnished,0,2720,1,21,6,0,1,0,21924000
Magarpatta,plot,sale,semi-furnished,0,666,1,4,8,0,1,0,4252400
Wagholi,apartment,rent,semi-furnished,3,1283,3,3,1,6,10,0,53200
Pisoli,house,rent,semi-furnished,2,1280,2,6,3,5,12,0,18000
Hinjewadi,plot,sale,semi-furnished,0,2685,1,19,1,0,1,1,10133500
Kharadi,plot,rent,unfurnished,0,2105,1,31,8,0,1,1,38500
Hadapsar,apartment,sale,fully-furnished,4,1709,4,11,4,8,10,0,15209900
Kalyani Nagar,apartment,rent,fully-furnished,2,1046,2,3,6,3,5,0,44700
Bavdhan,apartment,sale,fully-furnished,2,1289,2,5,0,9,14,0,12547600
Hinjewadi,house,rent,fully-furnished,3,992,3,9,1,15,16,1,56500
Balewadi,apartment,sale,semi-furnished,5,1680,5,3,6,2,14,0,25562100
Balewadi,apartment,sale,unfurnished,2,838,2,14,2,7,10,0,7228500
Baner,plot,sale,fully-furnished,0,3582,1,27,5,0,1,1,22208000
Chinchwad,villa,rent,semi-furnished,2,2669,2,22,1,5,8,0,333600
Kharadi,studio,sale,fully-furnished,1,418,1,20,5,2,16,1,3293500
Wakad,apartment,rent,unfurnished,2,1013,2,18,5,0,16,1,46200
Kharadi,plot,rent,semi-furnished,0,4348,1,0,5,0,1,1,166500
Aundh,apartment,rent,unfurnished,2,1315,2,15,4,0,2,1,47800
Boat Club Road,house,rent,unfurnished,3,1132,3,24,6,5,8,0,100900
Pashan,studio,rent,semi-furnished,1,382,1,3,5,5,14,0,16900
Balewadi,apartment,sale,unfurnished,3,1072,3,25,5,6,6,0,7600200
Chinchwad,commercial,rent,semi-furnished,0,4970,1,24,4,0,1,0,210300
Wagholi,commercial,sale,unfurnished,0,5606,1,4,4,0,1,0,14441700
Pimple Saudagar,apartment,sale,unfurnished,2,971,2,11,1,9,13,0,6122700
Wanowrie,apartment,rent,semi-furnished,4,1771,4,7,4,1,2,0,114700
Bavdhan,villa,sale,unfurnished,2,3745,2,10,0,2,6,0,25622200
Hinjewadi,house,rent,fully-furnished,2,1124,2,29,3,3,7,1,42700
Kalyani Nagar,studio,sale,unfurnished,1,509,1,1,9,2,8,0,6064900
Camp,plot,sale,semi-furnished,0,2692,1,4,5,0,1,0,17976700
Undri,villa,sale,semi-furnished,2,3156,2,8,4,0,2,0,14665800
Pimple Saudagar,house,rent,fully-furnished,1,476,1,16,0,4,16,0,13800
Wakad,plot,sale,unfurnished,0,1935,1,10,6,0,1,1,14446900
Kondhwa,villa,sale,fully-furnished,2,2123,2,28,5,3,4,0,18005500
Kondhwa,apartment,sale,semi-furnished,3,1312,3,17,1,1,10,0,8287700
Viman Nagar,apartment,sale,semi-furnished,2,1105,2,20,9,4,7,1,11414500
Camp,plot,rent,fully-furnished,0,3790,1,5,2,0,1,0,129100
Undri,commercial,rent,semi-furnished,0,2922,1,6,0,0,1,0,304200
Undri,studio,sale,semi-furnished,1,637,1,10,4,1,12,0,2370100
Hinjewadi,villa,sale,unfurnished,1,3232,1,25,5,0,5,1,19457900
Wagholi,apartment,rent,semi-furnished,2,693,2,0,5,2,6,0,21800
Wanowrie,apartment,rent,semi-furnished,2,951,2,23,6,0,8,0,24700
Aundh,apartment,rent,fully-furnished,4,1728,4,3,5,1,7,1,163800
Wakad,apartment,sale,fully-furnished,2,738,2,2,4,0,6,1,7868400
Pimpri,house,sale,semi-furnished,1,758,1,17,6,7,12,0,4948300
Kharadi,apartment,rent,semi-furnished,2,1116,2,0,2,6,9,1,41600
Hinjewadi,apartment,sale,fully-furnished,1,654,1,21,0,7,13,1,5154800
Pimple Saudagar,apartment,sale,unfurnished,4,1673,4,0,0,8,8,0,14054400
Kharadi,apartment,sale,fully-furnished,4,1874,4,22,6,6,13,1,18161300
Wanowrie,studio,rent,fully-furnished,1,632,1,13,5,3,6,0,21400
Balewadi,house,sale,semi-furnished,5,1691,5,2,7,0,12,0,22911400
Wakad,apartment,sale,fully-furnished,2,895,2,8,3,10,11,1,9434500
Undri,apartment,rent,semi-furnished,2,1095,2,1,1,4,13,0,19700
Baner,house,rent,semi-furnished,1,581,1,12,6,4,13,1,8600
Kharadi,plot,sale,semi-furnished,0,626,1,28,3,0,1,1,3225200
Kharadi,apartment,sale,semi-furnished,2,1020,2,21,8,8,14,1,6592700
Koregaon Park,house,rent,semi-furnished,1,644,1,23,9,4,6,0,33200
Hinjewadi,studio,sale,semi-furnished,1,586,1,20,4,1,10,1,4554600
Viman Nagar,apartment,sale,fully-furnished,3,1476,3,24,5,11,14,1,17953600
Aundh,apartment,rent,semi-furnished,2,1065,2,30,5,12,12,1,35200
Magarpatta,plot,sale,unfurnished,0,839,1,27,8,0,1,0,3409800
Chinchwad,apartment,sale,unfurnished,3,1372,3,30,4,2,16,0,5965700
Hinjewadi,commercial,rent,semi-furnished,0,5142,1,9,3,0,1,1,498500
Pimpri,studio,sale,semi-furnished,1,491,1,3,1,3,5,0,2887800
Pashan,studio,rent,unfurnished,1,524,1,21,4,0,8,0,26900
Kothrud,studio,sale,semi-furnished,1,324,1,11,4,0,3,1,3041500
Pashan,apartment,sale,unfurnished,2,865,2,25,5,9,13,0,4573500
Kondhwa,apartment,rent,fully-furnished,4,1819,4,6,3,10,10,0,127500
Koregaon Park,studio,sale,unfurnished,1,542,1,24,5,0,11,0,5172300
Wanowrie,apartment,sale,fully-furnished,5,1385,5,13,4,1,4,0,15205300
Magarpatta,commercial,rent,fully-furnished,0,815,1,0,4,0,1,0,93600
Pimple Saudagar,studio,rent,unfurnished,1,621,1,25,2,5,14,0,14700
Aundh,studio,sale,semi-furnished,1,520,1,30,4,0,12,1,3518400
Koregaon Park,commercial,sale,unfurnished,0,1610,1,15,8,0,1,0,36761400
Viman Nagar,villa,sale,unfurnished,2,3660,2,20,8,4,15,1,39428700
Baner,villa,rent,semi-furnished,2,3006,2,13,2,0,10,1,313700
Hinjewadi,commercial,sale,unfurnished,0,4063,1,3,5,0,1,1,37563600
Hinjewadi,commercial,sale,semi-furnished,0,3162,1,25,3,0,1,1,19015900
Chinchwad,studio,sale,unfurnished,1,573,1,9,0,1,11,0,2703900
Shivajinagar,apartment,rent,semi-furnished,2,964,2,7,6,6,7,1,48700
Wakad,commercial,rent,fully-furnished,0,2339,1,8,8,0,1,1,264400
Koregaon Park,plot,rent,semi-furnished,0,2948,1,12,6,0,1,0,165900
Hinjewadi,apartment,sale,fully-furnished,3,1325,3,6,6,14,16,1,16191800
Shivajinagar,villa,rent,semi-furnished,3,1559,3,9,7,12,14,1,310800
Shivajinagar,plot,sale,semi-furnished,0,4383,1,31,8,0,1,1,19371600
Hadapsar,plot,sale,fully-furnished,0,3426,1,27,5,0,1,0,15817900
Magarpatta,apartment,sale,semi-furnished,3,1345,3,20,5,4,6,0,9051900
Undri,house,sale,semi-furnished,4,1738,4,15,3,5,9,0,12120400
Camp,apartment,sale,unfurnished,1,717,1,25,5,0,12,0,3406300
Balewadi,apartment,sale,semi-furnished,3,1226,3,9,6,2,5,0,13547500
Undri,apartment,rent,fully-furnished,2,1024,2,21,3,5,6,0,30900
Wanowrie,studio,sale,unfurnished,1,405,1,7,3,12,13,0,2458600
Koregaon Park,apartment,rent,unfurnished,2,818,2,28,10,5,15,0,59900
Hinjewadi,commercial,sale,semi-furnished,0,1764,1,26,6,0,1,1,9029700
Koregaon Park,plot,sale,unfurnished,0,1464,1,13,8,0,1,0,12019800
Pimpri,apartment,rent,semi-furnished,3,1124,3,28,3,12,12,0,51000
Kondhwa,apartment,rent,semi-furnished,3,1110,3,10,0,3,4,0,33800
Wagholi,studio,sale,semi-furnished,1,659,1,24,3,3,11,0,2767800
Koregaon Park,apartment,rent,semi-furnished,2,852,2,21,4,17,17,0,53600
Baner,apartment,sale,unfurnished,4,1654,4,8,7,1,13,1,15762200
Baner,studio,rent,unfurnished,1,483,1,20,5,2,10,1,21000
Viman Nagar,apartment,sale,fully-furnished,3,873,3,22,4,3,7,1,10435900
Viman Nagar,house,rent,fully-furnished,5,1943,5,15,5,6,14,1,308300
Baner,plot,rent,semi-furnished,0,1962,1,31,4,0,1,1,59700
Hadapsar,house,sale,unfurnished,2,801,2,6,1,2,8,0,4000300
Shivajinagar,villa,rent,fully-furnished,4,3577,4,15,6,6,12,1,1045900
Wagholi,commercial,rent,semi-furnished,0,4052,1,9,1,0,1,0,105100
Hinjewadi,apartment,rent,fully-furnished,4,1611,4,14,0,6,13,1,112700
Pimpri,house,sale,semi-furnished,2,890,2,27,3,10,11,0,4187900
Viman Nagar,villa,rent,unfurnished,1,2237,1,19,2,2,8,1,420200
Wagholi,apartment,sale,fully-furnished,2,1158,2,10,3,6,8,0,7260400
Viman Nagar,studio,rent,semi-furnished,1,435,1,29,9,8,12,1,30600
Chinchwad,studio,sale,fully-furnished,1,314,1,15,0,2,5,0,1712800
Hinjewadi,house,rent,semi-furnished,2,1015,2,2,5,2,8,1,40700
Kondhwa,commercial,sale,semi-furnished,0,5544,1,30,0,0,1,0,22765100
Hinjewadi,studio,sale,semi-furnished,1,412,1,23,3,1,17,1,2627500
Chinchwad,apartment,sale,unfurnished,2,1046,2,0,4,3,8,0,5828700
Kondhwa,commercial,sale,fully-furnished,0,1200,1,12,0,0,1,0,6400600
Viman Nagar,apartment,sale,semi-furnished,1,534,1,27,3,0,8,1,2780900
Magarpatta,apartment,sale,semi-furnished,3,1018,3,23,7,5,10,0,8690700
Pashan,apartment,rent,unfurnished,1,488,1,26,3,0,8,0,11000
Magarpatta,commercial,rent,unfurnished,0,2527,1,20,6,0,1,0,213800
Hinjewadi,apartment,rent,semi-furnished,3,1355,3,27,2,6,6,1,67400
Kharadi,commercial,sale,semi-furnished,0,3890,1,26,6,0,1,1,29201200
Camp,apartment,sale,unfurnished,2,1112,2,29,6,13,15,0,7094100
Pashan,house,rent,unfurnished,4,1574,4,17,2,4,13,0,94500
Pimpri,apartment,sale,semi-furnished,5,2039,5,2,5,3,4,0,18212400
Kharadi,apartment,sale,semi-furnished,2,1103,2,18,5,2,17,1,8816300
Kharadi,house,rent,fully-furnished,2,716,2,1,6,5,10,1,36000
Bavdhan,apartment,sale,unfurnished,1,428,1,1,2,4,8,0,3086800
Hinjewadi,apartment,rent,semi-furnished,2,1063,2,1,2,2,7,1,15100
Wanowrie,apartment,rent,semi-furnished,3,1240,3,13,6,3,4,0,60900
Wakad,plot,sale,fully-furnished,0,2975,1,29,5,0,1,1,11358700
Magarpatta,plot,sale,semi-furnished,0,2722,1,11,5,0,1,0,11163700
Pisoli,apartment,sale,fully-furnished,3,1278,3,22,2,0,6,0,7041900
Aundh,apartment,sale,semi-furnished,3,1236,3,16,6,0,12,1,10013400
Wanowrie,apartment,rent,semi-furnished,2,1114,2,15,2,15,16,0,36200
Hadapsar,villa,sale,fully-furnished,3,2039,3,16,0,4,4,0,17370700
Aundh,villa,rent,unfurnished,2,2693,2,10,0,1,8,1,426400
Aundh,studio,sale,fully-furnished,1,514,1,24,6,4,16,1,4641000
Wakad,apartment,sale,semi-furnished,3,1618,3,21,2,1,5,1,10954500
Koregaon Park,apartment,rent,fully-furnished,2,769,2,1,3,1,5,0,78100
Hinjewadi,plot,rent,fully-furnished,0,3398,1,28,2,0,1,1,97600
Baner,house,sale,semi-furnished,3,1588,3,15,7,3,19,1,16058600
Kharadi,apartment,rent,unfurnished,2,1170,2,30,4,4,13,1,40900
Magarpatta,apartment,sale,fully-furnished,2,792,2,8,5,3,8,0,7951800
Balewadi,studio,rent,unfurnished,1,572,1,4,3,0,2,0,20500
Wagholi,apartment,sale,fully-furnished,4,1496,4,6,2,10,13,0,14489700
Chinchwad,apartment,rent,unfurnished,3,1519,3,17,2,1,3,0,49100
Baner,apartment,sale,unfurnished,2,1175,2,1,5,6,14,1,11887800
Viman Nagar,apartment,sale,unfurnished,3,913,3,7,5,13,13,1,9287000
Undri,plot,sale,unfurnished,0,3792,1,29,3,0,1,0,12136600
Koregaon Park,apartment,rent,semi-furnished,2,904,2,7,5,11,14,0,50800
Viman Nagar,apartment,sale,fully-furnished,2,1058,2,21,3,4,10,1,10081400
Kothrud,villa,sale,semi-furnished,2,3633,2,20,4,8,10,1,44722900
Kharadi,apartment,rent,semi-furnished,2,1265,2,30,9,9,12,1,48100
Wakad,apartment,sale,semi-furnished,3,1896,3,14,6,1,2,1,17527400
Kondhwa,apartment,sale,semi-furnished,1,1006,1,15,4,15,17,0,4632700
Pimple Saudagar,apartment,sale,unfurnished,3,1582,3,3,5,2,15,0,11219000
Kothrud,house,sale,fully-furnished,2,1262,2,24,5,7,17,1,11701100
Hadapsar,apartment,rent,semi-furnished,3,1243,3,12,3,12,14,0,51100
Undri,apartment,sale,fully-furnished,2,1092,2,5,1,5,7,0,7577300
Pimple Saudagar,house,sale,fully-furnished,2,955,2,27,1,7,11,0,5577700
Pimpri,apartment,sale,semi-furnished,2,1137,2,2,3,4,8,0,6978900
Kharadi,apartment,rent,fully-furnished,4,1638,4,1,8,7,10,1,158900
Viman Nagar,apartment,rent,fully-furnished,3,1397,3,3,7,12,19,1,92600
Aundh,studio,sale,semi-furnished,1,430,1,3,4,5,14,1,5110700
Baner,apartment,sale,semi-furnished,2,1110,2,21,6,3,16,1,7916700
Kalyani Nagar,studio,sale,semi-furnished,1,501,1,25,8,2,5,0,4744500
Kothrud,apartment,sale,unfurnished,2,1106,2,15,5,4,8,1,9007900
Wagholi,studio,sale,fully-furnished,1,314,1,8,2,6,8,0,2165900
Wanowrie,commercial,rent,semi-furnished,0,1942,1,27,3,0,1,0,59100
Kalyani Nagar,plot,rent,fully-furnished,0,3930,1,4,7,0,1,0,252600
Boat Club Road,studio,sale,unfurnished,1,414,1,30,8,1,2,0,3859200
Hinjewadi,apartment,sale,fully-furnished,3,1269,3,2,3,3,6,1,14929000
Boat Club Road,apartment,sale,semi-furnished,2,833,2,23,7,2,6,0,10136600
Bavdhan,apartment,rent,semi-furnished,2,974,2,11,2,7,10,0,29700
Kothrud,plot,sale,fully-furnished,0,2054,1,15,2,0,1,1,12262700
Koregaon Park,villa,sale,semi-furnished,2,1838,2,23,8,9,11,0,28025000
Wakad,apartment,rent,unfurnished,2,883,2,10,4,0,10,1,32500
Viman Nagar,apartment,rent,unfurnished,5,1953,5,25,6,1,17,1,263500
Pimpri,apartment,sale,unfurnished,2,820,2,13,2,2,13,0,4495500
Baner,apartment,rent,fully-furnished,1,728,1,28,0,10,12,1,36300
Pimple Saudagar,villa,sale,unfurnished,2,2145,2,15,1,6,9,0,14715400
Pimple Saudagar,apartment,sale,semi-furnished,3,1551,3,6,3,2,14,0,13186200
Undri,apartment,rent,semi-furnished,4,1746,4,0,5,12,14,0,89000
Pashan,apartment,sale,fully-furnished,2,669,2,18,3,1,6,0,5887600
Aundh,commercial,rent,semi-furnished,0,4982,1,13,2,0,1,1,679000
Hinjewadi,commercial,rent,unfurnished,0,482,1,6,2,0,1,1,37200
Wanowrie,villa,sale,fully-furnished,2,1865,2,20,3,8,13,0,10224000
Koregaon Park,apartment,sale,unfurnished,4,1682,4,7,4,2,9,0,20992100
Pimple Saudagar,apartment,sale,unfurnished,2,981,2,12,2,8,16,0,6770400
Wakad,apartment,rent,semi-furnished,1,572,1,5,5,7,11,1,19000
Balewadi,studio,rent,semi-furnished,1,614,1,12,4,1,11,0,20300
Kothrud,plot,sale,unfurnished,0,1475,1,28,4,0,1,1,5210400
Pashan,apartment,rent,semi-furnished,3,1187,3,5,3,5,8,0,65100
Balewadi,apartment,sale,unfurnished,1,665,1,15,6,7,12,0,4894900
Bavdhan,plot,rent,fully-furnished,0,1663,1,8,1,0,1,0,57400
Hinjewadi,villa,sale,semi-furnished,2,1679,2,19,5,1,13,1,13233700
Wakad,apartment,rent,semi-furnished,1,879,1,6,8,8,15,1,26700
Hinjewadi,apartment,sale,semi-furnished,3,1146,3,19,3,10,11,1,8778700
Camp,house,rent,fully-furnished,3,1325,3,12,6,0,12,0,92200
Viman Nagar,studio,sale,semi-furnished,1,595,1,17,6,11,15,1,5913600
Baner,apartment,sale,unfurnished,1,575,1,26,3,4,11,1,3637100
Hinjewadi,commercial,sale,unfurnished,0,2347,1,10,0,0,1,1,12626500
Pimple Saudagar,plot,sale,unfurnished,0,3905,1,26,0,0,1,0,9516600
Wagholi,apartment,rent,fully-furnished,2,832,2,7,2,1,9,0,29200
Pimpri,apartment,sale,unfurnished,2,917,2,22,3,3,4,0,4755200
Viman Nagar,apartment,sale,semi-furnished,3,1050,3,21,7,0,2,1,11128300
Kothrud,studio,rent,semi-furnished,1,419,1,18,5,10,13,1,26700
Baner,apartment,sale,semi-furnished,4,1430,4,19,6,4,7,1,13488700
Wagholi,studio,sale,fully-furnished,1,359,1,18,2,7,11,0,1889400
Baner,plot,sale,unfurnished,0,2195,1,26,4,0,1,1,12920100
Hadapsar,apartment,sale,fully-furnished,3,1505,3,10,0,6,8,0,11833500
Baner,apartment,rent,fully-furnished,2,874,2,12,3,2,4,1,40600
Balewadi,house,sale,unfurnished,2,931,2,19,4,10,12,0,8131100
Baner,apartment,sale,fully-furnished,1,544,1,21,5,4,10,1,5851500
Aundh,villa,rent,fully-furnished,2,2006,2,23,5,1,7,1,442400
Kalyani Nagar,apartment,rent,semi-furnished,3,1124,3,15,4,7,14,0,89800
Pimple Saudagar,plot,sale,fully-furnished,0,721,1,14,2,0,1,0,3815800
Kothrud,apartment,sale,unfurnished,3,1586,3,26,3,5,8,1,12744200
Viman Nagar,apartment,rent,fully-furnished,2,904,2,3,10,3,4,1,44800
Kharadi,studio,rent,unfurnished,1,500,1,0,6,2,12,1,29700
Kothrud,studio,sale,unfurnished,1,300,1,25,7,1,2,1,2019900
Baner,commercial,sale,semi-furnished,0,4386,1,31,6,0,1,1,51604600
Wakad,apartment,sale,fully-furnished,1,753,1,21,5,8,9,1,6258700
Kothrud,plot,rent,semi-furnished,0,4938,1,12,5,0,1,1,189100
Kalyani Nagar,villa,sale,semi-furnished,2,3218,2,12,6,3,8,0,45420100
Hinjewadi,studio,sale,semi-furnished,1,532,1,23,3,0,5,1,2467100
Chinchwad,apartment,sale,fully-furnished,5,1834,5,2,3,5,16,0,19202000
Viman Nagar,villa,sale,unfurnished,2,2777,2,4,6,0,12,1,39242200
Koregaon Park,villa,rent,fully-furnished,2,3330,2,17,8,1,4,0,1490600
Pimple Saudagar,apartment,sale,semi-furnished,4,1889,4,20,6,0,5,0,13972600
Kothrud,villa,sale,semi-furnished,1,4014,1,20,2,7,8,1,39433000
Baner,plot,rent,semi-furnished,0,4585,1,23,6,0,1,1,155000
Camp,villa,sale,semi-furnished,2,3062,2,28,7,5,12,0,32973600
Viman Nagar,apartment,rent,unfurnished,2,846,2,3,4,3,11,1,39800
Wanowrie,apartment,sale,semi-furnished,4,1714,4,7,4,15,16,0,20101200
Kothrud,apartment,sale,fully-furnished,1,768,1,26,3,11,14,1,5611600
Pisoli,house,rent,semi-furnished,2,1029,2,8,6,11,13,0,23000
Hadapsar,commercial,sale,semi-furnished,0,3526,1,11,1,0,1,0,16736400
Hinjewadi,apartment,rent,semi-furnished,3,1333,3,22,0,12,13,1,66000
Kalyani Nagar,commercial,rent,unfurnished,0,3991,1,30,7,0,1,0,495300
Magarpatta,apartment,rent,fully-furnished,3,1230,3,16,7,5,5,0,67600
Viman Nagar,house,rent,unfurnished,3,1157,3,2,2,4,10,1,78300
Kothrud,apartment,sale,semi-furnished,2,671,2,20,4,5,13,1,5611600
Pimpri,villa,sale,semi-furnished,3,3432,3,16,5,3,21,0,23256000
Wakad,apartment,sale,unfurnished,5,2078,5,16,4,3,3,1,19816500
Pimple Saudagar,plot,rent,unfurnished,0,739,1,30,1,0,1,0,25900
Undri,apartment,sale,fully-furnished,2,1223,2,29,0,5,13,0,6867200
Kothrud,commercial,sale,semi-furnished,0,3812,1,7,3,0,1,1,19442800
Pimpri,commercial,rent,unfurnished,0,2829,1,13,2,0,1,0,38300
Hadapsar,commercial,sale,semi-furnished,0,3495,1,30,2,0,1,0,14514500
Koregaon Park,apartment,sale,semi-furnished,4,1519,4,22,6,9,10,0,20025200
Pimpri,apartment,sale,unfurnished,2,1083,2,22,2,8,14,0,4575500
Baner,apartment,rent,semi-furnished,3,1474,3,11,10,6,8,1,102200
Kharadi,commercial,sale,unfurnished,0,394,1,13,2,0,1,1,3846700
Wakad,apartment,rent,unfurnished,2,1182,2,2,3,2,9,1,43900
Hadapsar,apartment,sale,semi-furnished,1,557,1,12,9,14,18,0,3649200
Wagholi,apartment,rent,semi-furnished,3,1430,3,21,3,3,7,0,46500
Kharadi,apartment,sale,unfurnished,1,519,1,15,2,5,5,1,3980300
Koregaon Park,apartment,rent,unfurnished,2,1004,2,7,8,9,15,0,65700
Pimple Saudagar,plot,sale,unfurnished,0,1070,1,3,4,0,1,0,6275300
Kalyani Nagar,house,rent,semi-furnished,1,1017,1,31,3,5,13,0,37500
Kothrud,apartment,sale,semi-furnished,2,886,2,6,6,1,9,1,8945500
Hadapsar,apartment,rent,semi-furnished,3,1572,3,11,3,3,9,0,57400
Shivajinagar,apartment,sale,unfurnished,5,2170,5,17,4,2,13,1,23309000
Hadapsar,commercial,sale,semi-furnished,0,3773,1,28,5,0,1,0,24664200
Wagholi,apartment,sale,unfurnished,4,1853,4,18,0,3,5,0,10604100
Wakad,apartment,rent,fully-furnished,2,1029,2,7,6,1,2,1,43700
Kothrud,house,rent,semi-furnished,4,1391,4,30,4,6,13,1,119100
Kharadi,studio,sale,semi-furnished,1,606,1,22,5,5,12,1,3887900
Viman Nagar,plot,sale,fully-furnished,0,1885,1,22,4,0,1,1,11555900
Baner,apartment,rent,semi-furnished,5,2017,5,3,6,2,12,1,258200
Baner,villa,sale,fully-furnished,3,2548,3,21,4,5,6,1,26667400
Kharadi,apartment,rent,fully-furnished,2,946,2,6,7,2,4,1,52500
Koregaon Park,apartment,sale,fully-furnished,2,1089,2,30,4,3,9,0,12353500
Pimple Saudagar,apartment,rent,fully-furnished,2,1114,2,23,4,4,8,0,50000
Magarpatta,apartment,sale,semi-furnished,2,955,2,0,6,1,15,0,9520400
Koregaon Park,house,sale,unfurnished,2,875,2,13,7,3,9,0,13044300
Magarpatta,plot,sale,fully-furnished,0,3373,1,23,7,0,1,0,28504200
Bavdhan,villa,sale,semi-furnished,4,2913,4,9,3,4,11,0,22701600
Pimple Saudagar,plot,rent,semi-furnished,0,4584,1,12,3,0,1,0,98600
Undri,commercial,rent,fully-furnished,0,1769,1,19,2,0,1,0,195500
Pimpri,plot,sale,unfurnished,0,1180,1,11,0,0,1,0,4073400
Kalyani Nagar,apartment,rent,unfurnished,2,1144,2,16,7,7,16,0,58300
Pimpri,studio,sale,unfurnished,1,520,1,8,0,8,10,0,2796100
Koregaon Park,studio,sale,semi-furnished,1,345,1,3,5,0,11,0,5483900
Viman Nagar,apartment,rent,unfurnished,3,1679,3,14,5,1,3,1,98700
Hinjewadi,villa,sale,fully-furnished,2,2779,2,24,0,4,7,1,21834800
Hadapsar,commercial,rent,fully-furnished,0,4908,1,13,3,0,1,0,260700
Baner,commercial,rent,semi-furnished,0,5212,1,23,6,0,1,1,713400
Kondhwa,apartment,sale,unfurnished,2,1142,2,23,4,5,10,0,5516500
Kalyani Nagar,apartment,rent,semi-furnished,3,1386,3,10,5,1,5,0,119900
Undri,apartment,sale,unfurnished,2,1077,2,0,3,13,14,0,6615300
Wakad,commercial,sale,semi-furnished,0,1250,1,16,1,0,1,1,8827400
Pimpri,apartment,rent,fully-furnished,2,1281,2,4,4,0,2,0,33700
Kalyani Nagar,commercial,sale,semi-furnished,0,1373,1,22,6,0,1,0,13565400
Aundh,plot,sale,semi-furnished,0,3188,1,19,5,0,1,1,21105000
Koregaon Park,apartment,rent,semi-furnished,2,830,2,1,6,9,9,0,44700
Kondhwa,apartment,rent,semi-furnished,2,955,2,27,3,5,14,0,21900
Wagholi,apartment,rent,fully-furnished,3,1167,3,15,2,0,14,0,50100
Hinjewadi,apartment,sale,semi-furnished,3,1092,3,24,3,1,12,1,7634600
Hinjewadi,house,sale,unfurnished,3,1278,3,21,3,10,11,1,8354600
Boat Club Road,plot,sale,unfurnished,0,3393,1,13,4,0,1,0,23660400
Baner,house,rent,semi-furnished,2,911,2,17,7,0,4,1,56900
Baner,apartment,rent,unfurnished,2,1175,2,17,6,16,16,1,43300
Pashan,studio,sale,fully-furnished,1,422,1,21,5,9,10,0,4079400
Pisoli,apartment,rent,fully-furnished,3,1436,3,19,4,1,6,0,51600
Wakad,apartment,rent,unfurnished,4,1595,4,2,4,7,19,1,101300
Kothrud,apartment,sale,fully-furnished,2,1005,2,12,6,9,9,1,12180200
Viman Nagar,apartment,rent,unfurnished,2,1028,2,30,4,0,12,1,41500
Baner,apartment,rent,semi-furnished,2,1349,2,7,5,1,3,1,50300
Wakad,commercial,sale,unfurnished,0,2048,1,21,3,0,1,1,16144000
Koregaon Park,villa,rent,unfurnished,2,2487,2,11,9,13,13,0,749900
Koregaon Park,apartment,sale,unfurnished,1,700,1,4,6,1,11,0,7862400
Aundh,apartment,sale,semi-furnished,1,865,1,31,6,13,14,1,5501000
Wagholi,commercial,sale,unfurnished,0,284,1,19,3,0,1,0,1500000
Kothrud,house,rent,unfurnished,4,1473,4,11,6,2,6,1,136500
Magarpatta,commercial,sale,semi-furnished,0,364,1,21,5,0,1,0,2219600
Hadapsar,villa,sale,unfurnished,4,3076,4,5,1,8,10,0,20263400
Aundh,apartment,sale,semi-furnished,1,852,1,7,4,3,9,1,8560300
Hinjewadi,apartment,sale,fully-furnished,2,924,2,24,3,3,5,1,5932000
Bavdhan,apartment,rent,semi-furnished,3,1191,3,28,4,2,11,0,62000
Aundh,house,sale,semi-furnished,2,936,2,5,5,9,9,1,10425300
Pimple Saudagar,apartment,sale,semi-furnished,4,1322,4,20,2,2,7,0,7389700
Baner,villa,sale,unfurnished,4,1904,4,25,7,6,15,1,16278300
Baner,apartment,sale,unfurnished,3,1227,3,17,7,5,8,1,12399400
Hinjewadi,apartment,sale,semi-furnished,3,1194,3,3,4,10,11,1,10982700
Viman Nagar,house,sale,semi-furnished,3,1323,3,12,10,3,9,1,18780500
Kharadi,villa,rent,semi-furnished,2,3104,2,2,4,8,9,1,558400
Pimpri,commercial,sale,unfurnished,0,4179,1,14,0,0,1,0,13701800
Wakad,plot,rent,unfurnished,0,4045,1,17,5,0,1,1,80500
Kondhwa,apartment,sale,fully-furnished,2,1250,2,22,3,3,11,0,7866400
Viman Nagar,commercial,sale,semi-furnished,0,5832,1,1,6,0,1,1,125831600
Pashan,villa,sale,unfurnished,2,2287,2,26,6,6,6,0,17695400
Hinjewadi,apartment,rent,fully-furnished,3,1180,3,20,2,1,6,1,67600
Balewadi,apartment,sale,semi-furnished,1,584,1,31,4,3,5,0,4199200
Wanowrie,apartment,sale,semi-furnished,2,1129,2,27,2,1,10,0,5900700
Viman Nagar,apartment,sale,fully-furnished,3,1075,3,3,3,11,16,1,16489300
Kharadi,villa,sale,unfurnished,2,2512,2,19,6,1,2,1,25357600
Bavdhan,apartment,sale,unfurnished,2,995,2,24,3,8,10,0,4665600
Magarpatta,apartment,rent,fully-furnished,3,1405,3,13,2,4,19,0,88600
Pimple Saudagar,studio,rent,fully-furnished,1,663,1,12,3,0,7,0,19500
Chinchwad,villa,sale,fully-furnished,4,1284,4,15,2,1,7,0,8501400
Kondhwa,studio,sale,unfurnished,1,672,1,21,4,8,9,0,3058900
Pashan,commercial,rent,semi-furnished,0,3533,1,29,3,0,1,0,252100
Undri,apartment,sale,unfurnished,4,1901,4,25,5,1,3,0,8562200
Magarpatta,apartment,sale,semi-furnished,2,1050,2,21,3,3,10,0,7114300
Pimpri,commercial,sale,semi-furnished,0,4604,1,25,0,0,1,0,33457600
Baner,apartment,rent,semi-furnished,4,1639,4,29,2,1,8,1,139300
Pimpri,apartment,rent,unfurnished,2,1040,2,15,3,3,15,0,26300
Magarpatta,apartment,sale,fully-furnished,2,978,2,23,7,3,5,0,9242000
Pimpri,house,sale,semi-furnished,4,1453,4,19,2,11,14,0,10503300
Aundh,apartment,sale,fully-furnished,3,1621,3,11,4,1,2,1,18082200
Chinchwad,studio,sale,fully-furnished,1,457,1,16,1,2,15,0,2335200
Wagholi,apartment,sale,semi-furnished,3,1176,3,29,3,9,16,0,4964900
Undri,apartment,rent,unfurnished,3,1264,3,18,6,4,6,0,49900
Kalyani Nagar,plot,sale,semi-furnished,0,2808,1,12,9,0,1,0,18223700
Boat Club Road,apartment,sale,semi-furnished,3,1175,3,17,9,3,8,0,16267400
Aundh,commercial,sale,fully-furnished,0,913,1,1,2,0,1,1,11185500
Boat Club Road,apartment,sale,semi-furnished,3,1509,3,23,6,2,2,0,19322700
Wakad,apartment,rent,semi-furnished,4,1831,4,18,1,1,4,1,142900
Kalyani Nagar,apartment,rent,fully-furnished,2,881,2,26,6,4,11,0,66000
Baner,apartment,sale,unfurnished,2,857,2,18,3,1,11,1,6462700
Bavdhan,apartment,sale,unfurnished,1,819,1,27,1,20,20,0,3781600
Baner,house,rent,unfurnished,2,763,2,31,3,4,12,1,40300
Kothrud,villa,rent,semi-furnished,4,3440,4,27,4,2,14,1,954300
Undri,apartment,rent,semi-furnished,3,1665,3,4,0,9,9,0,41700
Baner,villa,sale,unfurnished,2,3555,2,24,5,0,4,1,33353900
Viman Nagar,apartment,rent,semi-furnished,3,1207,3,1,1,1,2,1,68800
Kothrud,villa,sale,fully-furnished,1,3755,1,4,1,7,7,1,56916000
Baner,villa,rent,semi-furnished,4,2307,4,31,2,3,10,1,664400
Viman Nagar,house,rent,semi-furnished,1,706,1,27,6,6,12,1,28100
Hinjewadi,villa,rent,semi-furnished,2,3403,2,1,0,4,6,1,407700
Baner,apartment,rent,semi-furnished,2,888,2,5,3,2,5,1,40700
Baner,house,rent,fully-furnished,2,867,2,14,5,2,2,1,50000
Koregaon Park,studio,rent,unfurnished,1,526,1,13,7,7,15,0,24000
Baner,apartment,rent,fully-furnished,2,995,2,16,6,6,11,1,42900
Bavdhan,house,rent,semi-furnished,3,1362,3,30,2,2,19,0,54700
Pimple Saudagar,apartment,rent,semi-furnished,5,1974,5,10,2,6,10,0,184000
Chinchwad,apartment,sale,unfurnished,4,1549,4,7,3,8,12,0,9948400
Magarpatta,plot,sale,fully-furnished,0,1501,1,31,7,0,1,0,9148700
Hadapsar,villa,rent,semi-furnished,2,2483,2,31,1,10,10,0,375300
Viman Nagar,apartment,sale,semi-furnished,4,1384,4,8,6,3,13,1,15470400
Pisoli,house,sale,fully-furnished,1,807,1,29,2,4,7,0,3971200
Pimpri,apartment,sale,semi-furnished,5,1773,5,19,2,2,9,0,11521000
Pisoli,villa,sale,semi-furnished,2,4140,2,27,3,1,4,0,22840400
Viman Nagar,apartment,sale,unfurnished,3,1369,3,19,7,0,12,1,15200300
Pimple Saudagar,apartment,sale,fully-furnished,3,1387,3,0,1,2,8,0,14341800
Kalyani Nagar,apartment,sale,semi-furnished,3,1437,3,15,7,2,8,0,14934800
Wakad,apartment,rent,unfurnished,2,1161,2,10,7,2,9,1,43600
Kalyani Nagar,commercial,sale,fully-furnished,0,3662,1,11,5,0,1,0,89468200
Kothrud,studio,sale,unfurnished,1,335,1,14,5,5,11,1,1930500
Hinjewadi,apartment,rent,semi-furnished,3,1640,3,12,4,10,12,1,81700
Kharadi,apartment,sale,fully-furnished,5,1827,5,5,5,10,14,1,22914300
Koregaon Park,house,rent,unfurnished,3,1514,3,3,0,1,3,0,98700
Koregaon Park,apartment,sale,unfurnished,3,1158,3,28,6,8,9,0,13237700
Wanowrie,house,sale,fully-furnished,1,681,1,9,4,0,6,0,4363900
Baner,house,sale,fully-furnished,3,1262,3,7,6,0,6,1,16271600
Hinjewadi,apartment,rent,fully-furnished,3,1377,3,4,6,3,14,1,70700
Pashan,house,rent,unfurnished,3,1341,3,17,2,6,10,0,54200
Kothrud,studio,rent,semi-furnished,1,532,1,27,5,4,4,1,27100
Camp,studio,rent,unfurnished,1,587,1,28,3,3,14,0,23900
Wakad,apartment,sale,fully-furnished,1,579,1,5,5,10,15,1,6080200
Kharadi,apartment,rent,fully-furnished,2,1088,2,16,5,1,3,1,50200
Aundh,villa,rent,unfurnished,4,3146,4,3,6,1,12,1,521800
Chinchwad,apartment,rent,unfurnished,2,890,2,1,3,3,6,0,27000
Viman Nagar,apartment,rent,unfurnished,1,740,1,17,9,1,11,1,21900
Aundh,apartment,rent,semi-furnished,2,674,2,17,5,8,12,1,40600
Hinjewadi,plot,sale,fully-furnished,0,3310,1,5,7,0,1,1,16790200
Pashan,apartment,rent,fully-furnished,1,796,1,7,4,3,5,0,25800
Bavdhan,studio,rent,semi-furnished,1,590,1,4,4,6,6,0,22700
Wagholi,apartment,sale,semi-furnished,5,1792,5,3,1,13,14,0,14148200
Balewadi,apartment,sale,semi-furnished,5,1862,5,31,8,3,11,0,16399400
Koregaon Park,studio,rent,fully-furnished,1,480,1,21,5,0,9,0,42500
Koregaon Park,studio,sale,semi-furnished,1,402,1,9,8,4,12,0,6265200
Wakad,apartment,sale,fully-furnished,1,746,1,0,3,17,20,1,9543700
Kharadi,villa,rent,unfurnished,2,2587,2,4,6,7,8,1,552200
Aundh,house,rent,fully-furnished,2,540,2,30,6,13,16,1,45300
Pashan,apartment,rent,semi-furnished,2,1277,2,30,1,2,2,0,48700
Shivajinagar,apartment,rent,fully-furnished,3,1194,3,4,7,2,7,1,105600
Kharadi,house,sale,unfurnished,2,1389,2,21,6,1,13,1,8477200
Wakad,apartment,sale,unfurnished,1,576,1,25,2,2,3,1,3066800
Baner,apartment,rent,semi-furnished,4,1791,4,3,4,1,7,1,167900
Bavdhan,apartment,rent,semi-furnished,2,1085,2,19,3,0,13,0,31700
Wakad,apartment,rent,unfurnished,2,1105,2,20,5,2,2,1,29300
Wanowrie,commercial,sale,semi-furnished,0,4356,1,25,0,0,1,0,31563900
Kharadi,apartment,sale,semi-furnished,5,1735,5,8,1,8,8,1,19235700
Undri,plot,rent,semi-furnished,0,4680,1,26,2,0,1,0,91600
Kothrud,villa,sale,fully-furnished,1,2325,1,19,4,0,4,1,20070200
Kharadi,villa,rent,semi-furnished,2,1655,2,25,3,3,5,1,451900
Undri,apartment,rent,unfurnished,3,1220,3,27,0,11,15,0,39400
Baner,apartment,rent,semi-furnished,4,1726,4,29,4,1,4,1,138700
Kothrud,studio,sale,semi-furnished,1,300,1,24,3,13,17,1,3320800
Chinchwad,villa,sale,fully-furnished,1,2385,1,13,1,3,5,0,12611700
Pimple Saudagar,house,rent,fully-furnished,1,744,1,5,4,7,14,0,20600
Wakad,apartment,sale,fully-furnished,4,1863,4,6,5,6,11,1,20313700
Wagholi,apartment,rent,fully-furnished,3,1600,3,3,3,4,8,0,58600
Magarpatta,apartment,rent,fully-furnished,4,1553,4,5,5,9,14,0,139900
Kalyani Nagar,apartment,rent,semi-furnished,2,991,2,29,7,6,11,0,60100
Pimpri,plot,sale,semi-furnished,0,2371,1,30,1,0,1,0,9249700
Kalyani Nagar,house,sale,fully-furnished,4,1431,4,28,8,1,3,0,18763000
Bavdhan,villa,sale,unfurnished,5,2257,5,10,7,6,9,0,19052200
Pimple Saudagar,plot,rent,fully-furnished,0,3982,1,16,3,0,1,0,145600
Hadapsar,apartment,rent,fully-furnished,4,1696,4,23,3,10,16,0,107700
Hadapsar,commercial,rent,unfurnished,0,5954,1,17,3,0,1,0,300800
Viman Nagar,apartment,sale,fully-furnished,2,912,2,30,5,4,6,1,8027900
Wanowrie,apartment,sale,unfurnished,3,1117,3,13,2,1,9,0,8135400
Kharadi,apartment,rent,unfurnished,2,1260,2,23,6,2,5,1,39800
Kharadi,villa,sale,unfurnished,3,1418,3,6,3,5,10,1,13016000
Hinjewadi,commercial,sale,semi-furnished,0,1050,1,17,2,0,1,1,7925000
Aundh,plot,rent,semi-furnished,0,3367,1,31,4,0,1,1,103300
Kondhwa,apartment,rent,unfurnished,2,1099,2,4,1,1,2,0,30300
Wakad,studio,sale,unfurnished,1,507,1,7,5,3,7,1,3704500
Kondhwa,apartment,sale,unfurnished,2,972,2,18,2,9,12,0,4745800
Baner,apartment,sale,semi-furnished,2,883,2,26,4,10,13,1,7843400
Kharadi,apartment,sale,semi-furnished,1,712,1,24,5,8,10,1,3926200
Pimpri,villa,sale,semi-furnished,2,3154,2,24,3,9,17,0,22209400
Balewadi,apartment,sale,semi-furnished,1,551,1,1,4,12,18,0,4702800
Viman Nagar,villa,rent,semi-furnished,1,1819,1,30,9,12,18,1,501100
Magarpatta,apartment,sale,semi-furnished,1,625,1,23,6,7,10,0,3964900
Hinjewadi,apartment,sale,unfurnished,2,1230,2,2,0,0,15,1,8509300
Wanowrie,villa,sale,semi-furnished,1,4070,1,4,2,7,8,0,39607600
Shivajinagar,villa,sale,semi-furnished,1,2665,1,1,8,0,2,1,45150700
Wanowrie,house,rent,semi-furnished,4,1880,4,13,3,3,7,0,110600
Camp,apartment,sale,unfurnished,3,1414,3,8,2,7,7,0,14554400
Viman Nagar,commercial,rent,fully-furnished,0,4703,1,18,5,0,1,1,535500
Wakad,apartment,sale,unfurnished,2,1328,2,13,6,0,10,1,10863200
Hinjewadi,plot,rent,fully-furnished,0,1055,1,17,5,0,1,1,52200
Pisoli,plot,sale,unfurnished,0,4693,1,15,3,0,1,0,10878700
Baner,apartment,sale,semi-furnished,3,1395,3,22,0,5,11,1,9511500
Hadapsar,studio,rent,semi-furnished,1,369,1,4,3,1,8,0,16700
Aundh,plot,rent,fully-furnished,0,4455,1,8,3,0,1,1,194800
Wakad,apartment,sale,fully-furnished,3,1026,3,22,2,11,13,1,10426700
Baner,villa,rent,unfurnished,1,2554,1,7,6,0,7,1,519300
Wagholi,house,sale,semi-furnished,2,763,2,18,3,0,9,0,3783700
Camp,house,rent,fully-furnished,2,867,2,21,5,12,18,0,43700
Kothrud,commercial,sale,unfurnished,0,4606,1,22,5,0,1,1,47938300
Koregaon Park,house,sale,fully-furnished,2,729,2,6,9,7,7,0,12702100
Wagholi,commercial,rent,semi-furnished,0,418,1,2,0,0,1,0,51200
Kharadi,apartment,sale,unfurnished,3,1220,3,6,0,6,8,1,10182200
Viman Nagar,apartment,rent,fully-furnished,2,874,2,24,10,8,8,1,58900
Magarpatta,apartment,sale,fully-furnished,1,476,1,12,5,1,11,0,4253100
Kalyani Nagar,apartment,sale,fully-furnished,2,788,2,10,5,4,9,0,11019400
Pimple Saudagar,apartment,rent,unfurnished,4,1898,4,25,5,3,7,0,103200
Aundh,apartment,sale,semi-furnished,2,1106,2,14,0,2,10,1,8244800
Hinjewadi,apartment,sale,fully-furnished,3,1322,3,26,4,5,10,1,10470400
Baner,apartment,rent,semi-furnished,3,1583,3,20,4,5,10,1,98900
Magarpatta,apartment,rent,fully-furnished,4,1692,4,12,8,3,4,0,156200
Wagholi,villa,sale,semi-furnished,3,2378,3,0,3,2,6,0,19868700
Wagholi,apartment,rent,semi-furnished,3,1008,3,10,2,2,2,0,36500
Pimpri,villa,sale,fully-furnished,4,2996,4,12,5,0,7,0,24210400
Pimpri,apartment,rent,semi-furnished,3,1309,3,12,0,8,11,0,42400
Balewadi,apartment,sale,fully-furnished,3,1313,3,3,5,0,5,0,14427700
Koregaon Park,apartment,sale,fully-furnished,2,1109,2,11,8,5,11,0,18218000
Wagholi,apartment,sale,fully-furnished,2,1187,2,24,0,0,3,0,4529500
Hinjewadi,apartment,rent,fully-furnished,3,1496,3,21,4,4,11,1,64900
Aundh,apartment,rent,semi-furnished,3,1071,3,23,5,2,10,1,52200
Hinjewadi,villa,sale,semi-furnished,2,3199,2,4,3,13,18,1,35839200
Koregaon Park,studio,rent,semi-furnished,1,480,1,3,7,2,18,0,30300
Viman Nagar,apartment,rent,semi-furnished,2,1305,2,29,7,8,10,1,62900
Kondhwa,villa,rent,semi-furnished,2,2921,2,1,3,11,11,0,256000
Camp,commercial,sale,fully-furnished,0,4853,1,4,3,0,1,0,55791800
Wakad,villa,sale,unfurnished,2,1630,2,19,6,4,13,1,9341500
Koregaon Park,apartment,sale,semi-furnished,4,1464,4,8,5,9,14,0,24512600
Magarpatta,house,rent,semi-furnished,2,1072,2,2,5,0,7,0,35500
Boat Club Road,studio,rent,semi-furnished,1,371,1,28,6,11,15,0,22900
Baner,apartment,sale,semi-furnished,1,639,1,10,4,1,16,1,4027000
Pashan,apartment,rent,semi-furnished,1,753,1,8,3,4,14,0,14300
Hadapsar,apartment,sale,unfurnished,2,854,2,16,2,7,10,0,4821900
Aundh,villa,rent,unfurnished,3,3394,3,9,3,8,11,1,728300
Baner,villa,sale,unfurnished,2,3038,2,18,6,2,10,1,31898500
Pimpri,apartment,sale,unfurnished,3,1081,3,27,2,9,16,0,4692200
Shivajinagar,apartment,rent,unfurnished,2,924,2,31,6,1,6,1,43800
Boat Club Road,apartment,rent,fully-furnished,3,1041,3,8,8,1,4,0,144200
Magarpatta,apartment,rent,fully-furnished,1,383,1,27,2,4,6,0,17500
Viman Nagar,apartment,rent,fully-furnished,3,1252,3,7,3,6,12,1,118800
Hinjewadi,plot,sale,semi-furnished,0,4679,1,3,4,0,1,1,34844200
Baner,apartment,rent,semi-furnished,2,1146,2,22,5,5,15,1,60400
Kharadi,villa,rent,fully-furnished,2,2243,2,14,7,5,5,1,677600
Kharadi,apartment,rent,semi-furnished,2,996,2,23,5,4,8,1,35800
Baner,apartment,rent,unfurnished,3,1212,3,8,7,5,5,1,86300
Baner,apartment,rent,semi-furnished,2,1027,2,9,8,17,21,1,45300
Undri,plot,rent,fully-furnished,0,2846,1,30,7,0,1,0,70600
Magarpatta,apartment,rent,semi-furnished,2,967,2,10,6,1,3,0,49100
Balewadi,house,rent,fully-furnished,2,1313,2,29,5,0,9,0,73000
Hinjewadi,villa,rent,semi-furnished,2,2700,2,12,5,5,7,1,369000
Kothrud,apartment,rent,unfurnished,2,1017,2,12,4,1,5,1,37900
Wakad,apartment,rent,unfurnished,3,1605,3,4,6,1,9,1,87100
Kothrud,commercial,sale,fully-furnished,0,700,1,20,1,0,1,1,4200800
Koregaon Park,plot,sale,semi-furnished,0,4582,1,22,5,0,1,0,40018600
Kalyani Nagar,apartment,rent,semi-furnished,2,1151,2,10,9,3,9,0,70000
Wakad,apartment,sale,unfurnished,4,1463,4,6,5,5,5,1,14659400
Wagholi,villa,sale,semi-furnished,3,3456,3,2,6,1,12,0,25844400
Koregaon Park,apartment,sale,unfurnished,3,1354,3,22,6,0,9,0,12142800
Kothrud,studio,sale,fully-furnished,1,433,1,19,4,8,12,1,4352500
Hadapsar,commercial,sale,semi-furnished,0,1015,1,28,6,0,1,0,7131300
Chinchwad,apartment,rent,semi-furnished,3,1519,3,14,2,15,18,0,46200
Koregaon Park,apartment,rent,unfurnished,2,1123,2,2,8,0,2,0,63300
Baner,apartment,rent,semi-furnished,2,761,2,24,4,2,2,1,43500
Viman Nagar,apartment,sale,fully-furnished,2,1266,2,4,7,7,9,1,19640900
Hinjewadi,apartment,sale,semi-furnished,2,1092,2,11,4,18,18,1,8572800
Wagholi,studio,rent,fully-furnished,1,480,1,2,4,7,10,0,13800
Pimpri,apartment,sale,fully-furnished,1,777,1,7,4,8,10,0,5350300
Viman Nagar,apartment,rent,semi-furnished,3,1152,3,31,5,5,6,1,92100
Bavdhan,studio,sale,fully-furnished,1,337,1,11,2,4,13,0,3195200
Pashan,commercial,sale,fully-furnished,0,5481,1,30,4,0,1,0,46576900
Kothrud,commercial,sale,unfurnished,0,2313,1,11,2,0,1,1,30761500
Koregaon Park,apartment,rent,semi-furnished,4,1617,4,8,6,3,11,0,202000
Kalyani Nagar,plot,rent,fully-furnished,0,760,1,9,6,0,1,0,56600
Hinjewadi,villa,sale,unfurnished,1,3501,1,24,0,7,10,1,23443600
Undri,apartment,rent,semi-furnished,2,1236,2,9,4,1,8,0,25600
Kondhwa,house,sale,semi-furnished,1,464,1,15,3,3,8,0,2279400
Koregaon Park,house,sale,semi-furnished,1,841,1,23,5,7,9,0,9291700
Koregaon Park,apartment,rent,fully-furnished,3,1321,3,13,10,2,14,0,149600
Boat Club Road,apartment,rent,semi-furnished,2,616,2,13,6,2,9,0,58500
Hadapsar,studio,rent,unfurnished,1,402,1,30,2,3,10,0,12500
Aundh,apartment,rent,semi-furnished,4,1603,4,10,9,9,13,1,155400
Viman Nagar,studio,sale,fully-furnished,1,305,1,27,7,0,2,1,2889900
Koregaon Park,studio,rent,fully-furnished,1,442,1,25,8,5,6,0,39800
Magarpatta,apartment,rent,fully-furnished,2,1018,2,24,0,10,14,0,39200
Viman Nagar,house,sale,unfurnished,5,1867,5,15,5,0,12,1,22459800
Baner,plot,sale,semi-furnished,0,3475,1,6,5,0,1,1,28403700
Kondhwa,apartment,sale,fully-furnished,1,1071,1,14,3,2,2,0,7946600
Balewadi,apartment,sale,fully-furnished,2,948,2,6,4,4,4,0,9608800
Balewadi,apartment,rent,unfurnished,3,1205,3,3,4,5,15,0,70500
Kharadi,studio,rent,unfurnished,1,684,1,17,5,9,18,1,33100
Shivajinagar,studio,rent,unfurnished,1,473,1,28,6,0,5,1,30100
Baner,apartment,sale,fully-furnished,4,1602,4,26,5,15,15,1,20586300
Hadapsar,house,rent,semi-furnished,2,828,2,7,8,1,3,0,25300
Hinjewadi,apartment,sale,unfurnished,2,819,2,6,5,12,15,1,7189600
Koregaon Park,apartment,rent,semi-furnished,2,844,2,10,5,10,14,0,56700
Aundh,studio,rent,fully-furnished,1,318,1,23,4,5,6,1,13100
Magarpatta,apartment,rent,semi-furnished,2,809,2,1,7,3,9,0,35600
Aundh,house,sale,semi-furnished,3,1466,3,30,5,0,14,1,10921900
Kondhwa,apartment,sale,semi-furnished,3,1118,3,25,2,5,13,0,5703300
Wagholi,apartment,sale,semi-furnished,2,1140,2,8,2,3,6,0,6104700
Wakad,apartment,rent,semi-furnished,3,1183,3,7,6,4,7,1,83000
Pashan,villa,sale,unfurnished,2,2395,2,12,6,3,7,0,20927200
Undri,studio,sale,unfurnished,1,368,1,15,3,1,2,0,1741900
Wakad,house,sale,fully-furnished,4,1464,4,31,3,2,4,1,13207900
Hadapsar,apartment,sale,unfurnished,2,958,2,26,2,2,7,0,4036300
Koregaon Park,apartment,sale,unfurnished,2,1008,2,1,8,1,14,0,16172600
Camp,apartment,sale,unfurnished,2,1174,2,4,4,8,9,0,9801100
Boat Club Road,commercial,sale,unfurnished,0,1361,1,23,7,0,1,0,14385500
Koregaon Park,plot,rent,fully-furnished,0,1280,1,11,3,0,1,0,91000
Balewadi,commercial,sale,fully-furnished,0,2900,1,16,2,0,1,0,29416400
Undri,plot,rent,unfurnished,0,1678,1,0,3,0,1,0,30500
Viman Nagar,commercial,rent,fully-furnished,0,406,1,30,4,0,1,1,88600
Balewadi,apartment,sale,unfurnished,2,1084,2,25,8,4,5,0,7067300
Pimple Saudagar,house,rent,semi-furnished,5,2101,5,0,2,6,8,0,190500
Kharadi,apartment,rent,unfurnished,2,857,2,23,6,10,11,1,29400
Wakad,villa,sale,semi-furnished,3,3381,3,0,4,15,17,1,44288900
Chinchwad,villa,rent,unfurnished,4,2861,4,3,4,1,11,0,192700
Aundh,commercial,sale,fully-furnished,0,1967,1,9,5,0,1,1,32149500
Boat Club Road,studio,sale,unfurnished,1,587,1,31,8,2,2,0,6020500
Wanowrie,house,rent,semi-furnished,4,1524,4,8,4,2,14,0,99700
Shivajinagar,apartment,rent,fully-furnished,2,1052,2,16,7,1,2,1,65100
Shivajinagar,apartment,sale,semi-furnished,2,1277,2,16,2,5,7,1,13119700
Magarpatta,house,rent,unfurnished,1,451,1,23,9,4,14,0,22400
Baner,apartment,sale,fully-furnished,2,666,2,15,5,2,5,1,7871600
Koregaon Park,commercial,sale,fully-furnished,0,5012,1,16,5,0,1,0,33239900
Kothrud,commercial,rent,semi-furnished,0,5904,1,1,6,0,1,1,416000
Wakad,plot,sale,semi-furnished,0,3917,1,12,6,0,1,1,16168800
Baner,apartment,rent,semi-furnished,3,1712,3,17,3,1,15,1,97600
Balewadi,apartment,rent,semi-furnished,2,1138,2,18,2,1,2,0,46500
Kothrud,house,sale,fully-furnished,2,605,2,0,4,10,10,1,8478900
Wakad,apartment,sale,unfurnished,2,1116,2,22,5,4,4,1,8112800
Chinchwad,apartment,rent,fully-furnished,2,834,2,2,0,8,19,0,19300
Wanowrie,villa,rent,fully-furnished,2,1941,2,23,0,2,5,0,229300
Wakad,plot,rent,semi-furnished,0,4111,1,5,6,0,1,1,102500
Baner,studio,sale,fully-furnished,1,632,1,3,3,0,14,1,7098700
Koregaon Park,apartment,rent,unfurnished,2,845,2,7,8,3,5,0,49900
Balewadi,studio,sale,unfurnished,1,390,1,30,7,12,16,0,2704300
Kharadi,apartment,rent,semi-furnished,2,792,2,22,3,1,7,1,37900
Wakad,apartment,sale,unfurnished,5,1584,5,27,3,11,11,1,13240300
Baner,studio,sale,fully-furnished,1,548,1,2,3,10,17,1,7120800
Kothrud,villa,rent,unfurnished,1,2035,1,0,2,3,20,1,260900
Kondhwa,apartment,rent,unfurnished,3,1234,3,9,2,2,15,0,50000
Viman Nagar,apartment,rent,fully-furnished,4,1280,4,31,6,0,5,1,140700
Bavdhan,commercial,sale,unfurnished,0,3643,1,17,3,0,1,0,16147500
Kothrud,commercial,sale,semi-furnished,0,3987,1,5,1,0,1,1,59812100
Undri,apartment,sale,unfurnished,3,1116,3,30,1,0,15,0,4236900
Shivajinagar,apartment,rent,semi-furnished,1,594,1,22,8,1,3,1,37100
Wagholi,plot,sale,semi-furnished,0,2079,1,27,2,0,1,0,7176200
Magarpatta,apartment,rent,unfurnished,2,630,2,1,4,5,15,0,23100
Hinjewadi,studio,sale,semi-furnished,1,610,1,22,4,1,11,1,4125500
Balewadi,apartment,sale,fully-furnished,4,1642,4,26,4,6,6,0,20063700
Koregaon Park,apartment,rent,semi-furnished,2,835,2,8,7,5,8,0,38800
Hadapsar,studio,rent,unfurnished,1,433,1,22,3,15,18,0,9800
Kothrud,plot,rent,semi-furnished,0,3807,1,27,7,0,1,1,132500
Balewadi,villa,sale,unfurnished,2,2214,2,2,5,1,5,0,19689300
Magarpatta,house,sale,fully-furnished,2,1243,2,18,3,5,9,0,10463600
Kharadi,apartment,sale,unfurnished,1,463,1,3,8,5,7,1,3190000
Baner,commercial,sale,semi-furnished,0,3290,1,8,2,0,1,1,39857600
Pimpri,commercial,rent,unfurnished,0,2741,1,31,4,0,1,0,131700
Bavdhan,house,rent,semi-furnished,5,1933,5,31,2,2,9,0,189100
Magarpatta,apartment,rent,semi-furnished,2,992,2,5,8,1,5,0,39700
Wanowrie,plot,sale,fully-furnished,0,3016,1,5,2,0,1,0,15823500
Undri,apartment,rent,semi-furnished,1,709,1,28,5,3,7,0,15300
Pimpri,apartment,sale,unfurnished,2,899,2,15,2,2,5,0,4325200
Kharadi,apartment,rent,fully-furnished,1,509,1,26,3,3,13,1,19600
Camp,apartment,sale,fully-furnished,4,1395,4,16,6,1,2,0,18191600
Chinchwad,villa,rent,unfurnished,2,2405,2,12,3,3,4,0,287900
Wakad,apartment,rent,unfurnished,2,1105,2,12,2,2,6,1,41100
Koregaon Park,apartment,sale,semi-furnished,2,673,2,16,8,3,3,0,6776700
Bavdhan,villa,rent,unfurnished,1,2515,1,26,1,5,5,0,312200
Chinchwad,apartment,rent,semi-furnished,3,1462,3,20,2,3,5,0,52400
Undri,apartment,rent,semi-furnished,3,1360,3,13,4,4,11,0,39300
Baner,apartment,sale,fully-furnished,5,2045,5,26,2,2,7,1,20202800
Wagholi,commercial,sale,semi-furnished,0,2243,1,18,6,0,1,0,8052800
Wanowrie,commercial,rent,fully-furnished,0,5896,1,8,4,0,1,0,651400
Pimpri,house,sale,semi-furnished,2,1199,2,12,1,10,15,0,7822100
Wakad,apartment,sale,semi-furnished,3,1188,3,10,5,2,9,1,11872600
Kharadi,apartment,sale,fully-furnished,2,980,2,10,3,7,7,1,10843600
Hinjewadi,apartment,sale,fully-furnished,2,1113,2,29,2,4,6,1,9888500
Koregaon Park,apartment,sale,semi-furnished,1,744,1,22,5,3,7,0,7079100
Pashan,commercial,rent,semi-furnished,0,5258,1,25,5,0,1,0,626400
Baner,apartment,sale,semi-furnished,2,1042,2,6,4,0,15,1,10095100
Pimpri,apartment,sale,semi-furnished,2,1032,2,20,4,5,10,0,5773700
Shivajinagar,apartment,rent,semi-furnished,4,1690,4,8,10,3,8,1,213100
Balewadi,apartment,rent,semi-furnished,3,1340,3,6,4,5,10,0,68600
Kothrud,studio,sale,unfurnished,1,434,1,28,5,7,14,1,2554800
Kothrud,house,rent,semi-furnished,4,1674,4,1,0,4,7,1,140600
Chinchwad,apartment,rent,fully-furnished,4,1416,4,21,1,0,4,0,75500
Baner,house,sale,semi-furnished,4,1370,4,10,5,1,2,1,15161600
Wanowrie,apartment,sale,unfurnished,4,1737,4,8,1,5,17,0,14136900
Hinjewadi,apartment,sale,semi-furnished,5,1728,5,1,1,0,9,1,17852500
Viman Nagar,plot,rent,semi-furnished,0,3670,1,11,5,0,1,1,115900
Chinchwad,apartment,rent,fully-furnished,4,1713,4,31,2,0,2,0,94400
Koregaon Park,studio,sale,unfurnished,1,574,1,15,6,1,11,0,6610900
Viman Nagar,plot,sale,semi-furnished,0,2999,1,26,7,0,1,1,15157000
Pisoli,studio,rent,unfurnished,1,300,1,19,1,1,6,0,9300
Aundh,apartment,sale,semi-furnished,3,1465,3,15,2,2,2,1,13520300
Kothrud,villa,sale,fully-furnished,2,3128,2,29,6,0,6,1,30903200
Pimpri,studio,sale,fully-furnished,1,455,1,22,5,11,12,0,2819300
Kalyani Nagar,apartment,rent,fully-furnished,2,1152,2,23,7,1,6,0,80900
Balewadi,apartment,rent,semi-furnished,3,1217,3,10,6,5,7,0,73500
Kharadi,commercial,sale,unfurnished,0,520,1,16,7,0,1,1,3497300
Magarpatta,plot,rent,unfurnished,0,3266,1,29,6,0,1,0,102400
Bavdhan,studio,sale,semi-furnished,1,532,1,26,2,0,8,0,2367400
Pashan,apartment,sale,semi-furnished,4,1646,4,10,4,4,8,0,17915400
Kothrud,apartment,rent,semi-furnished,2,873,2,2,7,6,7,1,48900
Aundh,commercial,sale,fully-furnished,0,3029,1,9,3,0,1,1,31587000
Viman Nagar,plot,sale,unfurnished,0,711,1,24,7,0,1,1,5210900
Balewadi,apartment,rent,semi-furnished,2,1002,2,16,4,3,10,0,48300
Wakad,villa,sale,unfurnished,2,4521,2,3,8,7,11,1,45711500
Kalyani Nagar,apartment,sale,fully-furnished,2,753,2,9,8,2,8,0,10644000
Hinjewadi,house,sale,unfurnished,3,1548,3,5,0,10,15,1,11986000
Balewadi,studio,sale,unfurnished,1,578,1,4,6,6,13,0,3813200
Pisoli,commercial,sale,unfurnished,0,1131,1,6,1,0,1,0,4522200
Hinjewadi,apartment,rent,semi-furnished,3,1088,3,29,0,5,7,1,60900
Kalyani Nagar,apartment,sale,semi-furnished,2,893,2,22,4,11,15,0,10359800
Kalyani Nagar,apartment,sale,semi-furnished,3,1110,3,24,6,1,7,0,11151100
Undri,apartment,rent,unfurnished,2,965,2,19,3,4,10,0,18300
Pimple Saudagar,house,sale,fully-furnished,3,1395,3,2,2,0,9,0,12198300
Undri,apartment,rent,fully-furnished,2,993,2,10,1,2,3,0,27400
Aundh,villa,rent,fully-furnished,2,3735,2,12,4,0,4,1,545700
Magarpatta,studio,sale,semi-furnished,1,654,1,10,3,6,9,0,5055400
Kondhwa,house,sale,semi-furnished,2,756,2,20,0,5,8,0,3319200
Pisoli,villa,rent,fully-furnished,3,3127,3,11,3,1,10,0,511000
Koregaon Park,apartment,sale,semi-furnished,2,1149,2,5,3,2,2,0,15012600
Hadapsar,apartment,sale,unfurnished,2,873,2,21,0,5,10,0,3610400
Hinjewadi,villa,sale,fully-furnished,3,2022,3,20,4,6,10,1,27618600
Balewadi,apartment,rent,semi-furnished,2,1062,2,27,5,2,2,0,48800
Kondhwa,apartment,sale,semi-furnished,2,1060,2,22,2,1,3,0,5170800
Baner,studio,sale,semi-furnished,1,763,1,8,6,3,9,1,7061800
Viman Nagar,apartment,rent,unfurnished,3,1499,3,19,7,11,17,1,94600
Koregaon Park,studio,rent,unfurnished,1,425,1,11,5,6,13,0,33600
Kothrud,house,sale,fully-furnished,5,2318,5,0,6,1,3,1,36918900
Wakad,apartment,sale,unfurnished,2,954,2,7,5,0,4,1,5159700
Hinjewadi,studio,rent,fully-furnished,1,396,1,9,0,1,2,1,15600
Aundh,apartment,rent,fully-furnished,4,1544,4,13,4,2,9,1,144500
Baner,apartment,rent,fully-furnished,2,1021,2,15,1,5,15,1,45100
Kondhwa,studio,sale,semi-furnished,1,597,1,8,3,8,10,0,4022200
Wagholi,apartment,sale,fully-furnished,2,901,2,7,4,0,4,0,6421800
Aundh,house,rent,fully-furnished,4,1471,4,15,5,3,9,1,161300
Wakad,apartment,rent,semi-furnished,2,1107,2,2,4,8,11,1,50200
Pimpri,apartment,sale,fully-furnished,1,641,1,5,2,9,15,0,3944900
Hinjewadi,plot,sale,semi-furnished,0,1243,1,11,4,0,1,1,8404700
Bavdhan,apartment,rent,semi-furnished,4,1701,4,20,0,3,10,0,104200
Kharadi,plot,rent,unfurnished,0,4217,1,21,7,0,1,1,138300
Wakad,house,sale,semi-furnished,2,1000,2,18,5,5,9,1,7675200
Pimple Saudagar,apartment,rent,semi-furnished,3,985,3,17,0,7,9,0,51200
Baner,house,sale,unfurnished,4,1797,4,25,5,2,2,1,15726100
Pimple Saudagar,apartment,rent,fully-furnished,3,1291,3,15,2,2,7,0,81200
Kharadi,studio,rent,semi-furnished,1,592,1,26,4,10,13,1,21200
Chinchwad,apartment,rent,semi-furnished,4,1504,4,8,3,8,9,0,74400
Koregaon Park,commercial,rent,semi-furnished,0,4020,1,6,9,0,1,0,594100
Bavdhan,studio,rent,fully-furnished,1,368,1,23,2,5,11,0,17000
Kothrud,apartment,sale,fully-furnished,2,847,2,30,5,2,2,1,7270500
Hinjewadi,apartment,rent,semi-furnished,3,1522,3,13,6,10,11,1,72800
Kharadi,villa,rent,semi-furnished,2,3827,2,3,9,4,4,1,1121600
Kothrud,apartment,rent,fully-furnished,2,817,2,22,5,2,16,1,33400
Kalyani Nagar,plot,sale,fully-furnished,0,2754,1,12,7,0,1,0,24439200
Kharadi,villa,rent,semi-furnished,2,1529,2,19,4,13,16,1,397600
Pimple Saudagar,plot,rent,fully-furnished,0,916,1,5,6,0,1,0,45800
Wanowrie,house,sale,semi-furnished,4,1655,4,14,4,3,16,0,12949000
Pashan,villa,sale,semi-furnished,4,2525,4,22,7,9,9,0,32219600
Hadapsar,house,sale,semi-furnished,1,318,1,21,6,1,2,0,1834700
Hinjewadi,studio,sale,semi-furnished,1,300,1,26,3,2,5,1,2057400
Aundh,house,rent,semi-furnished,2,1186,2,22,4,3,11,1,59100
Hinjewadi,apartment,rent,fully-furnished,3,1184,3,30,1,2,3,1,78500
Pimpri,commercial,sale,semi-furnished,0,793,1,7,2,0,1,0,4331200
Hadapsar,commercial,rent,unfurnished,0,390,1,15,1,0,1,0,55400
Shivajinagar,plot,rent,unfurnished,0,1930,1,26,6,0,1,1,62900
Kalyani Nagar,apartment,rent,unfurnished,3,813,3,27,2,2,18,0,66600
Kharadi,apartment,sale,fully-furnished,4,1801,4,14,3,9,9,1,21383400
Koregaon Park,studio,rent,semi-furnished,1,482,1,11,7,7,13,0,37800
Pimple Saudagar,apartment,rent,semi-furnished,4,1866,4,25,3,7,15,0,117200
Baner,apartment,sale,unfurnished,2,1154,2,13,3,2,22,1,11318300
Pisoli,apartment,rent,semi-furnished,3,1396,3,0,3,4,12,0,52300
Wakad,studio,sale,fully-furnished,1,462,1,21,4,2,7,1,3538200
Pimpri,apartment,sale,fully-furnished,2,899,2,30,3,1,3,0,4898700
Wagholi,plot,rent,semi-furnished,0,2226,1,6,5,0,1,0,48300
Wakad,house,rent,unfurnished,2,990,2,8,7,11,11,1,35600
Chinchwad,studio,rent,unfurnished,1,525,1,14,4,0,6,0,11600
Viman Nagar,villa,sale,fully-furnished,2,2749,2,30,5,4,8,1,28909100
Shivajinagar,house,rent,unfurnished,4,1483,4,31,5,3,11,1,143900
Magarpatta,apartment,sale,unfurnished,3,1442,3,22,6,1,3,0,8933100
Hinjewadi,house,sale,fully-furnished,3,1227,3,18,0,7,13,1,10367800
Hinjewadi,apartment,sale,unfurnished,1,576,1,4,2,2,2,1,5131500
Viman Nagar,apartment,sale,fully-furnished,2,1055,2,28,8,8,14,1,11331500
Koregaon Park,studio,rent,unfurnished,1,494,1,11,6,16,16,0,25600
Wakad,house,sale,unfurnished,5,1963,5,15,3,0,3,1,16969700
Baner,apartment,sale,unfurnished,3,878,3,19,5,0,12,1,8374300
Kalyani Nagar,apartment,rent,semi-furnished,1,515,1,5,7,0,7,0,25700
Pimple Saudagar,studio,rent,unfurnished,1,530,1,15,2,0,14,0,20000
Koregaon Park,plot,rent,semi-furnished,0,4168,1,24,5,0,1,0,141100
Kothrud,apartment,rent,semi-furnished,3,1446,3,11,4,4,8,1,97900
Koregaon Park,apartment,rent,unfurnished,5,1665,5,17,1,2,7,0,240000
Kharadi,studio,sale,semi-furnished,1,300,1,13,5,7,8,1,2420200
Viman Nagar,plot,rent,semi-furnished,0,3482,1,18,6,0,1,1,95400
Undri,apartment,sale,unfurnished,2,896,2,6,2,14,19,0,5251100
Magarpatta,villa,rent,semi-furnished,3,2511,3,10,7,7,14,0,244000
Wagholi,studio,sale,semi-furnished,1,452,1,6,1,1,14,0,2404400
Chinchwad,apartment,rent,fully-furnished,2,1228,2,19,2,10,13,0,32300
Hadapsar,house,rent,unfurnished,2,673,2,27,3,1,2,0,22600
Pimple Saudagar,apartment,sale,fully-furnished,4,1792,4,10,3,9,10,0,20735100
Kondhwa,studio,rent,fully-furnished,1,606,1,9,1,6,9,0,18800
Kothrud,plot,rent,unfurnished,0,1741,1,20,2,0,1,1,45700
Kothrud,apartment,rent,semi-furnished,2,1072,2,13,8,1,10,1,58300
Hinjewadi,apartment,sale,fully-furnished,4,1552,4,0,5,6,7,1,21716000
Kharadi,house,sale,unfurnished,3,1483,3,17,6,6,10,1,12648100
Kothrud,apartment,rent,unfurnished,1,634,1,31,2,0,12,1,12200
Aundh,villa,rent,unfurnished,3,2825,3,22,1,1,4,1,266900
Kothrud,apartment,rent,semi-furnished,2,1123,2,9,3,7,13,1,37200
Aundh,apartment,sale,semi-furnished,2,1139,2,7,3,2,2,1,11477900
Baner,apartment,rent,fully-furnished,1,836,1,24,10,6,10,1,32000
Kothrud,commercial,rent,semi-furnished,0,3280,1,28,6,0,1,1,292100
Hadapsar,apartment,sale,unfurnished,3,1891,3,12,1,2,6,0,10444800
Undri,villa,rent,semi-furnished,2,2953,2,16,4,2,3,0,383000
Hadapsar,plot,sale,unfurnished,0,2321,1,4,6,0,1,0,9032600
Kothrud,apartment,sale,unfurnished,2,826,2,1,3,3,13,1,9126600
Hinjewadi,apartment,sale,semi-furnished,1,823,1,28,1,2,3,1,4448500
Hinjewadi,house,rent,semi-furnished,3,1114,3,24,2,0,11,1,53400
Wagholi,house,sale,semi-furnished,3,1137,3,27,2,4,9,0,4975700
Kalyani Nagar,villa,sale,fully-furnished,1,1545,1,17,3,0,2,0,22855700
Bavdhan,apartment,sale,unfurnished,3,1460,3,20,0,5,9,0,9435000
Pimple Saudagar,house,rent,semi-furnished,3,1501,3,5,2,12,12,0,53500
Kalyani Nagar,villa,rent,fully-furnished,3,3095,3,5,4,11,15,0,910600
Kalyani Nagar,villa,rent,fully-furnished,2,3413,2,6,5,15,17,0,1120600
Boat Club Road,villa,sale,semi-furnished,3,2726,3,29,9,10,14,0,38922000
Aundh,plot,rent,unfurnished,0,1257,1,16,2,0,1,1,43300
Hinjewadi,plot,sale,semi-furnished,0,4934,1,17,8,0,1,1,39162300
Viman Nagar,plot,sale,unfurnished,0,4170,1,30,6,0,1,1,29860000
Aundh,commercial,rent,unfurnished,0,4830,1,12,5,0,1,1,588900
Kalyani Nagar,house,rent,fully-furnished,4,1652,4,13,8,2,12,0,221300
Aundh,apartment,sale,unfurnished,3,1199,3,21,5,2,17,1,9061600
Hinjewadi,villa,sale,semi-furnished,4,2885,4,5,6,3,9,1,25442100
Baner,apartment,rent,semi-furnished,3,1327,3,25,6,1,7,1,73000
Pimple Saudagar,commercial,sale,fully-furnished,0,431,1,0,4,0,1,0,4760800
Hadapsar,apartment,sale,semi-furnished,3,1328,3,27,1,10,12,0,6748900
Kondhwa,apartment,rent,semi-furnished,2,986,2,26,3,0,2,0,34000
Hinjewadi,apartment,rent,fully-furnished,1,715,1,15,2,5,18,1,21700
Camp,apartment,sale,fully-furnished,1,850,1,10,2,1,6,0,8339600
Pimple Saudagar,apartment,rent,fully-furnished,4,2014,4,31,3,5,6,0,153800
Chinchwad,commercial,sale,fully-furnished,0,5301,1,12,4,0,1,0,31911700
Hinjewadi,apartment,rent,unfurnished,2,1296,2,17,4,1,4,1,38000
Kothrud,apartment,sale,semi-furnished,2,1197,2,26,1,0,2,1,8239800
Baner,apartment,sale,unfurnished,4,1363,4,20,5,2,10,1,11860400
Baner,apartment,sale,unfurnished,2,1016,2,12,5,6,11,1,10462700
Koregaon Park,apartment,rent,unfurnished,1,692,1,25,1,4,12,0,28300
Magarpatta,house,rent,fully-furnished,3,1146,3,28,4,7,7,0,84000
Wagholi,studio,sale,semi-furnished,1,508,1,14,2,3,7,0,2480900
Kharadi,apartment,sale,fully-furnished,2,1231,2,10,6,0,9,1,12569800
Hinjewadi,apartment,rent,fully-furnished,3,1077,3,10,0,9,12,1,68500
Hadapsar,apartment,sale,unfurnished,2,951,2,5,2,3,7,0,4933400
Wanowrie,studio,sale,fully-furnished,1,394,1,11,4,4,4,0,4128700
Camp,villa,rent,unfurnished,2,2143,2,1,8,2,2,0,414000
Hinjewadi,plot,sale,semi-furnished,0,4047,1,11,2,0,1,1,21362900
Baner,apartment,sale,semi-furnished,1,347,1,16,7,17,17,1,3273900
Hinjewadi,villa,rent,unfurnished,1,2313,1,0,4,3,9,1,418900
Pimple Saudagar,house,sale,semi-furnished,3,1720,3,28,5,5,11,0,11295000
Viman Nagar,apartment,rent,unfurnished,3,1159,3,13,5,14,16,1,82400
Kharadi,house,sale,unfurnished,2,1357,2,11,5,7,9,1,11026200
Baner,house,rent,semi-furnished,2,1204,2,9,4,10,15,1,64700
Kharadi,villa,sale,semi-furnished,2,3507,2,15,8,5,9,1,32544400
Camp,commercial,sale,unfurnished,0,3300,1,30,5,0,1,0,13586200
Baner,apartment,rent,fully-furnished,3,1245,3,28,2,4,10,1,97300
Koregaon Park,villa,rent,unfurnished,2,3014,2,16,7,10,11,0,893600
Aundh,apartment,rent,semi-furnished,2,1277,2,14,6,6,8,1,65600
Pimpri,villa,sale,semi-furnished,2,2844,2,24,5,0,7,0,16100800
Pimpri,commercial,sale,unfurnished,0,1091,1,4,0,0,1,0,5522800
Hadapsar,apartment,sale,semi-furnished,2,1141,2,4,0,2,18,0,6888000
Wakad,apartment,rent,unfurnished,4,2079,4,21,7,8,20,1,126800
Wakad,apartment,sale,unfurnished,2,988,2,21,3,5,11,1,7240500
Kothrud,house,rent,semi-furnished,4,1837,4,27,3,0,16,1,159200
Hinjewadi,apartment,sale,semi-furnished,3,1594,3,26,2,7,8,1,10836300
Wakad,apartment,sale,semi-furnished,2,953,2,27,7,7,9,1,6189100
Hinjewadi,apartment,sale,semi-furnished,3,1282,3,30,4,14,14,1,8980500
Koregaon Park,studio,rent,unfurnished,1,595,1,8,6,11,12,0,32600
Wagholi,apartment,sale,unfurnished,2,1030,2,27,1,17,19,0,4166100
Kothrud,villa,rent,semi-furnished,2,2717,2,23,3,4,7,1,524000
Chinchwad,apartment,rent,fully-furnished,3,1449,3,21,5,4,6,0,54700
Baner,villa,rent,semi-furnished,5,2411,5,19,3,4,4,1,318800
Bavdhan,commercial,rent,fully-furnished,0,2730,1,30,1,0,1,0,329300
Kharadi,commercial,sale,semi-furnished,0,5818,1,24,6,0,1,1,22246700
Wagholi,villa,rent,semi-furnished,2,3939,2,1,4,3,14,0,322000
Pashan,studio,rent,semi-furnished,1,600,1,16,3,4,7,0,27200
Chinchwad,apartment,sale,unfurnished,3,1057,3,28,3,6,10,0,5242900
Kalyani Nagar,apartment,sale,semi-furnished,3,1441,3,27,6,2,2,0,18254500
Kothrud,commercial,sale,semi-furnished,0,5454,1,13,5,0,1,1,64899700
Hinjewadi,apartment,rent,unfurnished,2,1093,2,23,3,4,7,1,35000
Wagholi,apartment,rent,semi-furnished,2,1001,2,2,0,8,10,0,17300
Kothrud,apartment,sale,fully-furnished,2,896,2,11,4,5,7,1,10026900
Kondhwa,apartment,sale,semi-furnished,2,1091,2,0,0,3,10,0,7568000
Chinchwad,villa,sale,semi-furnished,4,2417,4,18,7,1,8,0,17675400
Magarpatta,apartment,sale,semi-furnished,1,838,1,5,7,5,10,0,7329100
Kalyani Nagar,apartment,sale,unfurnished,3,1326,3,4,5,9,9,0,18161500
Pimpri,house,sale,unfurnished,2,839,2,8,3,2,2,0,4152700
Wanowrie,studio,rent,semi-furnished,1,399,1,1,0,0,4,0,13500
Shivajinagar,apartment,sale,fully-furnished,4,1508,4,23,9,3,13,1,20923400
Undri,apartment,sale,semi-furnished,2,1076,2,28,1,3,6,0,4505700
Balewadi,villa,rent,fully-furnished,4,2684,4,29,4,9,9,0,607600
Kondhwa,house,rent,unfurnished,4,1736,4,29,0,7,8,0,86100
Undri,commercial,rent,semi-furnished,0,3137,1,20,0,0,1,0,208700
Kharadi,apartment,sale,fully-furnished,3,1300,3,22,4,9,10,1,13000300
Hinjewadi,studio,sale,fully-furnished,1,548,1,21,0,2,9,1,3707900
Pimple Saudagar,villa,sale,unfurnished,1,3075,1,11,1,4,8,0,22933800
Viman Nagar,villa,rent,semi-furnished,2,3029,2,28,6,2,10,1,619500
Kothrud,apartment,sale,unfurnished,2,1121,2,28,3,3,7,1,6922700
Koregaon Park,studio,sale,semi-furnished,1,424,1,13,10,2,2,0,5455100
Kothrud,studio,sale,unfurnished,1,453,1,15,2,2,6,1,3324000
Baner,plot,sale,unfurnished,0,1550,1,13,3,0,1,1,8605200
Baner,house,rent,fully-furnished,1,641,1,18,4,1,17,1,21300
Aundh,apartment,sale,fully-furnished,1,404,1,26,6,6,10,1,3851400
Kondhwa,apartment,sale,semi-furnished,3,886,3,12,2,8,11,0,4949700
Balewadi,commercial,sale,semi-furnished,0,2606,1,14,3,0,1,0,28084900
Wakad,apartment,rent,unfurnished,2,1161,2,16,7,1,9,1,48900
Hinjewadi,plot,sale,semi-furnished,0,4742,1,4,3,0,1,1,29583000
Pimpri,apartment,rent,semi-furnished,4,1701,4,4,2,7,18,0,81600
Wagholi,apartment,rent,fully-furnished,4,1628,4,14,0,0,2,0,92000
Hinjewadi,studio,rent,unfurnished,1,408,1,5,4,3,5,1,14800
Balewadi,studio,sale,semi-furnished,1,468,1,31,4,1,2,0,3218200
Kharadi,plot,sale,fully-furnished,0,2742,1,17,6,0,1,1,24490500
Chinchwad,apartment,rent,fully-furnished,1,527,1,17,4,0,16,0,7900
Wakad,commercial,sale,semi-furnished,0,534,1,26,6,0,1,1,6076500
Chinchwad,apartment,rent,semi-furnished,2,1175,2,15,2,11,15,0,33400
Hinjewadi,apartment,sale,semi-furnished,4,1735,4,24,5,14,14,1,14501200
Boat Club Road,apartment,rent,fully-furnished,2,1030,2,29,4,0,4,0,102100
Wakad,house,rent,fully-furnished,4,1562,4,4,3,1,2,1,151500
Baner,apartment,sale,fully-furnished,2,778,2,26,6,9,11,1,8160000
Wakad,apartment,sale,unfurnished,2,1124,2,19,5,12,12,1,7901300
Pimple Saudagar,apartment,rent,semi-furnished,1,606,1,19,5,2,9,0,15900
Hadapsar,apartment,sale,semi-furnished,4,1853,4,31,2,3,7,0,10453900
Aundh,apartment,sale,semi-furnished,3,1538,3,6,4,0,8,1,15343600
Baner,apartment,rent,semi-furnished,1,547,1,13,9,3,8,1,26200
Kharadi,house,sale,semi-furnished,3,1341,3,22,6,10,13,1,10430000
Hinjewadi,studio,rent,unfurnished,1,621,1,29,5,10,14,1,23100
Chinchwad,apartment,rent,semi-furnished,3,1505,3,24,6,0,2,0,59000
Hinjewadi,house,rent,semi-furnished,3,1420,3,26,0,5,12,1,61300
Kharadi,apartment,rent,semi-furnished,3,1229,3,6,6,3,4,1,75000
Kharadi,villa,rent,unfurnished,2,2560,2,20,4,1,2,1,349500
Kothrud,apartment,rent,semi-furnished,4,1611,4,16,5,0,3,1,148500
Pashan,apartment,rent,fully-furnished,3,1366,3,4,5,0,5,0,96700
Baner,apartment,rent,semi-furnished,2,1226,2,17,1,1,9,1,48600
Viman Nagar,commercial,rent,unfurnished,0,3459,1,21,8,0,1,1,282700
Wanowrie,studio,rent,unfurnished,1,486,1,22,7,1,13,0,11600
Wakad,apartment,rent,unfurnished,2,863,2,15,6,2,3,1,30300
Wagholi,apartment,sale,fully-furnished,3,1452,3,25,4,13,15,0,7497700
Viman Nagar,apartment,rent,unfurnished,2,845,2,13,4,5,13,1,46900
Balewadi,apartment,sale,unfurnished,3,1241,3,4,0,0,6,0,8747600
Koregaon Park,apartment,rent,unfurnished,2,1116,2,19,8,6,9,0,56500
Magarpatta,apartment,rent,semi-furnished,1,990,1,4,6,6,15,0,35300
Pimpri,apartment,sale,unfurnished,2,892,2,31,1,0,4,0,3138000
Aundh,apartment,rent,semi-furnished,4,1754,4,27,4,3,16,1,152400
Wanowrie,apartment,sale,semi-furnished,1,638,1,25,1,8,12,0,3658500
Wagholi,apartment,rent,unfurnished,3,958,3,12,3,10,10,0,32500
Koregaon Park,studio,rent,semi-furnished,1,525,1,4,7,10,13,0,42300
Koregaon Park,apartment,sale,unfurnished,3,1131,3,23,4,1,2,0,10558500
Viman Nagar,villa,sale,fully-furnished,4,3200,4,22,7,2,2,1,43152600
Hinjewadi,studio,sale,fully-furnished,1,435,1,30,4,6,13,1,3062100
Viman Nagar,villa,rent,semi-furnished,2,1310,2,9,8,6,12,1,198100
Koregaon Park,apartment,sale,unfurnished,2,993,2,7,7,1,13,0,12173000
Bavdhan,apartment,rent,fully-furnished,2,1012,2,0,5,1,3,0,33200
Aundh,apartment,sale,unfurnished,2,833,2,14,2,6,7,1,5470500
Hadapsar,apartment,sale,semi-furnished,1,648,1,4,4,5,5,0,4640600
Wakad,apartment,sale,semi-furnished,3,976,3,2,3,0,9,1,10065500
Wakad,apartment,rent,semi-furnished,3,1362,3,13,4,3,11,1,67300
Pimple Saudagar,apartment,rent,semi-furnished,2,1214,2,14,2,3,11,0,29900
Magarpatta,studio,rent,fully-furnished,1,534,1,17,3,3,6,0,26400
Kalyani Nagar,apartment,sale,unfurnished,3,895,3,13,7,15,16,0,11493800
Balewadi,studio,sale,semi-furnished,1,520,1,15,2,0,12,0,3615600
Pimple Saudagar,apartment,sale,fully-furnished,3,1494,3,5,1,0,2,0,11495900
Kalyani Nagar,apartment,rent,semi-furnished,1,749,1,7,4,5,7,0,26400
Undri,plot,sale,semi-furnished,0,1251,1,16,2,0,1,0,3031200
Shivajinagar,villa,rent,unfurnished,3,2327,3,8,7,0,2,1,517700
Koregaon Park,commercial,sale,semi-furnished,0,460,1,22,3,0,1,0,5810100
Pashan,commercial,sale,semi-furnished,0,3105,1,20,5,0,1,0,20905400
Viman Nagar,studio,rent,unfurnished,1,532,1,16,5,8,13,1,25100
Aundh,commercial,rent,fully-furnished,0,4449,1,4,3,0,1,1,604500
Wagholi,house,sale,unfurnished,2,1117,2,6,3,9,9,0,6074400
Bavdhan,apartment,sale,semi-furnished,3,952,3,0,1,5,16,0,8636600
Wagholi,apartment,sale,fully-furnished,3,1436,3,1,4,1,8,0,10121200
Chinchwad,apartment,rent,unfurnished,3,1190,3,13,2,4,6,0,44300
Hadapsar,studio,rent,semi-furnished,1,725,1,19,4,0,2,0,18400
Aundh,apartment,sale,unfurnished,3,916,3,1,6,1,15,1,10250800
Kharadi,studio,rent,unfurnished,1,686,1,24,0,7,13,1,22600
Pimple Saudagar,apartment,rent,unfurnished,2,804,2,5,1,5,12,0,29000
Kothrud,house,rent,fully-furnished,3,1373,3,16,4,9,15,1,96800
Baner,house,sale,semi-furnished,3,1313,3,2,6,0,5,1,16002900
Magarpatta,villa,rent,semi-furnished,2,2651,2,12,3,2,11,0,334800
Viman Nagar,apartment,rent,unfurnished,3,1287,3,31,6,4,4,1,77300
Hadapsar,plot,sale,unfurnished,0,3294,1,2,0,0,1,0,16605200
Hinjewadi,apartment,rent,unfurnished,2,907,2,31,2,0,5,1,21400
Wakad,plot,rent,semi-furnished,0,2666,1,21,6,0,1,1,86700
Hadapsar,studio,rent,unfurnished,1,427,1,19,0,2,13,0,9100
Pimpri,apartment,sale,unfurnished,2,1041,2,8,2,6,13,0,5141800
Viman Nagar,plot,sale,semi-furnished,0,1103,1,20,10,0,1,1,9909400
Pimpri,house,rent,fully-furnished,3,1159,3,10,1,11,11,0,57800
Pashan,apartment,rent,unfurnished,2,1433,2,14,6,15,15,0,41900
Kothrud,house,sale,unfurnished,2,1101,2,0,4,1,2,1,9318200
Viman Nagar,plot,sale,unfurnished,0,2288,1,25,5,0,1,1,11898800
Wakad,commercial,sale,semi-furnished,0,3039,1,24,5,0,1,1,27263100
Aundh,apartment,sale,unfurnished,3,1148,3,31,5,1,3,1,7720900
Shivajinagar,house,sale,semi-furnished,2,1153,2,4,6,1,3,1,16486000
Chinchwad,commercial,sale,unfurnished,0,1897,1,29,3,0,1,0,10455500
Undri,apartment,rent,semi-furnished,2,949,2,27,2,3,6,0,23700
Baner,apartment,sale,unfurnished,3,1353,3,29,2,2,15,1,8062900
Wakad,apartment,sale,fully-furnished,1,653,1,29,4,2,2,1,4213100
Wanowrie,apartment,rent,fully-furnished,2,691,2,25,4,2,6,0,36400
Aundh,apartment,rent,semi-furnished,5,1901,5,21,6,7,15,1,240100
Wakad,apartment,rent,semi-furnished,2,917,2,31,5,4,8,1,34500
Pashan,apartment,sale,semi-furnished,2,882,2,31,3,10,13,0,7146900
Kharadi,studio,sale,semi-furnished,1,516,1,7,8,7,10,1,6568100
Kalyani Nagar,studio,rent,unfurnished,1,460,1,20,6,7,11,0,25400
Koregaon Park,house,sale,semi-furnished,2,918,2,11,6,2,8,0,12896700
Undri,studio,rent,semi-furnished,1,756,1,3,2,4,17,0,14200
Koregaon Park,commercial,rent,fully-furnished,0,2775,1,4,8,0,1,0,754600
Kalyani Nagar,apartment,sale,semi-furnished,2,918,2,1,6,3,6,0,16423100
Kalyani Nagar,plot,rent,semi-furnished,0,2185,1,31,7,0,1,0,84800
Chinchwad,apartment,rent,semi-furnished,2,1323,2,18,1,0,7,0,29100
Kondhwa,house,sale,semi-furnished,2,1216,2,15,1,11,13,0,7808300
Wakad,apartment,sale,fully-furnished,3,1248,3,18,6,4,9,1,11793100
Koregaon Park,apartment,rent,fully-furnished,2,837,2,0,10,13,15,0,53100
Chinchwad,house,sale,semi-furnished,2,868,2,9,0,14,16,0,5705400
Magarpatta,house,rent,fully-furnished,4,1483,4,6,5,3,12,0,126300
Baner,studio,sale,semi-furnished,1,436,1,24,1,7,8,1,2708800
Chinchwad,studio,sale,fully-furnished,1,552,1,5,6,5,13,0,4357900
Baner,apartment,rent,semi-furnished,4,1700,4,7,4,11,11,1,144200
Hinjewadi,apartment,rent,semi-furnished,3,1311,3,23,5,6,21,1,58000
Wanowrie,apartment,rent,unfurnished,2,1263,2,8,5,7,9,0,35100
Aundh,house,sale,unfurnished,2,975,2,31,6,3,10,1,7464400
Wakad,apartment,rent,semi-furnished,3,1243,3,0,5,9,14,1,82800
Wagholi,commercial,sale,unfurnished,0,4429,1,25,4,0,1,0,17696100
Chinchwad,apartment,sale,semi-furnished,2,922,2,14,1,0,7,0,4788700
Koregaon Park,commercial,rent,fully-furnished,0,2648,1,8,9,0,1,0,151500
Magarpatta,apartment,sale,semi-furnished,2,881,2,7,3,3,4,0,7933500
Shivajinagar,apartment,rent,fully-furnished,3,1400,3,21,6,2,5,1,101100
Undri,villa,rent,semi-furnished,1,3956,1,2,8,2,10,0,373000
Shivajinagar,apartment,sale,semi-furnished,1,796,1,9,4,9,15,1,9724500
Kharadi,apartment,rent,unfurnished,1,342,1,5,3,2,5,1,11900
Pimple Saudagar,apartment,sale,unfurnished,4,1878,4,17,5,1,5,0,13481400
Koregaon Park,house,sale,semi-furnished,3,1263,3,14,9,10,22,0,24138700
Hinjewadi,plot,rent,unfurnished,0,1942,1,1,1,0,1,1,63700
Kondhwa,studio,sale,semi-furnished,1,702,1,3,1,7,16,0,4858900
Pimpri,studio,sale,unfurnished,1,500,1,15,3,0,5,0,2289700
Pimple Saudagar,plot,sale,fully-furnished,0,3317,1,31,0,0,1,0,18400400
Pisoli,house,rent,semi-furnished,1,775,1,13,2,1,8,0,10700
Shivajinagar,plot,sale,semi-furnished,0,1698,1,26,5,0,1,1,12529800
Kalyani Nagar,plot,rent,unfurnished,0,1939,1,9,5,0,1,0,96000
Boat Club Road,house,rent,unfurnished,2,1105,2,0,7,4,6,0,68100
Kothrud,apartment,rent,unfurnished,2,758,2,2,7,4,8,1,32700
Magarpatta,apartment,sale,semi-furnished,2,951,2,10,3,3,3,0,8886300
Wakad,studio,sale,fully-furnished,1,446,1,10,4,2,8,1,3663600
Wakad,apartment,sale,fully-furnished,3,1428,3,1,5,8,13,1,18311000
Kothrud,house,rent,fully-furnished,2,941,2,10,3,0,2,1,40800
Koregaon Park,villa,sale,semi-furnished,3,2422,3,19,7,5,7,0,40736800
Pimpri,studio,sale,fully-furnished,1,549,1,19,4,5,16,0,3292500
Viman Nagar,apartment,rent,semi-furnished,1,955,1,7,3,0,2,1,26500
Koregaon Park,apartment,sale,semi-furnished,2,921,2,19,7,10,14,0,12859000
Kothrud,villa,rent,fully-furnished,2,3375,2,7,5,2,6,1,1066400
Chinchwad,house,sale,fully-furnished,2,915,2,23,2,2,7,0,4881600
Aundh,plot,sale,semi-furnished,0,743,1,30,5,0,1,1,3763500
Koregaon Park,apartment,rent,semi-furnished,2,1094,2,11,7,7,10,0,66000
Baner,apartment,sale,fully-furnished,1,860,1,7,5,0,17,1,8381300
Kharadi,apartment,rent,fully-furnished,3,1248,3,24,5,2,9,1,68100
Hadapsar,plot,sale,semi-furnished,0,667,1,20,0,0,1,0,2187300
Wakad,plot,sale,semi-furnished,0,935,1,18,2,0,1,1,6043100
Camp,apartment,rent,unfurnished,2,1044,2,13,4,11,13,0,40300
Pimple Saudagar,plot,sale,fully-furnished,0,4608,1,21,3,0,1,0,26446200
Kothrud,house,rent,unfurnished,4,1746,4,31,3,7,11,1,116500
Viman Nagar,apartment,sale,fully-furnished,2,1278,2,6,8,4,10,1,16840500
Pimple Saudagar,house,sale,fully-furnished,3,1365,3,4,2,0,4,0,12743300
Bavdhan,commercial,sale,unfurnished,0,1416,1,9,4,0,1,0,9155400
Undri,villa,sale,unfurnished,4,1499,4,30,4,6,17,0,5632500
Wakad,plot,rent,fully-furnished,0,4686,1,11,3,0,1,1,163900
Magarpatta,villa,sale,semi-furnished,4,3328,4,19,2,1,2,0,31539600
Kondhwa,apartment,sale,semi-furnished,2,1339,2,26,3,13,13,0,8011100
Aundh,commercial,rent,unfurnished,0,2138,1,5,4,0,1,1,79300
Chinchwad,apartment,sale,unfurnished,3,1414,3,9,0,2,7,0,6565100
Camp,apartment,sale,unfurnished,3,1702,3,5,3,8,14,0,15604800
Pashan,apartment,rent,fully-furnished,2,1021,2,7,3,9,12,0,47300
Balewadi,apartment,sale,unfurnished,3,1531,3,3,3,3,13,0,13658800
Viman Nagar,apartment,sale,unfurnished,4,1857,4,20,7,0,17,1,17896200
Viman Nagar,commercial,rent,fully-furnished,0,2998,1,31,7,0,1,1,339200
Magarpatta,villa,rent,fully-furnished,3,2000,3,4,3,3,3,0,359200
Wakad,villa,sale,fully-furnished,2,2797,2,4,6,4,9,1,41366300
Magarpatta,plot,sale,semi-furnished,0,2785,1,22,4,0,1,0,14906000
Kothrud,apartment,rent,semi-furnished,3,1238,3,18,3,2,7,1,68700
Pimple Saudagar,apartment,sale,semi-furnished,1,575,1,7,1,3,11,0,4799300
Pisoli,plot,rent,unfurnished,0,3788,1,0,1,0,1,0,64700
Pashan,studio,sale,fully-furnished,1,518,1,8,4,12,17,0,5469100
Magarpatta,apartment,sale,fully-furnished,4,1610,4,6,5,0,5,0,15974500
Pashan,plot,rent,fully-furnished,0,4615,1,4,2,0,1,0,123900
Kharadi,apartment,rent,fully-furnished,3,1180,3,31,6,3,8,1,71200
Pashan,commercial,sale,fully-furnished,0,4549,1,31,6,0,1,0,49757100
Kothrud,apartment,sale,fully-furnished,3,1559,3,11,5,11,12,1,19245700
Undri,apartment,sale,semi-furnished,2,1310,2,22,8,2,15,0,6144500
Bavdhan,commercial,rent,semi-furnished,0,3976,1,18,3,0,1,0,137900
Aundh,apartment,rent,semi-furnished,2,1036,2,23,4,1,12,1,41000
Wakad,villa,sale,semi-furnished,2,2276,2,3,2,2,11,1,15376100
Kalyani Nagar,plot,sale,semi-furnished,0,3677,1,11,8,0,1,0,40494200
Viman Nagar,apartment,rent,semi-furnished,2,856,2,12,8,4,10,1,46100
Hinjewadi,apartment,rent,unfurnished,4,1731,4,6,5,6,7,1,126400
Balewadi,house,rent,unfurnished,2,801,2,13,0,6,10,0,24500
Balewadi,house,sale,semi-furnished,2,1130,2,10,4,4,5,0,9989100
Pimpri,plot,sale,semi-furnished,0,3333,1,18,0,0,1,0,10041200
Kharadi,commercial,sale,semi-furnished,0,809,1,2,4,0,1,1,7558000
Viman Nagar,studio,sale,unfurnished,1,501,1,26,7,4,12,1,3412100
Balewadi,commercial,rent,fully-furnished,0,5501,1,25,5,0,1,0,571600
Wakad,apartment,rent,semi-furnished,2,1006,2,20,8,3,4,1,46700
Chinchwad,villa,sale,unfurnished,2,3430,2,11,4,0,5,0,21807400
Shivajinagar,villa,sale,unfurnished,3,4076,3,24,6,7,11,1,29137200
Koregaon Park,villa,rent,unfurnished,2,2786,2,2,9,2,9,0,615900
Baner,house,sale,fully-furnished,3,1192,3,28,5,12,12,1,10882800
Kothrud,apartment,rent,fully-furnished,5,1887,5,5,4,0,7,1,249200
Kothrud,villa,sale,unfurnished,3,3319,3,23,2,8,11,1,36190000
Baner,apartment,rent,unfurnished,2,782,2,27,0,1,6,1,22900
Pimple Saudagar,apartment,rent,fully-furnished,3,1178,3,22,2,7,10,0,54200
Hinjewadi,house,sale,unfurnished,2,747,2,21,1,2,11,1,4031100
Kharadi,apartment,sale,unfurnished,3,1423,3,3,6,6,13,1,12790800
Magarpatta,apartment,rent,semi-furnished,2,1093,2,7,9,2,8,0,58600
Shivajinagar,villa,rent,unfurnished,3,2610,3,6,7,7,13,1,258500
Viman Nagar,villa,rent,unfurnished,2,4157,2,18,6,1,6,1,1072300
Kharadi,studio,rent,unfurnished,1,355,1,29,3,7,7,1,15200
Hadapsar,apartment,rent,semi-furnished,4,1343,4,13,2,4,13,0,74200
Hinjewadi,house,rent,semi-furnished,1,1002,1,24,1,9,11,1,26300
Kondhwa,apartment,rent,fully-furnished,3,1350,3,5,4,0,2,0,63900
Koregaon Park,apartment,sale,semi-furnished,3,1390,3,31,6,5,10,0,14276100
Kondhwa,villa,rent,unfurnished,3,2190,3,13,3,11,12,0,97300
Kharadi,apartment,rent,unfurnished,3,1119,3,23,4,8,21,1,65700
Kondhwa,villa,rent,semi-furnished,2,2989,2,12,2,1,6,0,359500
Wanowrie,plot,rent,semi-furnished,0,2546,1,2,2,0,1,0,52700
Wanowrie,apartment,rent,semi-furnished,4,1742,4,17,0,10,16,0,97700
Pimpri,studio,rent,unfurnished,1,442,1,29,6,1,14,0,16400
Kondhwa,studio,sale,fully-furnished,1,490,1,20,4,0,12,0,2933100
Koregaon Park,studio,rent,semi-furnished,1,548,1,12,8,5,12,0,30900
Viman Nagar,commercial,sale,unfurnished,0,5494,1,17,9,0,1,1,75011700
Magarpatta,apartment,sale,unfurnished,3,1316,3,8,7,4,12,0,13987000
Wanowrie,apartment,sale,unfurnished,2,1058,2,14,4,6,7,0,5573100
Undri,apartment,sale,unfurnished,3,1270,3,17,0,0,8,0,5990000
Kharadi,villa,sale,fully-furnished,4,3814,4,18,3,0,7,1,28497400
Pimpri,apartment,rent,semi-furnished,1,741,1,15,2,0,3,0,12900
Wagholi,apartment,sale,fully-furnished,3,1217,3,25,4,9,12,0,7650800
Wakad,apartment,rent,semi-furnished,2,1128,2,12,5,3,4,1,36300
Magarpatta,commercial,rent,unfurnished,0,742,1,14,1,0,1,0,75900
Kalyani Nagar,studio,sale,semi-furnished,1,392,1,23,9,5,15,0,5074800
Kothrud,apartment,sale,semi-furnished,2,1203,2,8,9,8,9,1,14257600
Magarpatta,apartment,sale,unfurnished,3,1369,3,6,3,5,17,0,13609000
Aundh,house,rent,semi-furnished,3,1086,3,13,6,0,12,1,74200
Magarpatta,commercial,sale,unfurnished,0,1841,1,16,6,0,1,0,13571600
Hadapsar,commercial,rent,fully-furnished,0,2251,1,30,2,0,1,0,172500
Kothrud,apartment,sale,unfurnished,4,1709,4,26,2,3,8,1,13620400
Viman Nagar,villa,rent,semi-furnished,2,3407,2,1,4,3,13,1,574800
Viman Nagar,apartment,sale,unfurnished,3,1139,3,27,8,3,13,1,7541400
Wagholi,apartment,sale,fully-furnished,2,1153,2,29,3,0,14,0,6185600
Hadapsar,apartment,sale,fully-furnished,3,1245,3,21,1,9,11,0,7728400
Pisoli,apartment,rent,unfurnished,3,1577,3,8,0,1,8,0,35400
Pimpri,commercial,sale,fully-furnished,0,3516,1,17,2,0,1,0,28108200
Hinjewadi,apartment,rent,semi-furnished,3,1275,3,4,4,6,13,1,62700
Wagholi,apartment,rent,semi-furnished,2,1009,2,13,5,2,3,0,22500
Pimple Saudagar,apartment,rent,semi-furnished,3,1005,3,4,5,4,9,0,56800
Kondhwa,commercial,sale,fully-furnished,0,4195,1,6,0,0,1,0,31355100
Koregaon Park,villa,sale,semi-furnished,2,3608,2,28,7,7,12,0,50852300
Undri,villa,rent,fully-furnished,2,2407,2,13,3,0,2,0,500400
Kothrud,apartment,rent,unfurnished,2,1048,2,28,4,1,8,1,36400
Magarpatta,commercial,sale,fully-furnished,0,5726,1,1,5,0,1,0,62403400
Wagholi,house,sale,fully-furnished,3,1217,3,31,1,0,2,0,6242000
Pimple Saudagar,apartment,rent,fully-furnished,3,1303,3,27,2,2,13,0,71800
Pimple Saudagar,studio,sale,semi-furnished,1,395,1,20,5,2,10,0,2732800
Pimple Saudagar,villa,sale,fully-furnished,3,3359,3,3,1,1,14,0,30570400
Kalyani Nagar,studio,rent,fully-furnished,1,360,1,14,9,0,7,0,32100
Kondhwa,plot,rent,semi-furnished,0,2573,1,3,0,0,1,0,67900
Kharadi,plot,rent,semi-furnished,0,3577,1,10,5,0,1,1,95300
Pimple Saudagar,apartment,rent,semi-furnished,3,1325,3,23,1,0,3,0,69000
Viman Nagar,studio,rent,unfurnished,1,533,1,18,8,8,9,1,21100
Hinjewadi,apartment,sale,semi-furnished,2,858,2,13,3,2,6,1,7590300
Balewadi,villa,sale,semi-furnished,3,1567,3,5,3,5,6,0,20555100
Baner,apartment,sale,unfurnished,3,1660,3,11,4,1,2,1,11983200
Kalyani Nagar,apartment,sale,fully-furnished,2,730,2,12,6,8,8,0,10529600
Viman Nagar,apartment,sale,fully-furnished,2,1378,2,3,10,1,7,1,17577000
Kondhwa,house,rent,semi-furnished,4,1561,4,13,3,2,2,0,85200
Pimpri,apartment,rent,fully-furnished,3,1819,3,6,4,6,17,0,81800
Pimple Saudagar,apartment,rent,unfurnished,2,1101,2,22,2,3,11,0,34300
Pisoli,apartment,rent,fully-furnished,4,1734,4,17,3,2,8,0,100500
Hinjewadi,apartment,sale,semi-furnished,1,494,1,28,5,11,16,1,2789100
Pashan,apartment,rent,fully-furnished,4,1861,4,31,3,3,7,0,142300
Kharadi,commercial,rent,semi-furnished,0,3964,1,2,7,0,1,1,397100
Aundh,villa,rent,semi-furnished,3,2717,3,6,4,8,12,1,577200
Bavdhan,apartment,sale,semi-furnished,3,1128,3,15,2,2,2,0,8039800
Kharadi,apartment,sale,semi-furnished,3,1355,3,27,4,4,13,1,10993800
Hadapsar,studio,sale,unfurnished,1,559,1,23,1,1,2,0,1895400
Pimple Saudagar,villa,rent,fully-furnished,3,2173,3,5,0,3,6,0,432000
Balewadi,apartment,sale,semi-furnished,3,1397,3,19,6,5,5,0,12718000
Kharadi,apartment,sale,unfurnished,4,1747,4,21,5,8,11,1,12833300
Undri,villa,sale,semi-furnished,3,2491,3,24,4,13,20,0,14436700
Boat Club Road,apartment,sale,unfurnished,3,1360,3,15,6,14,16,0,18014700
Koregaon Park,house,sale,semi-furnished,3,1395,3,26,6,2,4,0,14431800
Kothrud,apartment,rent,unfurnished,2,1047,2,18,5,2,2,1,54900
Undri,apartment,sale,unfurnished,2,968,2,8,2,6,6,0,5222200
Baner,house,rent,semi-furnished,2,1264,2,2,6,5,10,1,63000
Balewadi,studio,rent,semi-furnished,1,363,1,23,2,5,9,0,20300
Viman Nagar,studio,sale,unfurnished,1,432,1,20,10,1,12,1,3914000
Pimple Saudagar,commercial,rent,unfurnished,0,2088,1,10,6,0,1,0,69300
Balewadi,house,sale,semi-furnished,1,960,1,12,3,5,12,0,7254800
Hinjewadi,plot,sale,fully-furnished,0,3211,1,0,2,0,1,1,25973900
Hadapsar,house,rent,fully-furnished,2,848,2,2,5,9,10,0,24500
Aundh,apartment,rent,unfurnished,2,694,2,3,4,4,11,1,40200
Undri,plot,rent,semi-furnished,0,2502,1,1,3,0,1,0,48500
Wakad,plot,sale,semi-furnished,0,4356,1,12,6,0,1,1,25357500
Wagholi,house,sale,semi-furnished,4,1653,4,28,3,5,8,0,9724000
Chinchwad,apartment,sale,semi-furnished,2,978,2,17,0,4,9,0,4483200
Kharadi,apartment,sale,fully-furnished,2,944,2,17,8,10,12,1,8493800
Pashan,apartment,sale,unfurnished,2,1139,2,29,5,3,6,0,7143700
Kothrud,apartment,sale,unfurnished,2,738,2,15,5,6,13,1,5310600
Kothrud,apartment,sale,semi-furnished,5,1993,5,0,3,2,2,1,29322800
Bavdhan,studio,sale,semi-furnished,1,398,1,12,3,3,8,0,2974200
Hadapsar,house,rent,semi-furnished,1,394,1,3,1,6,10,0,12600
Hinjewadi,apartment,rent,fully-furnished,3,1419,3,30,4,10,22,1,92900
Wakad,apartment,sale,unfurnished,1,847,1,13,1,3,7,1,4695500
Pimpri,commercial,rent,semi-furnished,0,2321,1,19,3,0,1,0,39400
Hinjewadi,studio,sale,semi-furnished,1,646,1,2,1,5,13,1,4675700
Koregaon Park,apartment,sale,unfurnished,5,1583,5,27,8,3,13,0,20641700
Boat Club Road,apartment,sale,unfurnished,4,1517,4,15,6,0,2,0,21879000
Wanowrie,apartment,rent,semi-furnished,3,1318,3,21,0,1,2,0,60600
Baner,apartment,sale,unfurnished,3,1587,3,10,4,1,11,1,15956500
Undri,studio,rent,semi-furnished,1,553,1,23,1,0,2,0,13100
Koregaon Park,apartment,rent,semi-furnished,4,1575,4,12,6,1,13,0,183100
Pimpri,apartment,sale,unfurnished,3,1083,3,28,3,1,8,0,5315300
Wakad,apartment,sale,semi-furnished,3,1524,3,1,4,8,12,1,14663400
Wakad,house,rent,semi-furnished,2,1069,2,21,7,7,18,1,34700
Kothrud,commercial,rent,semi-furnished,0,2243,1,14,10,0,1,1,354700
Wagholi,plot,sale,unfurnished,0,985,1,21,2,0,1,0,2910200
Pimple Saudagar,apartment,rent,semi-furnished,2,867,2,16,4,3,11,0,35700
Magarpatta,apartment,sale,fully-furnished,3,1233,3,21,4,14,17,0,12266700
Kharadi,house,sale,semi-furnished,2,838,2,21,5,0,15,1,4963400
Kharadi,house,sale,fully-furnished,2,763,2,12,2,3,9,1,7009800
Hinjewadi,apartment,sale,unfurnished,2,990,2,3,0,3,9,1,5875200
Pimple Saudagar,apartment,sale,unfurnished,3,1689,3,14,3,2,4,0,12578000
Viman Nagar,apartment,rent,semi-furnished,3,1099,3,9,5,2,8,1,83200
Hinjewadi,apartment,sale,unfurnished,4,1758,4,23,8,8,9,1,15158700
Shivajinagar,studio,rent,unfurnished,1,676,1,10,6,10,13,1,32700
Hadapsar,apartment,rent,unfurnished,2,993,2,20,6,18,18,0,21600
Hinjewadi,apartment,sale,fully-furnished,2,855,2,16,4,2,18,1,6876800
Magarpatta,apartment,rent,fully-furnished,5,2145,5,5,5,1,6,0,245600
Wakad,apartment,rent,semi-furnished,3,1242,3,14,4,6,11,1,63800
Hadapsar,villa,rent,unfurnished,2,2748,2,9,3,8,17,0,207600
Aundh,house,sale,fully-furnished,2,1383,2,23,4,1,12,1,12787400
Koregaon Park,house,rent,semi-furnished,2,1104,2,19,7,6,6,0,58100
Aundh,house,sale,semi-furnished,2,1362,2,11,4,8,12,1,12722300
Magarpatta,apartment,rent,fully-furnished,1,613,1,16,3,2,11,0,14900
Kalyani Nagar,apartment,sale,semi-furnished,2,718,2,11,5,2,7,0,7434700
Chinchwad,commercial,sale,semi-furnished,0,5497,1,5,2,0,1,0,38799000
Pimple Saudagar,apartment,rent,semi-furnished,2,902,2,6,2,5,5,0,32300
Undri,studio,sale,semi-furnished,1,541,1,23,4,0,9,0,2567000
Wakad,apartment,sale,fully-furnished,4,1498,4,24,4,9,11,1,15191800
Hinjewadi,apartment,rent,semi-furnished,2,857,2,11,0,6,10,1,37900
Hinjewadi,apartment,sale,semi-furnished,2,1227,2,19,4,3,12,1,8157500
Kalyani Nagar,villa,sale,fully-furnished,2,2760,2,15,8,4,6,0,52941000
Kondhwa,apartment,rent,unfurnished,2,1158,2,29,0,7,15,0,30200
Aundh,apartment,sale,semi-furnished,4,1508,4,29,5,9,11,1,16368400
Koregaon Park,studio,sale,fully-furnished,1,613,1,3,7,10,12,0,10576400
Pashan,plot,rent,semi-furnished,0,625,1,30,1,0,1,0,29000
Wakad,studio,rent,unfurnished,1,419,1,23,6,7,11,1,18000
Hinjewadi,apartment,rent,semi-furnished,3,1534,3,6,6,8,9,1,79800
Baner,apartment,rent,fully-furnished,2,720,2,30,7,1,14,1,41600
Pimpri,apartment,rent,fully-furnished,3,1454,3,22,4,11,15,0,64700
Balewadi,apartment,rent,semi-furnished,4,1662,4,28,5,3,6,0,145100
Hadapsar,apartment,rent,semi-furnished,3,1295,3,14,6,9,14,0,64800
Wakad,villa,sale,semi-furnished,2,2067,2,18,7,2,13,1,22991900
Hinjewadi,house,rent,fully-furnished,1,683,1,11,6,1,2,1,25000
Kondhwa,plot,rent,unfurnished,0,3669,1,1,3,0,1,0,82900
Kothrud,house,rent,semi-furnished,4,1746,4,9,8,2,8,1,170900
Baner,apartment,sale,semi-furnished,2,923,2,11,7,0,4,1,8827500
Wanowrie,apartment,sale,unfurnished,2,1153,2,10,6,11,11,0,9421700
Pimpri,plot,rent,unfurnished,0,2682,1,15,0,0,1,0,34600
Koregaon Park,studio,sale,fully-furnished,1,564,1,22,6,2,12,0,6929200
Wakad,apartment,sale,unfurnished,4,1580,4,16,5,5,18,1,14881500
Pimpri,villa,sale,semi-furnished,2,2155,2,16,3,0,2,0,11922800
Viman Nagar,apartment,sale,unfurnished,3,1241,3,29,5,1,2,1,8941300
Chinchwad,apartment,rent,semi-furnished,2,1110,2,2,3,5,6,0,29300
Pimpri,commercial,sale,unfurnished,0,2226,1,28,4,0,1,0,11353400
Baner,studio,rent,fully-furnished,1,614,1,16,2,0,6,1,27100
Hinjewadi,apartment,sale,semi-furnished,2,735,2,13,0,1,8,1,4977900
Hinjewadi,house,sale,fully-furnished,2,864,2,24,0,1,6,1,6158400
Kalyani Nagar,apartment,sale,fully-furnished,2,823,2,18,5,7,10,0,10607200
Kharadi,villa,sale,semi-furnished,2,1200,2,26,3,5,13,1,10145000
Baner,apartment,sale,semi-furnished,2,989,2,19,4,10,10,1,8827600
Boat Club Road,apartment,rent,fully-furnished,3,1324,3,6,8,4,13,0,172900
Koregaon Park,villa,sale,semi-furnished,3,3876,3,27,4,5,13,0,54176200
Kharadi,apartment,rent,unfurnished,2,1319,2,17,5,9,21,1,46800
Koregaon Park,studio,sale,semi-furnished,1,463,1,18,8,3,7,0,5773100
Kharadi,apartment,rent,unfurnished,3,1226,3,9,6,13,15,1,66300
Kharadi,apartment,sale,fully-furnished,3,1501,3,9,8,1,2,1,18694900
Chinchwad,apartment,rent,fully-furnished,2,1070,2,23,3,13,15,0,36200
Hadapsar,apartment,sale,fully-furnished,3,1431,3,18,3,2,7,0,9634600
Viman Nagar,apartment,rent,unfurnished,4,1521,4,14,10,5,5,1,119800
Pimple Saudagar,apartment,sale,fully-furnished,4,1494,4,31,5,6,11,0,13430000
Kothrud,apartment,rent,semi-furnished,4,1381,4,29,4,3,3,1,135000
Koregaon Park,apartment,sale,fully-furnished,2,1117,2,26,8,0,2,0,12902100
Magarpatta,apartment,sale,fully-furnished,3,1515,3,24,1,10,20,0,11756900
Hadapsar,studio,sale,unfurnished,1,535,1,28,2,4,7,0,2070600
Chinchwad,apartment,rent,fully-furnished,3,1280,3,16,3,3,7,0,53200
Hinjewadi,plot,rent,semi-furnished,0,2741,1,6,0,0,1,1,80900
Boat Club Road,commercial,rent,semi-furnished,0,2130,1,5,2,0,1,0,357000
Kothrud,commercial,rent,unfurnished,0,5697,1,5,2,0,1,1,443300
Hinjewadi,apartment,rent,unfurnished,1,862,1,23,7,1,4,1,10400
Pisoli,apartment,rent,semi-furnished,2,997,2,19,0,10,14,0,25200
Kothrud,commercial,sale,fully-furnished,0,5894,1,31,4,0,1,1,40388500
Hinjewadi,apartment,rent,semi-furnished,1,835,1,21,2,2,3,1,10800
Pimple Saudagar,studio,sale,unfurnished,1,495,1,15,6,5,10,0,3445000
Hinjewadi,apartment,sale,semi-furnished,3,1441,3,29,1,6,10,1,10753200
Chinchwad,villa,sale,semi-furnished,2,3062,2,18,2,0,9,0,14584100
Viman Nagar,apartment,rent,unfurnished,3,1351,3,1,5,0,5,1,94800
Bavdhan,apartment,rent,semi-furnished,3,1395,3,4,5,6,11,0,68000
Baner,apartment,rent,semi-furnished,2,1066,2,11,2,1,2,1,43000
Kharadi,villa,rent,semi-furnished,2,2787,2,28,5,0,10,1,402700
Kothrud,apartment,sale,unfurnished,4,1585,4,18,6,1,17,1,13870300
Camp,commercial,sale,semi-furnished,0,800,1,11,5,0,1,0,8131900
Baner,apartment,rent,semi-furnished,4,1950,4,1,7,2,18,1,180100
Magarpatta,villa,rent,unfurnished,3,3297,3,3,7,9,19,0,551400
Aundh,apartment,rent,fully-furnished,1,660,1,0,3,4,7,1,39900
Pimple Saudagar,apartment,rent,semi-furnished,4,1635,4,5,0,7,12,0,92900
Koregaon Park,apartment,sale,semi-furnished,4,1565,4,11,8,8,9,0,23872900
Aundh,apartment,sale,unfurnished,4,1483,4,23,3,3,7,1,13949600
Wakad,studio,sale,fully-furnished,1,418,1,17,3,6,12,1,2776000
Balewadi,house,sale,semi-furnished,2,966,2,13,5,4,6,0,8945200
Pisoli,apartment,sale,semi-furnished,3,1332,3,15,7,2,8,0,9737000
Boat Club Road,apartment,sale,unfurnished,2,980,2,18,6,11,11,0,10453200
Koregaon Park,house,sale,semi-furnished,1,610,1,31,8,0,2,0,5147100
Hadapsar,apartment,sale,unfurnished,2,1023,2,15,4,9,14,0,6607200
Pimpri,commercial,sale,fully-furnished,0,3804,1,27,1,0,1,0,10827500
Wakad,apartment,sale,unfurnished,2,925,2,28,5,7,7,1,6593800
Viman Nagar,apartment,sale,semi-furnished,2,873,2,17,6,0,9,1,7762700
Undri,apartment,sale,unfurnished,2,986,2,23,4,2,5,0,4090200
Undri,plot,sale,fully-furnished,0,4414,1,6,2,0,1,0,14038500
Aundh,commercial,sale,fully-furnished,0,886,1,1,3,0,1,1,13396000
Baner,plot,sale,semi-furnished,0,967,1,14,4,0,1,1,5228200
Aundh,commercial,sale,fully-furnished,0,4830,1,9,3,0,1,1,56927100
Kalyani Nagar,house,sale,semi-furnished,2,1059,2,11,7,5,11,0,14979200
Balewadi,plot,sale,semi-furnished,0,4683,1,0,7,0,1,0,43141900
Boat Club Road,villa,rent,semi-furnished,2,3705,2,12,6,4,14,0,647000
Pashan,apartment,sale,unfurnished,2,1079,2,13,6,5,6,0,8666600
Wakad,apartment,rent,semi-furnished,4,1638,4,25,6,1,2,1,128800
Koregaon Park,apartment,sale,fully-furnished,2,1090,2,28,10,0,6,0,12446200
Aundh,apartment,rent,semi-furnished,2,969,2,30,1,7,7,1,44600
Chinchwad,house,rent,semi-furnished,4,1724,4,0,6,3,4,0,109400
Viman Nagar,house,sale,semi-furnished,2,960,2,9,4,3,13,1,11890300
Pisoli,apartment,rent,fully-furnished,3,1408,3,7,2,2,4,0,50000
Hadapsar,apartment,sale,fully-furnished,3,1128,3,6,7,5,5,0,10329500
Hadapsar,villa,sale,fully-furnished,1,2734,1,26,0,8,18,0,16759400
Pashan,studio,sale,fully-furnished,1,528,1,15,8,5,12,0,6138300
Magarpatta,villa,rent,fully-furnished,2,4122,2,4,5,0,12,0,427000
Koregaon Park,house,rent,fully-furnished,2,690,2,22,3,0,12,0,49200
Wakad,commercial,rent,semi-furnished,0,1293,1,29,2,0,1,1,102600
Hinjewadi,studio,sale,semi-furnished,1,485,1,20,1,5,5,1,3329400
Wanowrie,apartment,rent,fully-furnished,3,884,3,21,2,1,2,0,48800
Pisoli,apartment,sale,fully-furnished,2,937,2,14,4,0,8,0,4755900
Hinjewadi,villa,rent,unfurnished,1,3133,1,28,2,1,9,1,403500
Magarpatta,apartment,rent,fully-furnished,1,565,1,5,2,6,13,0,20100
Koregaon Park,apartment,rent,semi-furnished,2,1005,2,2,7,3,7,0,63800
Kalyani Nagar,commercial,sale,semi-furnished,0,910,1,29,9,0,1,0,11393700
Pimple Saudagar,apartment,sale,unfurnished,2,946,2,0,1,3,12,0,6194000
Aundh,studio,sale,semi-furnished,1,513,1,25,3,7,7,1,4228300
Pimpri,house,rent,unfurnished,2,1176,2,22,0,3,7,0,28000
Kondhwa,villa,sale,unfurnished,2,4082,2,15,7,7,13,0,27317100
Wakad,apartment,sale,fully-furnished,1,930,1,28,5,13,13,1,6633200
Magarpatta,villa,sale,fully-furnished,2,3089,2,5,5,3,6,0,42698700
Koregaon Park,apartment,sale,semi-furnished,2,1234,2,8,6,10,12,0,18870600
Hinjewadi,house,rent,fully-furnished,2,647,2,12,6,9,12,1,34500
Wanowrie,apartment,sale,semi-furnished,4,1281,4,20,2,15,15,0,9073000
Aundh,villa,rent,unfurnished,1,3365,1,26,4,2,3,1,787900
Kothrud,apartment,rent,semi-furnished,2,660,2,31,9,5,9,1,36300
Hinjewadi,villa,sale,unfurnished,2,3257,2,11,2,8,12,1,32427900
Hadapsar,villa,sale,semi-furnished,3,2506,3,19,2,6,16,0,16523400
Baner,plot,rent,semi-furnished,0,4209,1,9,4,0,1,1,153900
Hinjewadi,studio,rent,semi-furnished,1,479,1,15,0,0,2,1,18900
Aundh,apartment,sale,fully-furnished,2,995,2,8,6,3,3,1,12100200
Hinjewadi,studio,rent,semi-furnished,1,425,1,12,2,0,14,1,19400
Chinchwad,house,sale,fully-furnished,2,1044,2,2,1,2,2,0,7260900
Pimpri,studio,sale,semi-furnished,1,461,1,21,7,0,4,0,2648100
Pisoli,studio,rent,semi-furnished,1,492,1,15,6,3,11,0,11400
Camp,apartment,rent,semi-furnished,1,378,1,28,5,2,2,0,14900
Kharadi,apartment,sale,semi-furnished,3,1274,3,20,5,4,11,1,10702800
Wakad,apartment,rent,semi-furnished,3,1418,3,15,5,2,4,1,76400
Shivajinagar,apartment,sale,unfurnished,4,1414,4,16,7,7,10,1,15418400
Pimple Saudagar,villa,rent,semi-furnished,2,2080,2,29,3,7,21,0,492800
Pimple Saudagar,house,sale,fully-furnished,2,1226,2,15,4,2,6,0,9758300
Viman Nagar,apartment,rent,fully-furnished,3,1436,3,7,7,3,9,1,97000
Pimple Saudagar,villa,sale,semi-furnished,4,1676,4,24,2,1,9,0,10996500
Kothrud,apartment,rent,fully-furnished,5,1802,5,6,5,7,16,1,249000
Kharadi,apartment,rent,semi-furnished,2,1115,2,6,3,0,8,1,57600
Viman Nagar,villa,rent,semi-furnished,2,2327,2,8,4,0,2,1,503800
Pisoli,apartment,rent,semi-furnished,2,864,2,1,2,0,2,0,23600
Wakad,apartment,rent,semi-furnished,2,1041,2,9,5,5,14,1,37700
Wanowrie,apartment,sale,semi-furnished,1,717,1,11,1,4,16,0,3472500
Hadapsar,plot,rent,semi-furnished,0,3636,1,27,4,0,1,0,100500
Kondhwa,house,rent,unfurnished,2,1409,2,7,4,3,6,0,37700
Hinjewadi,house,rent,fully-furnished,4,1516,4,31,3,10,17,1,144100
Pashan,commercial,sale,fully-furnished,0,4181,1,0,0,0,1,0,35922500
Magarpatta,studio,sale,semi-furnished,1,343,1,27,5,8,8,0,2506000
Pimple Saudagar,house,rent,fully-furnished,1,854,1,18,4,8,14,0,20600
Kalyani Nagar,apartment,sale,unfurnished,2,1169,2,14,9,2,5,0,12813900
Chinchwad,house,sale,fully-furnished,2,837,2,11,6,11,12,0,7454200
Pisoli,apartment,rent,fully-furnished,4,1506,4,23,2,1,2,0,82000
Kothrud,apartment,sale,semi-furnished,1,777,1,9,4,2,11,1,6634600
Baner,apartment,sale,semi-furnished,2,1128,2,23,3,8,9,1,9159100
Kondhwa,apartment,sale,fully-furnished,3,1539,3,0,6,2,4,0,12153300
Pimple Saudagar,commercial,rent,unfurnished,0,2113,1,15,2,0,1,0,293000
Hinjewadi,apartment,sale,fully-furnished,2,1165,2,5,2,5,13,1,10657600
Chinchwad,studio,rent,fully-furnished,1,583,1,11,0,6,6,0,16500
Wagholi,apartment,rent,unfurnished,4,1597,4,12,5,11,11,0,70400
Magarpatta,studio,sale,semi-furnished,1,499,1,3,1,1,10,0,3729400
Viman Nagar,villa,rent,semi-furnished,2,2804,2,3,6,3,6,1,486400
Hadapsar,apartment,sale,semi-furnished,2,1311,2,6,2,8,10,0,10001100
Baner,apartment,sale,semi-furnished,2,1187,2,7,2,2,6,1,11425400
Pimple Saudagar,apartment,rent,semi-furnished,2,1185,2,21,4,12,21,0,32400
Pimpri,apartment,sale,unfurnished,3,1382,3,7,0,10,11,0,8431400
Balewadi,apartment,sale,fully-furnished,2,1207,2,19,6,4,8,0,12380400
Pimpri,house,rent,semi-furnished,2,972,2,20,3,2,4,0,33900
Bavdhan,apartment,sale,unfurnished,3,1483,3,24,2,1,12,0,9112900
Pisoli,house,sale,fully-furnished,3,1211,3,23,4,8,9,0,6931800
Baner,commercial,rent,semi-furnished,0,5887,1,5,4,0,1,1,427900
Aundh,house,rent,semi-furnished,2,923,2,4,7,6,9,1,38600
Aundh,apartment,rent,unfurnished,1,964,1,31,3,3,11,1,19300
Baner,house,sale,semi-furnished,5,1770,5,28,5,3,3,1,21777300
Chinchwad,apartment,sale,fully-furnished,2,971,2,17,3,9,10,0,5147200
Balewadi,apartment,sale,fully-furnished,3,1513,3,12,7,10,15,0,13066000
Baner,studio,sale,fully-furnished,1,444,1,7,5,3,4,1,4846100
Kothrud,apartment,sale,semi-furnished,3,1422,3,1,6,0,5,1,14126900
Shivajinagar,apartment,sale,fully-furnished,3,1370,3,27,5,3,11,1,15361600
Kothrud,commercial,rent,semi-furnished,0,1549,1,0,1,0,1,1,254400
Chinchwad,apartment,rent,semi-furnished,3,1260,3,29,1,0,5,0,45800
Hinjewadi,commercial,sale,semi-furnished,0,665,1,14,8,0,1,1,7321700
Kothrud,plot,rent,semi-furnished,0,2829,1,6,4,0,1,1,144200
Chinchwad,studio,sale,unfurnished,1,456,1,2,1,6,16,0,2292600
Aundh,house,sale,fully-furnished,3,1346,3,13,5,4,13,1,15378500
Hinjewadi,apartment,rent,semi-furnished,2,884,2,5,0,5,11,1,29600
Viman Nagar,commercial,sale,unfurnished,0,5592,1,17,4,0,1,1,34157700
Aundh,villa,rent,semi-furnished,3,3041,3,18,5,10,11,1,911000
Kothrud,apartment,rent,semi-furnished,1,491,1,25,2,11,13,1,12800
Chinchwad,plot,rent,semi-furnished,0,3466,1,21,3,0,1,0,81800
Viman Nagar,apartment,rent,unfurnished,2,1042,2,29,6,5,5,1,34500
Pimple Saudagar,commercial,rent,semi-furnished,0,2450,1,15,7,0,1,0,200200
Pisoli,apartment,rent,semi-furnished,2,1035,2,8,3,9,12,0,24500
Koregaon Park,apartment,sale,semi-furnished,5,2061,5,19,3,1,19,0,32361500
Viman Nagar,apartment,rent,unfurnished,2,814,2,3,6,2,14,1,46200
Wagholi,apartment,sale,semi-furnished,2,845,2,17,5,0,6,0,4681200
Wakad,house,rent,unfurnished,2,1108,2,13,8,3,9,1,47000
Kharadi,commercial,sale,fully-furnished,0,5833,1,12,6,0,1,1,46581600
Kalyani Nagar,villa,sale,fully-furnished,2,1869,2,31,5,9,23,0,29534700
Aundh,apartment,rent,unfurnished,3,1231,3,29,4,6,12,1,59500
Magarpatta,commercial,rent,unfurnished,0,5039,1,13,7,0,1,0,503100
Wakad,apartment,rent,semi-furnished,4,1777,4,1,3,10,12,1,150700
Kondhwa,apartment,sale,semi-furnished,2,1008,2,6,0,8,18,0,5295000
Pimple Saudagar,plot,sale,semi-furnished,0,3458,1,1,2,0,1,0,19629100
Koregaon Park,commercial,sale,semi-furnished,0,795,1,8,7,0,1,0,9728700
Wakad,apartment,rent,unfurnished,3,1363,3,10,3,1,8,1,62200
Baner,apartment,sale,semi-furnished,3,1382,3,28,6,0,13,1,12852100
Kalyani Nagar,apartment,sale,unfurnished,4,1596,4,2,8,13,14,0,28808300
Balewadi,apartment,rent,semi-furnished,2,760,2,8,7,8,9,0,43200
Pashan,apartment,sale,fully-furnished,2,957,2,23,4,8,15,0,7718000
Kondhwa,apartment,sale,fully-furnished,4,1612,4,4,5,7,14,0,14590100
Baner,apartment,rent,semi-furnished,5,1965,5,16,6,1,9,1,236800
Koregaon Park,apartment,sale,fully-furnished,1,598,1,10,5,6,7,0,11474000
Pimple Saudagar,apartment,sale,semi-furnished,2,839,2,16,5,1,10,0,5046100
Viman Nagar,apartment,sale,unfurnished,3,1445,3,19,5,17,17,1,14247500
Wakad,house,sale,fully-furnished,4,1735,4,14,3,4,5,1,18997600
Wagholi,apartment,rent,semi-furnished,3,1398,3,21,3,3,5,0,55600
Hadapsar,house,rent,semi-furnished,2,807,2,13,3,2,5,0,29300
Koregaon Park,house,sale,unfurnished,3,1772,3,26,8,0,12,0,19654900
Baner,plot,rent,fully-furnished,0,811,1,25,6,0,1,1,41100
Pimple Saudagar,apartment,sale,unfurnished,2,1081,2,26,3,2,5,0,5612500
Chinchwad,house,sale,unfurnished,3,1127,3,23,1,14,18,0,5258100
Pimpri,plot,rent,semi-furnished,0,2898,1,1,3,0,1,0,81400
Pashan,apartment,sale,fully-furnished,2,1033,2,27,5,4,5,0,6281800
Magarpatta,house,rent,semi-furnished,3,1316,3,10,3,3,4,0,78900
Wakad,studio,rent,semi-furnished,1,505,1,7,6,10,12,1,28500
Kothrud,apartment,rent,semi-furnished,2,1268,2,18,9,7,9,1,57100
Wakad,apartment,sale,fully-furnished,3,1385,3,14,5,5,11,1,12465500
Wanowrie,studio,sale,unfurnished,1,464,1,7,4,2,3,0,3368500
Wagholi,apartment,rent,fully-furnished,3,1466,3,23,5,8,11,0,69800
Wakad,villa,sale,unfurnished,2,3900,2,2,6,3,9,1,39751300
Undri,studio,rent,semi-furnished,1,534,1,0,4,2,2,0,12600
Magarpatta,apartment,rent,semi-furnished,2,944,2,26,6,13,15,0,44100
Viman Nagar,apartment,rent,fully-furnished,3,1439,3,16,10,2,13,1,150100
Koregaon Park,apartment,rent,unfurnished,3,1667,3,24,9,2,10,0,134800
Koregaon Park,studio,rent,unfurnished,1,421,1,7,7,2,7,0,30400
Baner,house,rent,semi-furnished,3,1437,3,20,5,7,7,1,110100
Hadapsar,apartment,rent,semi-furnished,3,1026,3,0,2,13,14,0,35700
Balewadi,apartment,sale,fully-furnished,2,1093,2,21,7,8,9,0,9059900
Magarpatta,apartment,sale,unfurnished,2,1002,2,27,3,5,5,0,5532500
Kothrud,villa,rent,fully-furnished,3,2797,3,20,3,2,8,1,507900
Undri,apartment,rent,fully-furnished,4,1259,4,21,2,1,14,0,77400
Koregaon Park,apartment,sale,semi-furnished,1,593,1,29,6,4,4,0,5857800
Viman Nagar,apartment,sale,fully-furnished,2,1122,2,9,7,6,22,1,13374000
Kothrud,villa,rent,fully-furnished,3,2911,3,15,3,2,5,1,470300
Wagholi,apartment,rent,unfurnished,3,1304,3,9,2,6,6,0,38100
Kothrud,house,sale,semi-furnished,3,1243,3,27,2,9,14,1,10382100
Wanowrie,apartment,sale,semi-furnished,2,1015,2,27,2,5,6,0,4452800
Hinjewadi,apartment,sale,semi-furnished,1,669,1,9,0,2,2,1,5296000
Magarpatta,apartment,rent,fully-furnished,5,2295,5,17,5,11,13,0,269500
Pisoli,plot,rent,semi-furnished,0,2780,1,1,0,0,1,0,40700
Pashan,plot,sale,unfurnished,0,983,1,7,5,0,1,0,4735000
Wakad,apartment,sale,semi-furnished,1,673,1,18,3,5,9,1,4756500
Balewadi,commercial,sale,semi-furnished,0,1553,1,7,5,0,1,0,12203700
Wagholi,studio,rent,fully-furnished,1,535,1,28,4,0,4,0,16000
Kothrud,studio,rent,semi-furnished,1,521,1,1,4,1,2,1,26500
Kothrud,house,sale,semi-furnished,1,557,1,21,8,0,2,1,4558200
Hadapsar,apartment,rent,semi-furnished,2,817,2,11,1,4,15,0,21000
Kharadi,apartment,rent,semi-furnished,3,1115,3,13,5,13,14,1,73900
Hadapsar,studio,sale,unfurnished,1,300,1,16,8,3,7,0,1597100
Magarpatta,villa,rent,fully-furnished,3,3358,3,9,6,5,5,0,854600
Baner,studio,rent,semi-furnished,1,556,1,9,1,11,11,1,13800
Pimpri,commercial,sale,semi-furnished,0,4211,1,16,3,0,1,0,19733700
Pimpri,apartment,rent,unfurnished,2,1050,2,13,6,8,8,0,22400
Pisoli,villa,sale,unfurnished,3,3172,3,27,3,5,5,0,16235400
Kothrud,studio,sale,unfurnished,1,499,1,15,8,10,13,1,4328600
Hinjewadi,apartment,sale,fully-furnished,2,1063,2,31,5,2,4,1,9247100
Shivajinagar,apartment,rent,semi-furnished,2,832,2,8,2,6,8,1,48700
Viman Nagar,apartment,rent,fully-furnished,2,851,2,6,8,6,10,1,49600
Wakad,apartment,rent,semi-furnished,3,1430,3,12,6,1,18,1,72400
Koregaon Park,commercial,rent,semi-furnished,0,5934,1,17,7,0,1,0,891100
Pisoli,apartment,sale,semi-furnished,5,2089,5,7,2,0,5,0,14273600
Pimple Saudagar,apartment,rent,semi-furnished,2,1092,2,27,0,5,10,0,35400
Kalyani Nagar,apartment,rent,fully-furnished,2,942,2,31,5,0,9,0,81800
Bavdhan,plot,rent,unfurnished,0,3970,1,19,3,0,1,0,78500
Kharadi,studio,sale,semi-furnished,1,322,1,22,6,3,10,1,2165300
Undri,apartment,rent,fully-furnished,1,390,1,5,2,3,10,0,9700
Hinjewadi,apartment,rent,semi-furnished,1,713,1,1,1,1,12,1,16100
Chinchwad,apartment,sale,fully-furnished,3,1427,3,18,1,0,9,0,9087500
Baner,studio,sale,semi-furnished,1,558,1,12,7,8,19,1,6142400
Bavdhan,villa,rent,unfurnished,3,2429,3,11,2,1,2,0,271400
Aundh,villa,rent,fully-furnished,3,2514,3,11,3,1,13,1,502200
Magarpatta,studio,sale,unfurnished,1,547,1,18,4,4,11,0,3228700
Pimple Saudagar,apartment,sale,fully-furnished,3,1103,3,15,2,9,11,0,10274400
Kothrud,commercial,rent,fully-furnished,0,1603,1,8,9,0,1,1,105200
Baner,apartment,rent,unfurnished,3,1232,3,30,2,10,11,1,67300
Shivajinagar,apartment,rent,unfurnished,2,830,2,7,6,11,12,1,57500
Hadapsar,house,rent,unfurnished,1,489,1,14,5,4,6,0,14400
Pashan,apartment,sale,unfurnished,4,1567,4,25,4,6,14,0,11706700
Kothrud,apartment,sale,fully-furnished,2,1047,2,2,4,7,8,1,12152900
Pashan,villa,rent,semi-furnished,2,2325,2,14,4,5,11,0,352400
Magarpatta,apartment,sale,semi-furnished,2,1158,2,11,2,8,9,0,9839800
Hinjewadi,apartment,rent,fully-furnished,4,1505,4,20,2,7,7,1,106800
Pashan,apartment,rent,fully-furnished,2,968,2,27,3,5,11,0,36700
Kharadi,house,rent,fully-furnished,4,1726,4,9,2,7,9,1,133900
Undri,apartment,sale,fully-furnished,3,1398,3,30,5,9,10,0,8836200
Kothrud,apartment,sale,fully-furnished,2,778,2,15,3,3,7,1,7144100
Hinjewadi,house,sale,semi-furnished,1,827,1,1,5,3,5,1,7879100
Kharadi,apartment,rent,semi-furnished,2,1074,2,16,8,5,7,1,40400
Kharadi,apartment,sale,fully-furnished,4,1399,4,20,3,5,20,1,13796100
Koregaon Park,plot,sale,semi-furnished,0,3365,1,30,8,0,1,0,34509900
Wagholi,studio,rent,unfurnished,1,407,1,21,2,7,10,0,13000
Bavdhan,house,sale,unfurnished,2,1015,2,16,0,3,13,0,6482000
Kothrud,apartment,sale,unfurnished,3,1370,3,5,6,6,12,1,13235100
Koregaon Park,apartment,rent,semi-furnished,2,971,2,10,9,1,3,0,91300
Bavdhan,apartment,rent,unfurnished,3,1081,3,25,1,0,8,0,48400
Wakad,commercial,sale,fully-furnished,0,3744,1,12,3,0,1,1,34331800
Boat Club Road,apartment,sale,semi-furnished,2,1160,2,24,5,0,2,0,11102800
Undri,apartment,sale,semi-furnished,2,937,2,8,5,0,16,0,4758000
Wakad,apartment,sale,semi-furnished,4,1398,4,2,4,1,5,1,13664300
Hinjewadi,house,sale,semi-furnished,3,1035,3,18,0,8,12,1,7235700
Kothrud,apartment,sale,semi-furnished,3,1376,3,21,8,0,4,1,10771800
Bavdhan,house,rent,fully-furnished,1,567,1,24,2,0,4,0,23300
Koregaon Park,apartment,sale,semi-furnished,3,1212,3,19,9,3,8,0,14541800
Koregaon Park,apartment,sale,fully-furnished,2,1053,2,14,7,4,4,0,16015100
Chinchwad,house,rent,semi-furnished,1,933,1,4,2,18,26,0,15900
Viman Nagar,apartment,sale,semi-furnished,3,1218,3,5,9,6,8,1,16402000
Wakad,house,rent,unfurnished,2,1297,2,10,4,11,11,1,51400
Aundh,apartment,rent,semi-furnished,2,988,2,10,6,3,10,1,31600
Koregaon Park,apartment,sale,unfurnished,1,850,1,7,5,4,10,0,8937600
Baner,apartment,sale,fully-furnished,2,1207,2,3,4,1,8,1,12419400
Balewadi,apartment,sale,unfurnished,2,996,2,16,2,2,9,0,6560500
Baner,house,rent,fully-furnished,3,1394,3,31,1,7,15,1,106000
Bavdhan,commercial,rent,semi-furnished,0,4869,1,16,1,0,1,0,446000
Hinjewadi,apartment,sale,fully-furnished,2,944,2,1,4,19,20,1,8911100
Kalyani Nagar,apartment,sale,fully-furnished,2,1024,2,19,5,7,11,0,13870900
Balewadi,villa,rent,fully-furnished,4,1728,4,29,4,6,13,0,622300
Koregaon Park,apartment,rent,fully-furnished,5,1788,5,5,6,10,11,0,354600
Pimple Saudagar,apartment,rent,semi-furnished,2,1273,2,2,0,1,6,0,34000
Pimpri,apartment,sale,unfurnished,1,799,1,7,0,1,15,0,4040400
Baner,house,rent,semi-furnished,3,1367,3,26,4,4,10,1,82900
Wagholi,plot,rent,fully-furnished,0,4582,1,5,2,0,1,0,118300
Pimpri,apartment,rent,fully-furnished,3,1467,3,2,0,4,4,0,61400
Hinjewadi,apartment,sale,semi-furnished,3,1324,3,29,2,2,3,1,7633900
Chinchwad,apartment,sale,fully-furnished,1,644,1,7,4,7,11,0,3834600
Wakad,apartment,rent,unfurnished,2,1292,2,15,10,2,15,1,35200
Balewadi,apartment,sale,semi-furnished,2,1108,2,1,5,4,8,0,11652200
Kalyani Nagar,apartment,sale,semi-furnished,1,897,1,16,9,2,5,0,11309100
Undri,studio,rent,unfurnished,1,318,1,24,4,12,15,0,9300
Baner,apartment,rent,semi-furnished,3,1399,3,17,8,15,16,1,80800
Undri,apartment,sale,semi-furnished,3,1232,3,27,2,2,14,0,6027600
Aundh,house,sale,semi-furnished,1,625,1,25,0,4,13,1,3193800
Kothrud,villa,sale,fully-furnished,3,3046,3,8,2,4,15,1,37710800
Kothrud,villa,sale,semi-furnished,2,3897,2,5,5,1,7,1,40548700
Hinjewadi,apartment,sale,semi-furnished,3,1248,3,13,3,3,4,1,10458400
Magarpatta,apartment,rent,unfurnished,2,1214,2,3,5,9,11,0,38400
Aundh,villa,rent,semi-furnished,4,1278,4,26,1,7,11,1,118200
Wagholi,apartment,sale,semi-furnished,4,1210,4,1,0,0,11,0,7815200
Viman Nagar,house,rent,fully-furnished,2,736,2,25,9,8,16,1,40700
Baner,apartment,rent,semi-furnished,3,1315,3,6,5,10,13,1,74200
Hadapsar,apartment,rent,unfurnished,5,1848,5,8,2,4,10,0,125600
Wagholi,apartment,sale,semi-furnished,1,577,1,27,5,16,16,0,2364600
Wagholi,apartment,rent,semi-furnished,2,881,2,2,0,8,10,0,21900
Pimpri,commercial,rent,semi-furnished,0,2155,1,11,0,0,1,0,140800
Chinchwad,apartment,sale,fully-furnished,2,1213,2,0,1,10,11,0,10763000
Kothrud,house,rent,semi-furnished,2,622,2,24,4,6,16,1,22200
Hinjewadi,apartment,rent,unfurnished,3,1306,3,15,4,5,12,1,76700
Balewadi,apartment,sale,unfurnished,4,1741,4,24,6,9,13,0,14947800
Kalyani Nagar,studio,rent,unfurnished,1,631,1,12,10,9,10,0,32600
Baner,apartment,sale,semi-furnished,4,1858,4,23,8,3,9,1,21754100
Wakad,villa,rent,fully-furnished,2,3390,2,21,5,2,7,1,196000
Kalyani Nagar,apartment,sale,semi-furnished,4,1590,4,21,6,0,6,0,19934600
Kothrud,apartment,sale,unfurnished,3,1524,3,21,4,8,12,1,12809400
Hinjewadi,plot,rent,unfurnished,0,1518,1,2,0,0,1,1,34500
Baner,apartment,sale,semi-furnished,5,1745,5,23,7,5,10,1,18046700
Kondhwa,apartment,rent,semi-furnished,2,1389,2,2,0,1,5,0,21800
Pimple Saudagar,villa,sale,unfurnished,4,1200,4,28,4,8,16,0,8108000
Magarpatta,house,rent,semi-furnished,3,1595,3,8,1,11,15,0,74300
Kondhwa,apartment,sale,semi-furnished,4,1430,4,30,1,14,16,0,7421100
Wagholi,apartment,sale,unfurnished,2,658,2,1,0,3,7,0,3431900
Pisoli,apartment,sale,semi-furnished,3,1269,3,17,4,4,5,0,6366000
Baner,apartment,rent,fully-furnished,5,2100,5,12,4,1,10,1,263900
Pimple Saudagar,plot,sale,semi-furnished,0,4173,1,11,2,0,1,0,22728800
Wanowrie,plot,sale,semi-furnished,0,3965,1,12,2,0,1,0,19785400
Viman Nagar,apartment,sale,fully-furnished,3,1335,3,10,5,7,9,1,16671000
Kothrud,apartment,sale,fully-furnished,2,698,2,0,3,4,11,1,7067900
Baner,plot,sale,unfurnished,0,2603,1,3,6,0,1,1,18771800
Wakad,studio,sale,semi-furnished,1,437,1,16,4,9,12,1,4412800
Kothrud,house,sale,fully-furnished,2,825,2,12,0,7,13,1,8215400
Bavdhan,house,rent,semi-furnished,2,1035,2,8,3,0,17,0,44600
Kothrud,apartment,sale,semi-furnished,3,1140,3,23,1,3,9,1,9563600
Shivajinagar,apartment,rent,semi-furnished,2,992,2,15,5,9,12,1,40600
Baner,apartment,rent,semi-furnished,4,1707,4,16,10,0,11,1,163000
Shivajinagar,commercial,sale,fully-furnished,0,5309,1,3,9,0,1,1,107245900
Wanowrie,villa,rent,fully-furnished,3,3399,3,2,2,1,9,0,741900
Baner,house,rent,fully-furnished,1,745,1,20,3,2,13,1,22900
Pimple Saudagar,plot,sale,semi-furnished,0,741,1,23,3,0,1,0,3311900
Kothrud,plot,sale,fully-furnished,0,2208,1,10,6,0,1,1,12047000
Bavdhan,apartment,sale,fully-furnished,2,532,2,29,4,5,9,0,3880600
Hinjewadi,apartment,rent,semi-furnished,5,2092,5,27,2,1,11,1,213200
Kothrud,commercial,sale,semi-furnished,0,844,1,27,4,0,1,1,4329100
Chinchwad,villa,sale,unfurnished,1,1742,1,26,1,6,8,0,10230900
Wagholi,apartment,sale,fully-furnished,2,975,2,21,3,9,15,0,5786800
Balewadi,commercial,rent,unfurnished,0,5638,1,14,7,0,1,0,479700
Baner,studio,sale,semi-furnished,1,633,1,2,3,0,11,1,5669400
Wakad,studio,rent,fully-furnished,1,450,1,16,7,6,10,1,24100
Chinchwad,house,rent,fully-furnished,2,987,2,21,2,5,7,0,25700
Koregaon Park,apartment,rent,unfurnished,4,1676,4,6,8,9,10,0,211400
Wakad,villa,sale,semi-furnished,4,2003,4,9,3,9,11,1,20402900
Wanowrie,apartment,rent,fully-furnished,2,1143,2,27,4,6,10,0,39700
Balewadi,studio,sale,fully-furnished,1,431,1,3,2,5,10,0,4398800
Kharadi,villa,rent,semi-furnished,3,2880,3,22,1,0,10,1,487800
Magarpatta,villa,sale,semi-furnished,2,2396,2,22,5,0,6,0,14314900
Kothrud,apartment,sale,fully-furnished,3,1198,3,10,3,3,12,1,13974100
Viman Nagar,apartment,rent,fully-furnished,3,1349,3,18,4,11,18,1,107800
Koregaon Park,house,sale,unfurnished,2,1078,2,23,8,2,12,0,8909800
Balewadi,villa,rent,fully-furnished,2,2903,2,22,4,6,9,0,729000
Magarpatta,commercial,sale,semi-furnished,0,992,1,20,4,0,1,0,7116000
Undri,apartment,sale,fully-furnished,2,1217,2,30,1,2,14,0,5983300
Kharadi,house,rent,unfurnished,2,949,2,8,4,2,9,1,35700
Aundh,commercial,sale,fully-furnished,0,2238,1,2,5,0,1,1,22668300
Pimpri,apartment,sale,semi-furnished,3,1379,3,2,2,0,5,0,10789600
Wagholi,villa,rent,semi-furnished,3,2646,3,4,3,1,2,0,164000
Wagholi,apartment,sale,semi-furnished,3,1214,3,0,0,2,5,0,6948500
Hinjewadi,commercial,rent,semi-furnished,0,1121,1,5,4,0,1,1,98400
Hinjewadi,apartment,rent,semi-furnished,2,1023,2,23,0,2,13,1,24500
Magarpatta,plot,rent,fully-furnished,0,4926,1,17,3,0,1,0,184900
Kharadi,house,sale,semi-furnished,1,280,1,8,6,10,11,1,2593500
Pisoli,house,sale,semi-furnished,4,1650,4,0,0,5,15,0,10976700
Baner,villa,sale,semi-furnished,4,3209,4,12,6,5,12,1,54470500
Baner,apartment,sale,semi-furnished,5,1924,5,1,4,5,6,1,31677600
Baner,studio,sale,fully-furnished,1,361,1,3,4,5,7,1,4776000
Chinchwad,apartment,sale,semi-furnished,4,1721,4,28,4,9,10,0,9088900
Viman Nagar,apartment,sale,fully-furnished,2,1049,2,24,3,1,15,1,9895700
Balewadi,villa,sale,semi-furnished,4,2894,4,29,8,3,9,0,24090100
Hadapsar,commercial,rent,unfurnished,0,1372,1,14,3,0,1,0,127000
Chinchwad,plot,sale,semi-furnished,0,2387,1,21,4,0,1,0,7785800
Wagholi,plot,sale,semi-furnished,0,4196,1,17,4,0,1,0,16926800
Magarpatta,apartment,sale,fully-furnished,4,1689,4,30,2,5,12,0,13848300
Viman Nagar,apartment,rent,unfurnished,2,1305,2,4,5,1,13,1,69400
Pimpri,apartment,sale,fully-furnished,4,1581,4,27,7,3,5,0,11143300
Aundh,apartment,sale,unfurnished,3,1410,3,0,5,5,6,1,17927800
Aundh,house,rent,unfurnished,2,1000,2,30,6,9,9,1,47400
Shivajinagar,plot,sale,semi-furnished,0,1665,1,28,7,0,1,1,9810600
Kharadi,house,sale,semi-furnished,3,1366,3,20,6,4,8,1,12481800
Kothrud,apartment,sale,semi-furnished,5,1984,5,10,7,9,15,1,30961000
Kharadi,apartment,rent,semi-furnished,4,1602,4,23,6,4,6,1,112900
Viman Nagar,villa,sale,unfurnished,4,2224,4,28,10,0,12,1,22633700
Wagholi,studio,sale,semi-furnished,1,337,1,16,5,5,13,0,1641900
Pimple Saudagar,apartment,rent,fully-furnished,2,1151,2,6,3,4,7,0,52200
Kothrud,apartment,sale,semi-furnished,2,803,2,9,6,1,7,1,8159100
Camp,apartment,sale,unfurnished,3,1280,3,14,5,6,7,0,12566500
Magarpatta,apartment,sale,fully-furnished,2,1224,2,12,6,0,6,0,11472400
Hinjewadi,apartment,sale,unfurnished,2,1106,2,30,4,2,13,1,6023100
Hinjewadi,apartment,rent,unfurnished,1,591,1,12,2,4,8,1,13300
Hinjewadi,villa,rent,unfurnished,2,2608,2,15,2,1,8,1,592000
Viman Nagar,plot,rent,unfurnished,0,4650,1,2,3,0,1,1,125200
Kothrud,apartment,rent,unfurnished,2,1101,2,3,8,0,3,1,45000
Hinjewadi,apartment,rent,semi-furnished,3,1141,3,6,1,2,2,1,69100
Wanowrie,apartment,sale,fully-furnished,3,1246,3,11,3,0,18,0,9807300
Viman Nagar,villa,sale,semi-furnished,3,3245,3,20,3,0,18,1,40362500
Camp,apartment,rent,semi-furnished,2,1152,2,4,9,8,18,0,21300
Kalyani Nagar,house,sale,fully-furnished,2,1120,2,24,10,3,5,0,12573500
Kondhwa,apartment,rent,fully-furnished,3,1760,3,1,1,8,9,0,64500
Hadapsar,studio,sale,semi-furnished,1,506,1,28,3,8,16,0,2272700
Baner,apartment,rent,unfurnished,2,886,2,25,2,6,6,1,33000
Wakad,apartment,sale,unfurnished,3,1160,3,27,6,13,13,1,7488800
Pimple Saudagar,house,rent,fully-furnished,3,1682,3,29,4,1,10,0,88700
Baner,apartment,sale,semi-furnished,4,1598,4,19,1,2,15,1,13431700
Bavdhan,apartment,sale,unfurnished,4,1585,4,13,0,5,18,0,11784500
Bavdhan,commercial,rent,semi-furnished,0,954,1,20,8,0,1,0,130600
Hadapsar,apartment,sale,unfurnished,4,1833,4,17,4,2,8,0,10162800
Pimple Saudagar,apartment,sale,fully-furnished,2,954,2,30,2,3,7,0,7002600
Wakad,studio,rent,semi-furnished,1,418,1,11,6,4,6,1,24300
Shivajinagar,studio,rent,semi-furnished,1,499,1,30,8,3,8,1,29700
Pimple Saudagar,plot,sale,semi-furnished,0,4733,1,20,0,0,1,0,19514300
Hinjewadi,apartment,sale,unfurnished,2,695,2,19,2,2,2,1,5327400
Magarpatta,apartment,rent,semi-furnished,2,507,2,11,5,4,4,0,22500
Koregaon Park,apartment,sale,unfurnished,2,797,2,7,7,18,19,0,11360200
Aundh,apartment,sale,unfurnished,2,1050,2,30,6,2,4,1,7039300
Bavdhan,villa,rent,semi-furnished,2,2128,2,17,3,1,14,0,290800
Kondhwa,apartment,sale,semi-furnished,3,1497,3,4,3,6,8,0,11790200
Undri,house,rent,unfurnished,2,1095,2,12,3,1,9,0,28500
Pisoli,house,sale,unfurnished,2,984,2,12,2,11,11,0,5376700
Shivajinagar,house,sale,fully-furnished,2,870,2,29,5,10,12,1,7307600
Viman Nagar,apartment,rent,unfurnished,2,951,2,1,4,6,7,1,44100
Kondhwa,apartment,rent,fully-furnished,2,938,2,13,2,4,7,0,28900
Kharadi,apartment,sale,unfurnished,3,1152,3,23,2,11,13,1,8851200
Camp,studio,sale,fully-furnished,1,478,1,7,5,3,13,0,6677400
Hadapsar,plot,rent,semi-furnished,0,883,1,6,5,0,1,0,28500
Undri,apartment,sale,semi-furnished,3,1210,3,10,3,3,5,0,6840300
Hadapsar,studio,rent,unfurnished,1,511,1,0,0,7,20,0,12800
Aundh,apartment,sale,unfurnished,2,1049,2,11,6,0,14,1,9719400
Magarpatta,apartment,sale,semi-furnished,2,1171,2,4,6,4,12,0,11415300
Undri,house,rent,unfurnished,1,682,1,29,5,8,13,0,10700
Pimpri,apartment,sale,semi-furnished,2,1016,2,0,6,1,6,0,7364700
Baner,apartment,rent,semi-furnished,4,2004,4,21,6,15,16,1,169600
Kharadi,apartment,sale,fully-furnished,2,1189,2,29,3,1,5,1,8721000
Shivajinagar,house,sale,semi-furnished,3,1130,3,26,6,8,10,1,12122700
Kondhwa,apartment,rent,unfurnished,4,1273,4,4,1,2,9,0,65000
Kharadi,apartment,sale,fully-furnished,2,990,2,29,7,3,9,1,6234600
Baner,apartment,rent,unfurnished,2,923,2,14,4,10,12,1,32900
Hinjewadi,studio,sale,unfurnished,1,492,1,28,5,0,5,1,2508800
Viman Nagar,apartment,sale,semi-furnished,2,599,2,14,4,10,10,1,7421000
Baner,villa,rent,semi-furnished,3,2507,3,24,5,1,2,1,594100
Pashan,apartment,rent,semi-furnished,3,1267,3,13,5,1,10,0,81600
Wagholi,studio,sale,semi-furnished,1,461,1,26,2,1,16,0,1769900
Hinjewadi,studio,sale,fully-furnished,1,555,1,0,2,6,12,1,5583000
Baner,plot,sale,unfurnished,0,3920,1,17,3,0,1,1,23680100
Shivajinagar,apartment,sale,fully-furnished,2,752,2,21,10,0,12,1,7274500
Hinjewadi,plot,sale,unfurnished,0,4528,1,9,3,0,1,1,19365000
Wanowrie,apartment,rent,fully-furnished,2,1019,2,29,3,9,11,0,22000
Kalyani Nagar,apartment,sale,unfurnished,3,1162,3,0,8,2,6,0,15910900
Kharadi,commercial,sale,fully-furnished,0,3591,1,25,8,0,1,1,38237000
Pimple Saudagar,villa,sale,unfurnished,2,3528,2,23,0,8,20,0,23537000
Aundh,house,sale,fully-furnished,1,757,1,10,7,8,14,1,8711800
Chinchwad,studio,sale,fully-furnished,1,393,1,17,5,9,9,0,2205800
Hinjewadi,apartment,sale,unfurnished,3,1503,3,22,1,7,7,1,9038800
Hinjewadi,apartment,sale,semi-furnished,2,955,2,16,1,7,8,1,6793800
Kothrud,house,rent,fully-furnished,3,1172,3,13,3,1,5,1,72700
Hadapsar,apartment,sale,fully-furnished,3,1388,3,3,3,1,13,0,10599000
Chinchwad,apartment,rent,semi-furnished,2,1059,2,8,4,6,6,0,28200
Hinjewadi,plot,rent,fully-furnished,0,2079,1,4,4,0,1,1,85900
Undri,apartment,sale,fully-furnished,3,1247,3,21,5,14,16,0,7594600
Wakad,apartment,rent,semi-furnished,2,908,2,15,3,12,12,1,30400
Hinjewadi,villa,sale,unfurnished,3,2358,3,4,0,9,10,1,24678000
Pisoli,studio,rent,semi-furnished,1,485,1,24,3,1,9,0,14500
Hinjewadi,apartment,rent,semi-furnished,1,627,1,4,0,4,12,1,23200
Viman Nagar,house,rent,semi-furnished,2,835,2,29,9,11,12,1,51100
Kharadi,house,sale,unfurnished,1,777,1,24,4,0,2,1,3633700
Magarpatta,apartment,sale,unfurnished,2,1254,2,15,3,0,2,0,7758300
Koregaon Park,apartment,sale,fully-furnished,3,1551,3,28,10,6,8,0,23421500
Kharadi,villa,sale,semi-furnished,3,2192,3,5,4,0,8,1,17020500
Wagholi,apartment,sale,unfurnished,2,782,2,11,1,0,2,0,2634300
Kharadi,villa,rent,semi-furnished,3,2860,3,10,3,6,10,1,768500
Kothrud,studio,sale,fully-furnished,1,464,1,12,6,1,2,1,5463000
Chinchwad,apartment,sale,semi-furnished,3,1133,3,11,1,1,13,0,7343000
Kharadi,apartment,rent,unfurnished,3,1358,3,4,4,4,7,1,71700
Wagholi,apartment,rent,unfurnished,2,1168,2,5,3,2,2,0,16600
Aundh,studio,rent,fully-furnished,1,649,1,3,3,3,6,1,25800
Wakad,commercial,rent,semi-furnished,0,5006,1,19,5,0,1,1,630100
Wakad,apartment,sale,unfurnished,2,921,2,29,0,6,11,1,5550900
Undri,house,sale,fully-furnished,3,1401,3,0,1,12,15,0,12226300
Hinjewadi,house,sale,semi-furnished,3,1161,3,6,2,1,10,1,9535200
Wakad,studio,sale,semi-furnished,1,501,1,15,4,3,14,1,4110100
Kalyani Nagar,apartment,rent,semi-furnished,3,1494,3,31,8,5,10,0,116900
Camp,apartment,rent,semi-furnished,2,675,2,13,4,9,9,0,34700
Pashan,apartment,rent,fully-furnished,4,1414,4,1,4,7,9,0,118500
Chinchwad,plot,rent,unfurnished,0,734,1,25,6,0,1,0,24600
Kondhwa,commercial,sale,unfurnished,0,3655,1,14,6,0,1,0,19850400
Undri,commercial,rent,fully-furnished,0,1151,1,8,3,0,1,0,58000
Aundh,apartment,sale,semi-furnished,2,895,2,29,3,9,12,1,7417300
Wakad,apartment,rent,unfurnished,2,826,2,24,5,8,9,1,44000
Viman Nagar,commercial,sale,semi-furnished,0,4831,1,26,6,0,1,1,63968100
Baner,plot,rent,semi-furnished,0,2749,1,30,6,0,1,1,73800
Wakad,house,rent,semi-furnished,2,766,2,12,3,6,6,1,44100
Pisoli,apartment,sale,semi-furnished,4,1419,4,12,2,14,19,0,8875500
Magarpatta,apartment,rent,semi-furnished,3,1133,3,14,1,6,20,0,62600
Pisoli,house,sale,semi-furnished,5,1770,5,29,1,15,15,0,10320900
Pashan,apartment,sale,fully-furnished,2,1178,2,4,7,4,8,0,11859700
Kothrud,apartment,rent,unfurnished,2,754,2,13,10,4,6,1,35800
Hinjewadi,apartment,rent,semi-furnished,3,1055,3,21,0,11,13,1,53300
Baner,apartment,sale,fully-furnished,1,650,1,14,4,1,6,1,5038600
Wakad,villa,rent,semi-furnished,2,3068,2,29,3,9,12,1,600400
Kalyani Nagar,apartment,rent,fully-furnished,2,1323,2,24,6,13,16,0,113100
Magarpatta,plot,sale,semi-furnished,0,2547,1,11,5,0,1,0,19155700
Wakad,apartment,sale,semi-furnished,3,1448,3,15,5,5,6,1,12361600
Chinchwad,apartment,rent,semi-furnished,3,1387,3,7,3,6,6,0,45300
Aundh,apartment,rent,unfurnished,2,867,2,2,3,15,20,1,40100
Kharadi,villa,sale,semi-furnished,1,4152,1,24,3,1,3,1,33334200
Baner,apartment,rent,semi-furnished,2,1026,2,31,5,0,11,1,54700
Kalyani Nagar,villa,sale,unfurnished,2,3697,2,0,7,3,13,0,62351400
Undri,studio,sale,fully-furnished,1,592,1,28,1,5,16,0,2313900
Kothrud,apartment,sale,unfurnished,3,1576,3,11,3,1,2,1,14062600
Hinjewadi,apartment,rent,fully-furnished,2,910,2,28,4,0,5,1,38200
Wakad,apartment,rent,fully-furnished,4,1850,4,8,5,0,6,1,147100
